"","ID","PostScore","PreScore","Gain","SelfEfficacy_S","TaskValue","MasteryGoals_S","X","Gender","SelfEfficacy_P","PerfAvGoals","PerfAppGoals","MasteryGoals_P","Average.of.RTc","Average.of.EFF","Average.of.ACC","Per.Correct","Eff2"
"1","4219",6,9.5,-3.5,0.953037689838461,0.638761827002126,0.801924904308406,10,"Male",0.873325531293372,1.87634492856979,2.52886611802787,0.813236680679217,6.72,"113.51",0.86,86.11,"12.81"
"2","4224",8,3.5,4.5,0.474840408521373,0.730542383693024,0.405166031713342,14,"Female",0.67256142208307,0.0815648930967104,0.723576512336612,0.481911450742993,3.29,"132.66",0.77,76.85,"23.33"
"3","4229",10,9,1,0.802374404068098,0.61722915574693,0.720077852034181,11,"Female",0.873325531293372,1.87634492856979,2.52886611802787,0.813236680679217,2.23,"113.95",0.94,94.44,"42.36"
"4","4230",14,8.5,5.5,0.686539394710546,-0.0237900973337525,0.116714666538499,6,"Female",0.335040755637941,1.62769710636205,1.50846717672557,-2.28953483846546,1.57,"141.13",0.78,77.67,"49.59"
"5","4232",12,8,4,-0.348143842107694,-0.184277140063436,-0.582495073826959,3,"Male",-0.0408105564902513,0.0188828425344839,0.598636322116305,0.160526932103102,1.13,"151.56",0.79,78.7,"69.68"
"6","4235",8,4,4,0.0361721775187011,0.553029251552611,-0.0842970416074171,5,"Male",0.445339296420164,1.02535583192753,1.36671029149979,0.437380344131178,3.18,"90.39",0.94,93.52,"29.40"
"7","4236",7,7,0,-0.263286975128472,-0.328273854713412,-0.351045695804974,12,"Male",0.597348684908363,0.589297801636416,2.08873157542945,0.441562334998352,3.05,"138.57",0.86,86.11,"28.21"
"8","4243",12,14,-2,-0.749907916457744,-0.625621943722691,-0.735907246748708,52,"Female",-0.138096436763386,0.288855292936579,-0.370803688751916,-0.0399634336990352,0.76,"153.79",0.73,73.15,"96.69"
"9","4245",11,15,-4,0.151564931973474,-0.209826443191824,-0.122239911969724,217,"Female",0.705227810261911,0.689929294491062,-0.516726343608092,0.585131951317978,1.16,"141.52",0.94,93.52,"80.40"
"10","4248",12,11,1,0.745476473927389,1.5909982438411,1.36222950867296,61,"Female",0.545688568258832,-0.559327242864812,-0.590393335492382,0.579111616022919,1.33,"312.89",0.97,96.7,"72.65"
"11","4249",14.5,12.5,2,0.280391990973354,0.432898796121084,-0.112266854848964,57,"Female",0.524920356259804,0.22598995298855,0.653257547863895,0.584231441764766,1.05,"111.66",0.9,90.48,"85.94"
"12","4258",7,11.5,-4.5,0.358873931985302,0.687439243211214,0.339289278109703,56,"Male",-0.0029234453961211,1.85539410516016,2.52591493262888,0.26498808369456,2.12,"51.13",1,100,"47.27"
"13","4260",10,9.5,0.5,0.904591882074446,0.674698515976651,0.595245686221626,59,"Male",0.44336378706682,-0.441008802618964,-0.943600955610196,0.283708024945502,0.8,"132.35",0.91,90.63,"113.19"
"14","4268",13,11.5,1.5,-0.580824502939199,0.448940952732117,0.174712011359767,55,"Female",-0.451579014716395,0.457602953040415,-0.688190412519296,-0.726379560648385,1.25,"103.25",0.87,87.04,"69.68"
"15","4269",6.5,7.5,-1,0.130733989100461,-0.618854185444935,-0.470305837414155,60,"Female",-0.00182464231045384,1.47010716410381,0.979038663614712,-0.146841356041488,1.26,"82.75",0.95,95.37,"75.90"
"16","4271",15,13,2,-0.721835990554469,0.331540610005914,0.270438823193712,53,"Male",0.572990771798311,-0.10486101207496,-0.476293468322293,0.451617091761575,0.87,"125.28",0.84,84.26,"97.17"
"17","4278",11,11.5,-0.5,-1.38494783870398,-1.02189189721183,-1.26657100231673,83,"Male",-0.653783004453549,-1.27787411154245,-1.34255412310995,-1.185420955202,1.19,"95.21",0.94,94.44,"79.30"
"18","4279",14,24,-10,-0.214739978851278,-0.572131714432498,-0.564780056397408,215,"Female",0.842979860496494,1.5639861938063,1.78488140614285,0.636997674909348,1.29,"144.76",0.84,84.26,"65.28"
"19","4279",14,24,-10,-0.214739978851278,-0.572131714432498,-0.564780056397408,213,"Male",0.630566220664646,0.838424581064218,0.250032049442146,0.738492656312629,1.29,"144.76",0.84,84.26,"65.28"
"20","4281",14,24.5,-10.5,-0.442337292864612,-0.386076326912212,-0.663830931466632,216,"Female",-0.401338265005285,1.5332248804964,1.28933478825811,0.375420776378013,0.6,"181.62",0.79,78.7,"131.41"
"21","4281",14,24.5,-10.5,-0.442337292864612,-0.386076326912212,-0.663830931466632,264,"Male",-0.352118180805763,1.20752646968376,1.79718199682643,-0.351579000675724,0.6,"181.62",0.79,78.7,"131.41"
"22","4288",13,12,1,0.363219147716418,0.452269502979852,0.161340004866546,64,"Male",0.433009281265438,-0.0637019093571029,-0.840902730500098,0.213286737571282,0.85,"137.19",0.9,89.81,"105.44"
"23","4290",14,14,0,0.430969557599359,-0.40567993141498,-0.344655466496052,62,"Male",0.583337893374797,-0.285309483659167,-0.687818749292122,-0.0500392120596907,1.32,"80.64",0.97,96.81,"73.14"
"24","4295",15,12.5,2.5,-1.58811169953988,-1.26625176937557,-1.32947430903644,278,"Male",0.796713477745096,-0.712505030614472,-0.927654884186059,0.444629833768844,0.52,"218.20",0.79,78.7,"152.43"
"25","4297",6,5.5,0.5,-0.413158794114572,-0.13148160886611,-0.41256139314321,352,"Male",-0.406873597555026,0.971315000617392,0.0359314042659007,-0.311961507642692,1.16,"214.18",0.77,76.85,"66.34"
"26","4299",8,4,4,0.633583685736248,0.454355905415973,0.470520093331489,80,"Male",0.486447376480289,1.26413641647092,1.93889932263384,-0.0627853682648002,1.25,"86.71",0.94,93.52,"75.04"
"27","4301",8,10,-2,0.270483439948366,0.721315257643493,0.88070146174803,78,"Female",0.819421311694355,0.864473229655242,0.50345112503725,0.509585597573583,0.82,"120.95",0.94,94.44,"114.91"
"28","4302",13,4,9,0.0345619374546861,0.117000746462703,0.172822423631482,82,"Female",-0.437282526970837,0.507980485915767,0.593790200598682,0.0663670175611163,1.91,"69.40",0.97,97.22,"50.90"
"29","4304",9,9,0,0.572292138010805,0.139270847466489,-0.0299653266487276,67,"Male",-0.341169617536764,0.961415853716455,0.995523526559671,0.255458711423843,0.76,"240.26",0.73,73.15,"96.00"
"30","4305",6,7,-1,-0.978025117375462,-1.1286292234876,-1.3373098484224,262,"Female",-1.31503253579444,0.76062488297438,0.758523937622537,-1.3551747988427,0.72,"190.46",0.8,79.59,"109.94"
"31","4309",14,9,5,1.07270878735664,1.66868000970944,1.51851968395739,81,"Male",0.860060534954206,-0.222376717843605,-0.499337357299385,0.787082539475132,0.71,"148.77",0.88,87.96,"123.33"
"32","4313",10,9,1,-1.18534497235259,-0.531742932274219,-1.07106707749661,71,"Female",-0.895731710682474,-0.725299376436552,-0.636570339206245,-1.00275660356619,0.89,"159.53",0.81,80.77,"91.00"
"33","4314",13,7,6,-0.456644063670858,-0.836322367273973,-0.153763586495955,261,"Male",0.0113970493349265,-0.802312505554219,-0.341595659780522,0.273135999324877,0.87,"114.74",0.92,91.67,"105.79"
"34","4315",12,12.5,-0.5,0.795456711544383,0.357808400758434,0.681336661989372,72,"Male",0.860133259274234,-0.240710624988497,-0.572342721127945,0.786405032044714,1.08,"120.10",0.93,92.59,"85.71"
"35","4319",7.5,8,-0.5,-0.0265168891451449,-0.000901389122077116,0.110506759456352,73,"Female",-0.108270965893961,1.30711123566408,1.86033160988073,0.290278716721337,1.69,"136.21",0.35,35.19,"20.79"
"36","4321",7,7,0,-0.587934718090992,-0.251741253752719,-0.450265061721293,65,"Female",-0.162550137302525,-1.07648552066528,-1.43396589682066,-0.396436694838706,0.61,"188.15",0.77,76.85,"125.29"
"37","4322",13,5.5,7.5,-0.130085572575847,1.0161328293899,0.432394380628469,70,"Female",-0.597012490935292,0.463568032175861,-0.470422568177146,-0.191231163767274,0.69,"184.00",0.81,81.48,"118.61"
"38","4324",16,15.5,0.5,0.87805997868235,1.62219915894392,1.42605035728981,93,"Male",0.622890884426288,0.297098750660143,0.518917550519093,0.741874390373232,1.76,"54.73",0.97,97.22,"55.31"
"39","4327",14,12,2,0.108996975580748,0.320022329539057,0.521895081981912,88,"Male",0.567166458450869,0.728466668157585,0.976346681101731,0.406623886808046,0.6,"183.43",0.92,91.67,"151.90"
"40","4328",14,14,0,0.648404680842298,0.16688989821779,0.610246971050213,92,"Male",0.385972580001313,-1.56366708892896,-1.24745032953996,-0.542336011945395,0.71,"167.59",0.83,83.33,"116.92"
"41","4335",3.5,11,-7.5,-0.232808521875931,-0.508982459516202,-0.712585217902826,218,"Female",-0.696916065021996,1.11536198179488,0.799725550349495,-0.471184153130053,0.56,"199.29",0.85,85.19,"152.40"
"42","4339",11,7,4,-0.426108041932134,-0.0556342505645581,-0.149667329201804,99,"Female",0.294750541017494,-0.319331116623713,-0.290191354897715,-0.0734657937554166,0.7,"146.13",0.93,92.59,"132.65"
"43","4341",15,11,4,0.83041875196488,0.302942965686861,0.0542985291056531,214,"Male",0.494436234407907,1.12129555369339,-0.458051717899582,0.0990278718433831,0.52,"209.79",0.89,88.89,"169.95"
"44","4342",14,14.5,-0.5,0.361999566881415,0.335980216875991,0.149432483587539,114,"Female",-0.165638044079324,-0.587823007020352,-1.3343996712238,0.272936568242214,1.63,"59.81",0.98,98.15,"60.14"
"45","4343",10,5,5,0.905860359831737,1.3799408397998,1.32094432347919,91,"Female",0.804743131478775,-0.572196517641235,-1.33803658436858,0.467190780471389,0.79,"139.78",0.8,79.63,"101.13"
"46","4344",14,14,0,0.827407366708281,-0.24699243702347,-0.0145872472748257,211,"Female",0.776528197157832,-0.446116246571131,-1.19784157042244,0.301014403446951,0.42,"244.04",0.88,87.96,"211.19"
"47","4348",8,9,-1,0.299597022173911,-0.32521969816738,0.175342879393686,94,"Female",0.620101068179873,0.0464179122280188,0.454731441102915,0.741620220374731,1.31,"112.58",0.93,92.59,"70.94"
"48","4350",14,10,4,0.208464943298435,-0.903750578068908,-0.573021472638714,224,"Male",-0.764850982439408,0.617335936988275,-0.00918791021365829,-0.443373745966877,0.54,"208.71",0.78,77.78,"144.35"
"49","4352",1,14,-13,1.49393723272216,1.78710362032207,1.74608829772361,106,"Male",-0.0371285469926332,0.884986743310834,-0.0066523903697071,0.272230837866357,0.74,"167.16",0.88,87.74,"118.57"
"50","4355",13,14.5,-1.5,-0.55430401626199,-1.05036462943196,-0.70464335240724,112,"Male",-1.10138857858689,0.277344514252278,-0.322476131775254,-0.442544996209073,0.9,"98.95",0.96,96.3,"107.28"
"51","4356",9,10,-1,-0.269738975003511,-0.0401134454470183,0.0968465945543675,110,"Male",-0.274666355999188,1.26186400671473,1.19838542860267,0.366661353225511,2.84,"44.29",0.98,98.15,"34.56"
"52","4359",15,15,0,0.236932793914655,-0.336042530954863,0.254342386336733,105,"Male",0.18608539584252,-0.676264314841941,-0.372863360638471,-0.14922106858761,1.6,"97.43",0.94,93.52,"58.27"
"53","4360",8,9.5,-1.5,-0.803470515866604,-1.61001790473362,-1.36451284932272,222,"Male",-0.160454783345818,0.863188032439973,-0.116066985000906,-0.990139152607411,0.98,"189.54",0.91,90.74,"92.37"
"54","4362",11,10,1,-0.586537445096742,0.0637948476379692,0.0708088151450171,107,"Male",-0.68006176558178,-0.160983664240477,-0.889407960997142,-0.339157881079445,0.7,"164.03",0.93,92.59,"132.97"
"55","4364",14.5,16,-1.5,-0.37557323443532,-0.613109423277178,-0.983708256852904,111,"Female",0.0111741508370396,-0.331303672371345,-0.978524113370432,-0.319797631352918,0.78,"142.63",0.89,88.89,"114.27"
"56","4372",9,6,3,-0.45176673213267,-0.33248383611735,-0.78551971206752,266,"Male",0.544440906148058,0.36954247260028,0.605570741606899,0.289672266326241,0.55,"200.88",0.75,75,"136.23"
"57","4373",15,14,1,-0.264221551558295,0.347831149307773,0.645504692108687,104,"Female",-0.69520937535999,0.082924623381372,0.736211410704704,0.446204723187402,1.83,"192.71",0.76,75.93,"41.57"
"58","4374",15,13,2,-0.706620578557754,-0.200907709277746,-0.638212846928912,259,"Male",-1.16651383428029,0.891514397732113,-0.709060236619616,-0.603218343324433,1.23,"320.02",0.82,82.41,"66.83"
"59","4376",10,9,1,0.526732806157676,0.652776846231595,0.674295974425258,127,"Male",0.872092147977257,1.16327116778538,0.691985674576219,0.796556540742893,1.05,"126.45",0.83,83.33,"79.40"
"60","4382",7.5,6.5,1,-0.82222180502492,-0.858088620938098,-0.877930885854447,125,"Female",-0.221176223140274,0.786654216345844,1.14021969634286,-0.0291792493655113,4.87,"137.10",0.8,79.63,"16.34"
"61","4383",6,7.5,-1.5,0.401057149143581,0.899597325566737,0.975670383320807,124,"Male",0.265167157677766,-1.14726195149718,-0.00793191809243841,0.661284948532351,0.64,"233.79",0.81,81.48,"127.78"
"62","4390",13,12,1,-0.458574710281616,0.0351449337392881,-0.241008454485942,117,"Male",0.45681421899486,-0.282532361202002,-1.04928593426463,0.261457104273016,0.54,"199.98",0.9,89.81,"167.58"
"63","4394",12,12,0,1.11353843732623,1.0334425709831,1.23726578086236,123,"Female",0.865887608678388,0.489359189574947,0.199698900028553,0.792789144638659,0.49,"217.94",0.81,81.48,"165.83"
"64","4400",5.5,5.5,0,-0.525790006335537,-0.281926909665156,-0.414547644458984,132,"Female",-0.147923814842823,-0.0126076258534686,-0.996570707053456,-0.192504145911534,1.09,"113.82",0.65,64.81,"59.50"
"65","4407",11,7.5,3.5,0.0155157461873964,0.0689382772135669,-0.313592461557929,134,"Male",0.532131384522057,0.388897364288776,-0.637388544498745,0.571544880998927,0.97,"123.30",0.84,84.26,"86.83"
"66","4408",12.5,4.5,8,-0.61033779322409,-1.1138646288222,-0.808524113121932,175,"Female",-0.0907452224791676,-1.46658510011278,-1.27354318296662,-0.47630058663975,0.88,"112.16",0.93,92.59,"105.80"
"67","4413",14,13,1,-0.411533256961238,-1.38733783504112,-0.585726637363001,136,"Female",0.0454742204101551,-0.493103060061588,-1.13016472129604,-0.511268673173049,0.69,"142.09",0.9,89.81,"130.07"
"68","4419",7,5,2,0.958153136817134,0.315778343347467,0.918235183094248,328,"Male",0.664950702864414,0.444942463516327,-1.14455514693006,0.73321425289043,1.25,"110.69",0.94,93.52,"74.98"
"69","4421",8,2,6,0.0426667632435732,-0.0119326591289667,-0.316099398070568,8,"Male",-0.138326903774871,-1.32697800036364,-1.08167833850137,0.422062062325627,3.23,"71.17",0.95,95.37,"29.56"
"70","4423",13,13,0,0.174848194595834,1.26262116013553,1.04614406582424,146,"Male",0.382619783864656,-0.0849597819669992,-0.404558912432515,0.679249098877221,0.68,"169.79",0.77,76.85,"113.32"
"71","4428",14,15,-1,0.232360071888903,-0.261229310228128,0.0077602320137336,142,"Male",-0.77510526416261,1.30586061239919,1.57097763919533,-0.340897432539854,1.57,"142.31",0.92,91.67,"58.48"
"72","4430",13,11,2,0.228925048267395,-0.198314563041857,-0.326804216387416,148,"Female",0.829948924405154,-0.449195891624775,-1.04422450820477,0.612639465408896,0.97,"90.50",0.94,93.52,"96.73"
"73","4431",12,10.5,1.5,-0.906487109899885,0.0826625917427535,-0.670398266642451,149,"Female",-0.790390450137663,-1.89506532247536,-1.58673474488432,-0.91210950991567,0.83,"121.18",0.9,89.81,"107.72"
"74","4432",12,10,2,-0.975184394961853,-1.13602266278953,-1.1994323015264,157,"Female",-1.01363989369829,-0.461849898661997,-0.725922148814824,-0.479291931702754,2.68,"44.12",0.97,97.22,"36.29"
"75","4433",14,13,1,0.753971807854756,0.515513508619896,0.934039519140823,144,"Male",0.536860065827003,-0.16898301394052,-1.2575687433849,0.705564250594743,1.14,"121.71",0.91,90.74,"79.70"
"76","4435",12,12,0,-1.18482366056613,-0.249752116680177,-1.05255602055772,160,"Female",-1.08670373986046,-0.789737536822408,-0.70688118624567,-0.907230387234046,0.93,"131.28",0.81,81.48,"87.86"
"77","4436",10,13,-3,0.849784914557861,0.864112603856043,0.806418833194323,147,"Female",0.331625681961915,-0.595238712331574,-1.22233786268983,0.224086980984938,0.49,"216.71",0.74,73.83,"150.11"
"78","4437",12,8.5,3.5,0.641720214640818,0.857148653921345,0.761099225456878,151,"Female",-0.154517053446124,-0.799299849225613,-0.660672695419097,-0.0661567832174101,1.23,"89.15",0.9,89.81,"72.90"
"79","4440",9,8,1,-0.719479632639397,-1.37278198653197,-1.3594082120082,155,"Male",-0.447893630194981,-0.774841919715813,-1.38192587175186,-0.890429339491614,1.62,"103.27",0.92,91.67,"56.72"
"80","4447",11,11,0,0.642990037082927,0.61817993881397,0.688416117755098,164,"Female",0.393980060534955,0.958007245852535,-0.0765799525254648,0.680894307127598,0.65,"171.38",0.9,89.81,"139.12"
"81","4448",14,14,0,0.26070633862181,0.542019370128857,0.0916727773908514,161,"Female",0.431428478441389,-0.742385329602817,-0.149271732827798,0.262845724575286,0.67,"155.13",0.94,94.44,"140.74"
"82","4449",14,9,5,0.103387662875689,0.276686531463086,-0.683898150933824,159,"Female",0.79722691557335,0.204444539431074,0.623948350648156,0.433279880037836,0.51,"211.65",0.86,86.11,"168.36"
"83","4450",12,12,0,-0.497903290758227,-1.06835305281365,-0.579160091345526,171,"Female",-0.0967259695828885,0.342631105447458,0.0525563851115348,-0.201148983657951,0.93,"126.01",0.94,93.52,"100.98"
"84","4451",10,10,0,0.317709252724889,1.50593524331041,1.18417929357366,163,"Female",0.862780247442498,-0.11973499822346,-0.862398492730077,0.783431070066009,0.77,"144.15",0.93,92.71,"120.58"
"85","4452",14,12,2,-1.43497338270091,-0.770051942346839,-1.45373347028186,173,"Female",0.823888721679119,-1.38680570359082,-1.02394400805622,0.645335454375698,3.18,"29.56",1,100,"31.41"
"86","4453",9,7.5,1.5,-0.114352942457493,-0.113567233541234,-0.3603235955586,172,"Female",-0.38870790721322,-1.62972924683853,-0.57640842537787,-1.00425982384487,0.58,"179.33",0.9,89.62,"154.02"
"87","4454",13,5.5,7.5,-0.273592693174298,-1.1647513852357,-0.330677758051835,168,"Female",-0.473307051849833,-0.723248853375558,-0.873149072131571,-1.02657311883451,1.77,"118.28",0.93,92.59,"52.36"
"88","4455",14,8.5,5.5,-0.59523160940092,-1.56325979411987,-1.64128231826914,162,"Female",-0.24366137245788,-1.35566890020542,-1.4915378988698,-0.888969930082889,0.56,"179.89",0.88,87.96,"157.33"
"89","4456",9,9,0,-0.0786609311432707,-0.0988340876054175,0.0325184840840809,167,"Female",-0.0658835976181639,-0.338358913652998,-0.325158118330175,-0.0303747077006632,0.96,"167.70",0.81,80.56,"83.53"
"90","4457",6,7,-1,-0.172322727951343,-0.360765923996161,-0.607890966064623,166,"Female",0.0345019088763856,0.459177356903966,0.309748856698446,-0.0277831739374944,0.84,"140.73",0.8,79.63,"94.95"
"91","4458",14,13,1,0.972241230235601,0.505494586951224,0.767819934666967,169,"Female",0.636272509304707,0.589363531028492,0.0786356901610777,0.031791647362215,2.08,"50.94",0.97,97.22,"46.79"
"92","4459",14,9,5,0.955663818955515,-0.504493548356072,-0.139484184405966,165,"Female",0.748545708331817,-0.534997067037058,-1.33493703936218,0.14236467408019,1.45,"69.36",0.98,98.15,"67.81"
"93","4461",12.5,14,-1.5,-0.317090973424211,-0.403802771610991,-0.100308149045319,197,"Male",0.591127673085378,1.00341113868899,1.73084444303158,-0.769161560640333,0.35,"325.69",0.66,65.74,"185.43"
"94","4465",8,9,-1,-0.504669014709126,-0.713767099652051,-0.412842745223637,177,"Male",0.245209449420888,1.09684752126107,-0.0266254556048639,0.0749321581773744,0.78,"188.26",0.86,86.11,"110.02"
"95","4476",9,7,2,0.89566429517386,0.39635770747914,0.929737768882484,186,"Female",0.696813799045165,0.260898353896701,0.271694035710018,0.593361557258964,0.95,"102.05",0.95,95.37,"100.21"
"96","4478",5.5,6.5,-1,0.160363574300141,0.417617434669739,0.164566860629872,203,"Female",0.74421415852291,1.16811979374616,0.720592186029138,0.630695189683405,0.4,"162.51",0.05,4.63,"11.44"
"97","4482",4.5,8.5,-4,0.823200055066962,0.385854292572861,0.700500164922613,189,"Female",0.873325531293372,1.87634492856979,2.52886611802787,0.813236680679217,0.94,"169.51",0.85,85.19,"91.04"
"98","4485",12.5,7,5.5,-0.373868502296761,-0.022219060549746,-0.0188496417738305,185,"Male",0.334677282014238,1.6572995876658,2.20226161158579,0.28130465077504,1.48,"148.57",0.92,91.67,"62.12"
"99","4488",5.5,5.5,0,0.536995452144834,0.0867084765882333,0.242448141969357,202,"Male",0.821043368247521,1.47990439473324,1.95118478476835,0.522654238654776,1.05,"162.00",0.91,90.74,"86.68"
"100","4490",1.5,4,-2.5,-0.747939859555724,-0.615129592800143,-0.780367482182341,176,"Male",0.703546151896272,0.57149436369064,-0.50785687649839,-0.167314027433979,0.7,"189.30",0.77,76.85,"109.97"
"101","4492",4,6,-2,0.269706790681062,0.379282112862827,-0.0483459405383242,195,"Female",0.87003027867041,0.65832988161112,-0.315399378094663,0.78757457994993,0.57,"206.47",0.73,73.15,"128.94"
"102","4494",2,14,-12,0.326444634922033,-0.242912606325863,-0.0116765103775849,198,"Female",0.672178428692796,1.030608628223,2.17010836018406,0.459679954482804,1.16,"87.88",0.93,92.59,"79.61"
"103","4498",6,5.5,0.5,-0.124662674278061,-0.282599762712445,0.0842520520650201,191,"Female",0.675108871315324,0.447146380511365,-0.495160066883866,0.430408982661926,0.49,"221.44",0.72,72.22,"147.27"
"104","4499",6.5,6.5,0,-0.886210220023489,-1.03668632366764,-1.07000521122956,208,"Female",-0.061654515028791,-0.381634829604545,-0.325688907052772,0.308387867846904,2.42,"53.79",0.99,99.07,"40.87"
"105","4500",14,13.5,0.5,0.0715547325273333,0.129662546893844,0.180894702252908,192,"Female",-0.594202055778308,-0.0298839279255369,-0.264960632539034,-0.178583962435823,0.76,"147.14",0.83,83.33,"110.36"
"106","4502",9.5,9.5,0,-0.082317533365902,-0.301188637299724,-0.617162500716696,204,"Female",-0.531090602742195,0.850759303852961,0.234414809423301,-0.299857686003704,0.25,"1198.79",0.19,19.44,"77.00"
"107","4505",5.5,7,-1.5,0.232799073903194,0.47640878901433,0.793058495151483,209,"Male",0.867569530598735,1.27651967755109,2.14834678799695,0.810439516345165,0.53,"199.11",0.88,87.96,"167.22"
"108","4507",15,7,8,1.49393723272216,1.78710362032207,1.74608829772361,180,"Male",0.866187027393963,0.414139138887297,-0.100084617447868,0.790006986657543,0.83,"158.47",0.85,85.19,"102.28"
"109","4509",9,5,4,-0.482984153187897,0.231746324736952,-0.156054446788049,206,"Male",0.402357292588214,-0.659069027292055,-1.08006755368398,0.54185967946483,0.86,"166.23",0.87,87.04,"101.61"
"110","4513",1,3.5,-2.5,-0.0691631627708047,0.510701303456218,0.734511764966963,193,"Female",0.228053796382336,-0.425512418087283,-0.685362379481805,0.642671296666901,2,"144.12",0.9,89.81,"45.01"
"111","4514",8,7,1,0.155445514688856,-0.233271610136469,-0.127430255807811,199,"Female",0.544598823040887,1.61819659087843,2.1990980367819,0.736304854017273,0.94,"144.69",0.87,87.04,"92.53"
"112","4517",13.5,14.5,-1,-0.252707785509298,0.867828188040969,0.437744033992706,200,"Female",-0.348825610895271,1.0574150120363,0.533727740372171,-0.363547556429181,1.23,"71.35",0.98,98.15,"79.62"
"113","4518",7.5,7.5,0,-0.762250935244824,-1.30731020136353,-1.23557690677681,181,"Female",-0.196895581817211,-1.34362189428635,-1.49502891677941,-1.28572476305198,0.68,"152.46",0.89,88.89,"130.59"
"114","4535",5,8,-3,-0.153885557203794,0.0392701270899925,0.206575307622641,239,"Female",-0.134179382359749,-0.603945486780495,-0.0290200983123932,0.56822396822652,1.86,"111.47",0.81,80.56,"43.21"
"115","4536",7,9,-2,-0.631070030695659,-1.03744204236813,-0.94251847392619,233,"Male",-0.381105456487853,-1.88627854632035,-1.58224496801397,-0.408568247766713,1.34,"118.60",0.64,63.64,"47.57"
"116","4537",8,11,-3,-0.308567952557091,0.0134009782075914,-0.493966043390294,229,"Male",-0.289955313724216,-0.763001113890799,-0.163942874150414,-0.143105717060915,0.45,"263.00",0.77,76.85,"171.35"
"117","4540",12,11,1,0.821302938171762,-1.79299799837826,-0.0815824729126847,241,"Male",0.736366209870582,-1.85902785940124,-1.5801390344094,0.158762420579441,0.59,"164.36",0.94,93.52,"157.98"
"118","4543",8,9,-1,1.41597459058138,1.38980308079858,1.50784150412311,246,"Male",0.863850341776326,0.856629440438306,1.80542764424049,0.807743075091852,0.6,"164.33",0.91,90.65,"150.55"
"119","4545",8,5,3,0.156515392602564,0.537643588578022,0.251010976276798,254,"Male",0.82588690436844,-0.472712799553156,-0.112245592670809,0.621663438615404,2.45,"36.04",0.99,99.06,"40.41"
"120","4546",9,14,-5,-0.32552918462881,0.189119251077483,-0.135523639683596,237,"Male",0.106529052668007,-0.432888541892917,-1.08070695743764,-0.0245323189454868,0.73,"219.09",0.79,78.7,"107.86"
"121","4549",9,6,3,-0.344776272326645,-0.892048030506249,-0.819635961128714,244,"Female",0.0617583167127377,-0.0426580894488631,0.49779562914688,-0.0849946396146364,0.93,"138.84",0.81,81.48,"87.49"
"122","4558",7,7,0,-0.161647266303974,-0.550973260652015,-0.656028908654819,230,"Male",0.310336408213224,-0.604706056836203,-0.254691276381517,0.179861515206154,0.76,"162.97",0.81,81.48,"106.55"
"123","4559",13,5,8,0.726077817015198,0.120362683860833,0.14848693694082,252,"Male",0.635199205335284,-0.88233187248986,-1.39908883614431,0.0818728158675218,0.68,"156.92",0.87,87.04,"127.08"
"124","4562",7,8,-1,-0.286001970680038,-0.221121759037131,-0.640222950931963,226,"Female",-0.0888837774835781,0.709676504872155,0.652687722815716,-0.162586981736938,0.45,"232.07",0.03,2.78,"6.20"
"125","4564",14,12,2,0.0689784920013133,0.262994487506101,0.692436254834236,228,"Male",0.635340014578072,-0.814534754836873,0.207118014775424,0.315300875739475,0.77,"151.89",0.93,92.59,"120.41"
"126","4566",7,10,-3,-0.433699041077527,-0.541437363800605,-0.204912411797672,236,"Male",0.103703640998066,-1.0255357877156,-0.880670509217333,0.2773145365306,0.86,"210.39",0.81,81.48,"94.55"
"127","4568",10,6.5,3.5,0.616984092776478,0.193217293206753,0.1467219752659,245,"Male",0.322273300660485,-0.890990758407166,-1.39636832883583,0.185796687955003,0.91,"120.38",0.94,93.52,"103.08"
"128","4585",6,9,-3,1.15048965394537,1.21463396210062,1.32937097641082,317,"Male",0.749729602951596,-0.971389036191959,-0.919719527198522,0.76078152444857,0.9,"109.55",0.94,94.44,"104.87"
"129","4592",13,12,1,0.0487732327954096,1.12457513563723,0.736856913068381,323,"Male",0.742462744215996,1.46061869831346,0.881050779317318,0.605093406745714,0.81,"118.55",0.92,92.45,"113.83"
"130","4606",8,8.5,-0.5,0.455907714297732,0.603758245781339,0.496901032596813,374,"Female",0.644718788559187,1.64825676276312,1.62886960044508,0.240416543643069,1.49,"146.51",0.84,84.26,"56.56"
"131","4616",8,4,4,0.0182019850927288,-0.49393136630387,-0.896472923857249,318,"Male",-0.232835952833193,-0.502609790560087,-1.32261297857329,-0.0759242841782069,0.72,"131.35",0.89,88.89,"122.66"
"132","4617",7,6.5,0.5,-0.611260489876278,-0.553367907729897,-0.695861972326974,314,"Female",-1.16518130239033,-0.645236731249492,-0.576284907058968,-0.439568505249387,0.67,"182.33",0.81,80.56,"119.38"
"133","4656",6.5,5.5,1,-0.955618505336645,-0.656618115076226,-0.150448883507748,337,"Female",-0.379247844408783,-1.3277126167305,-0.866981842613248,0.194894670049489,1.01,"138.41",0.86,86.11,"85.06"
"134","4668",13,14,-1,-0.305731543352198,-0.204044914051575,-0.597876246625462,277,"Male",0.453436988166098,-0.440975819067368,-0.942919713684918,0.341495409820791,0.81,"139.11",0.91,90.65,"111.97"
"135","4668",13,14,-1,-0.305731543352198,-0.204044914051575,-0.597876246625462,348,"Male",-0.152705651040007,0.656960362559886,0.413080925451071,-0.221268393026132,0.81,"139.11",0.91,90.65,"111.97"
"136","4686",7,3,4,0.854407883178991,0.938506151046118,1.1180764262635,334,"Male",0.844502035800711,-1.85867378093516,-1.57282590152127,0.779110066798893,0.75,"127.21",0.91,90.74,"121.20"
"137","4693",4,3,1,0.543476409857869,-0.399305281478806,-0.317510019606504,359,"Female",0.240206836145559,-0.751025109298915,-0.834457615651666,0.0213040614390759,0.96,"107.49",0.94,94.44,"98.75"
"138","4697",10.5,4.5,6,-0.555769994560484,-0.861057062832646,-0.309272250577092,363,"Female",-0.551922419461318,-0.42681836803664,-0.848274553302516,-0.955984345335653,1.79,"150.27",0.9,89.81,"50.23"
"139","4704",13,6,7,0.927187971878569,0.961254165386275,1.14900125049238,360,"Female",0.248366998013404,1.62112039930256,2.05659498847047,-0.10288143878004,1.31,"113.80",0.88,87.96,"67.35"
"140","4710",9,9,0,0.81739907282878,1.35982779641527,1.2822725086947,396,"Female",0.873325531293372,1.87634492856979,2.52886611802787,0.813236680679217,1.16,"83.47",0.98,98.15,"84.90"
"141","4712",12,8,4,0.601104071247536,1.32312028808658,1.19682714066968,356,"Female",-0.0159489285899483,-1.75717963279418,-1.07944312406111,0.588794804100601,0.75,"131.25",0.92,91.67,"122.24"
"142","4716",9,5.5,3.5,0.13811978362462,0.173759744776946,0.347799444721052,368,"Female",0.387745972237462,0.838737694724159,1.10397649710517,0.692455427638149,0.97,"161.93",0.81,81.48,"84.43"
"143","4717",13,9.5,3.5,0.191731477985103,0.295143101476066,0.555603739642664,364,"Female",0.605061782444891,-1.86478449359184,-1.57243097203704,0.724848973660167,1.56,"67.72",0.96,96.3,"61.82"
"144","4720",15,8,7,1.28790163202307,0.532063139947683,1.08667290174948,372,"Female",0.660973837925655,0.23431818116667,-0.795463933486323,0.736888179575417,0.87,"123.14",0.88,87.85,"100.48"
"145","4722",9,7.5,1.5,1.00636299364252,1.19548120576368,0.927092734737342,379,"Female",0.771444437038059,1.36240494675854,2.30836145633572,0.258329685975132,1.85,"79.31",0.94,93.52,"50.57"
"146","4723",13,12.5,0.5,1.00042798299197,0.508874820492201,0.997213818491013,365,"Female",0.616471647954225,-0.431716726411255,-0.0852482190697935,0.73710775810967,0.98,"106.80",0.93,92.59,"94.53"
"147","4725",14,14,0,1.12739315299766,1.15079726700432,1.29295156023804,371,"Female",0.727833867304453,-0.882028550822563,-1.39282403364061,0.613294239032497,0.78,"126.58",0.93,92.59,"118.56"
"148","4727",11,6,5,0.910819055103182,1.16142438365926,1.22682294764186,377,"Female",0.159067383418255,1.20454609797177,1.75382750044853,0.508780283719998,1.23,"127.66",0.84,84.26,"68.35"
"149","4730",13,9,4,0.232888291886102,-0.371120696085197,0.208175744924853,370,"Female",0.834107583577833,0.170473580285429,-0.209854439085024,0.619785518444971,0.56,"181.26",0.86,86.11,"154.34"
"150","4737",7.5,5.5,2,-0.49349042902187,-0.887555175896361,-1.37875485908462,382,"Male",-0.540886286811062,-0.0944535774939657,-0.0128360063126681,-0.439291296758772,0.55,"202.42",0.78,77.78,"141.02"
"151","4739",8,7.5,0.5,-1.08635123218777,-0.627547740218281,-0.961542188412066,398,"Male",-1.09640636012628,-0.0386775410867822,0.473807788125446,-0.238474302234868,0.74,"158.17",0.75,75,"101.14"
"152","4740",13,9,4,-0.824144536648731,-0.80753023985273,-0.86603748732041,421,"Male",-0.401680491220819,1.51861299125595,1.23507315758915,0.511979409569402,0.57,"206.70",0.81,80.56,"141.53"
"153","4746",7,6,1,1.49393723272216,1.78710362032207,1.74608829772361,383,"Male",0.535969641902843,0.746904180198687,-0.617285009324321,0.358642843095321,0.56,"831.02",0.19,18.52,"32.86"
"154","4746",7,6,1,1.49393723272216,1.78710362032207,1.74608829772361,397,"Male",-0.123396836623509,0.557163730362848,0.708350477435457,-0.34781770494719,0.56,"831.02",0.19,18.52,"32.86"
"155","4748",2.5,7.5,-5,-0.804550896896916,-0.175655176556654,-0.255825095582588,404,"Male",0.665553303804573,1.87159621008803,2.52748420373587,0.628983633230509,1.15,"109.03",0.77,76.85,"66.64"
"156","4750",1.5,6,-4.5,-0.282452473954843,-2.4910867746227,-1.57964497925161,402,"Male",-0.600570476163226,0.345616115867603,0.507691715091758,-2.24102461753342,3.57,"117.78",0.89,88.89,"24.88"
"157","4752",2,16,-14,-0.242498078144447,0.236892298477854,0.182989164982369,487,"Male",-1.03169348339822,0.899156587185213,1.15846256475708,0.100807692159726,0.84,"164.05",0.85,84.92,"100.81"
"158","4753",10,4,6,-0.135022124307879,0.519363586166197,-0.139143976874052,405,"Male",0.873325531293372,1.87634492856979,2.52886611802787,0.813236680679217,0.47,"215.65",0.91,90.74,"191.15"
"159","4753",10,4,6,-0.135022124307879,0.519363586166197,-0.139143976874052,380,"Male",0.702880619909229,1.24399599446044,1.18883438178218,0.588286128116436,0.47,"215.65",0.91,90.74,"191.15"
"160","4755",6,5.5,0.5,-0.0548241879936598,-0.234016119261689,-0.342723071848509,400,"Male",-0.934214555897278,-0.00854373719837495,0.871155452897288,-1.28646555780167,1.33,"1026.71",0.44,44.44,"33.29"
"161","4755",6,5.5,0.5,-0.0548241879936598,-0.234016119261689,-0.342723071848509,395,"Male",-0.403875019968402,0.767227950933185,-0.266033947056169,0.0120183878907124,1.33,"1026.71",0.44,44.44,"33.29"
"162","4758",11,8,3,0.438203533133232,0.45561001654581,0.431257277093377,390,"Male",0.399779606572496,0.300690240156791,-1.04176728479558,0.162344051486351,0.75,"124.50",0.94,94.44,"125.38"
"163","4760",14,7,7,-0.509133241160786,-0.661033037603906,-0.598891686050742,407,"Female",0.441037197045974,1.8006633279648,2.26300860509606,0.400769532840399,1.36,"105.00",0.91,90.74,"66.67"
"164","4760",14,7,7,-0.509133241160786,-0.661033037603906,-0.598891686050742,408,"Female",0.331323687028308,1.47966179595648,2.00402633497355,0.523654576710504,1.36,"105.00",0.91,90.74,"66.67"
"165","4761",12,7,5,0.819732583094128,0.669783483107424,1.00633927914295,393,"Male",0.692798126457547,-0.249903420223649,-0.271046776327626,0.588870020593724,1.7,"58.03",0.99,99.07,"58.20"
"166","4764",13,21.5,-8.5,-0.156543014332126,0.7282327475499,0.78041765079948,389,"Male",-0.0583950929554371,1.85502915509004,2.52273429976649,-0.00783420248951476,0.55,"209.48",0.75,75,"137.42"
"167","4765",12.5,4,8.5,1.07484831984724,0.531546550046434,1.0259615388138,415,"Female",0.873325531293372,1.87634492856979,2.52886611802787,0.813236680679217,0.51,"212.31",0.8,79.63,"155.15"
"168","4767",13,11,2,-0.433289831860055,-0.660855890911098,-0.709145924338082,409,"Male",-1.19356250663035,-0.659674505028149,-1.362356576936,-1.55085529124824,1.09,"144.41",0.9,89.81,"82.77"
"169","4768",15,24,-9,-0.00468203405642555,0.0251179323053055,0.266519832227123,387,"Male",0.737965505780406,-0.454871258695858,-1.32085679146036,0.0764456672538293,1.55,"66.21",0.93,92.52,"59.76"
"170","4768",15,24,-9,-0.00468203405642555,0.0251179323053055,0.266519832227123,413,"Male",0.467169719656401,0.274931836764612,0.0427311967554824,0.401665819821439,1.55,"66.21",0.93,92.52,"59.76"
"171","4770",10,10,0,-0.719292359636839,-0.266061565852801,0.243462411505258,417,"Female",0.429382256892674,-0.883251585185609,-0.505403977425578,0.517339202667253,0.77,"214.76",0.8,80.49,"104.50"
"172","4773",9.5,4,5.5,0.736292261348587,0.984506716889171,1.10126708925655,414,"Male",0.626993756073787,1.22437369227359,2.29077353804135,0.757615463480924,0.81,"143.57",0.88,87.96,"108.97"
"173","4775",9,5,4,0.40329262761738,1.07322521081462,0.596582290109692,418,"Female",0.327184611840912,-1.09088091829067,-1.18960589346676,0.66262546332135,0.64,"167.45",0.89,88.89,"139.40"
"174","4777",13,8,5,0.382118026043843,-0.748749419182592,-0.227138130520996,411,"Male",0.796206633054294,-1.55663173487201,-1.03703874681939,0.498251079240858,0.67,"171.06",0.79,78.7,"118.10"
"175","4779",13,8.5,4.5,-0.136270657468313,0.0333543951790692,0.104865460590194,443,"Male",0.255553335255829,-0.622392156028215,-0.253567476482988,0.517150128752201,0.41,"247.02",0.84,84.26,"206.24"
"176","4780",13,15,-2,-0.223304276574182,-0.0423096634176658,-0.12036861679186,440,"Female",-0.193757618386522,-1.44899570793048,-1.3866042594425,-0.365864812669038,0.7,"138.87",0.91,90.74,"128.91"
"177","4781",14,16,-2,-0.219921624361581,-1.0154014311629,-0.71119068237679,433,"Male",0.0950551344025836,-1.51365581059918,-1.52026581827155,-0.607154777913428,1.46,"78.71",0.92,91.67,"62.96"
"178","4782",10,6,4,-0.593293272760262,-0.413319849484901,-0.717590602538698,435,"Female",0.171442791061785,-0.305004118797463,0.277852122168664,-0.238240846700198,0.68,"168.04",0.92,91.67,"135.06"
"179","4783",10,8,2,-0.479491389573571,-0.887034626405161,-0.86701385828828,437,"Male",0.160452168971813,0.486542852776504,-0.805743695717994,-0.833362109509454,0.74,"147.52",0.88,87.96,"118.37"
"180","4784",13,9,4,-1.32057183344444,-1.17847990947095,-1.4884909430248,442,"Male",-0.518775610255393,-0.572241835311018,-1.21897288103655,-0.443570356002413,0.43,"253.24",0.9,89.81,"210.70"
"181","4785",13,14,-1,0.0175639910594564,0.535783256464126,0.408989667165195,439,"Male",0.375991511031816,-0.962476234614717,-1.40366772409512,0.670889392513453,0.71,"156.21",0.91,90.74,"128.42"
"182","4786",14,10,4,-0.278209145001689,-0.142685873451925,0.0757156577961189,436,"Male",-0.592303823687675,0.174893628099427,0.611953734974556,0.0187296624599117,1.09,"88.06",0.97,97.22,"89.08"
"183","4789",14,11,3,-0.0785974670318176,-0.0964941562068644,0.563151732774423,434,"Male",0.442875689366053,0.508223165492089,0.460533304801884,0.69955091139581,1.04,"99.90",0.94,94.44,"91.04"
"184","4795",14,14,0,-0.492531260909682,-0.55663651577402,-0.214095953063766,445,"Male",-0.541220720065849,-0.250544548497099,-1.14879269924913,-0.862153781963752,0.71,"143.10",0.92,91.92,"129.09"
"185","4799",6,5,1,-0.342590047985266,-0.21629878389482,-0.28556138479641,447,"Male",-1.54921220728875,-0.0312118874533516,0.682618048183473,-1.39797803798194,1.36,"103.13",0.77,76.85,"56.47"
"186","4801",5,6,-1,0.279805803327581,0.598287193737235,0.612514527371265,460,"Female",-0.114733418111299,-0.645785740311726,-1.22303781703225,0.56019531046755,1.31,"101.38",0.91,90.74,"69.04"
"187","4802",14,13,1,-0.505847595972959,-0.822733431197163,-1.1202361534601,458,"Female",-1.11445912301297,-1.90395878580887,-1.58426023434196,-0.831249497824705,0.52,"203.22",0.88,87.96,"167.57"
"188","4803",12,13,-1,-0.866275134833871,-1.28220438093675,-1.22800237891753,457,"Female",-1.40250160095036,-0.945188956004945,-0.437789132264873,-1.20773146149633,0.77,"186.12",0.9,89.72,"117.27"
"189","4805",7,4.5,2.5,-1.01456845041632,-0.364068899783237,-0.839431050903526,446,"Male",-1.87243631886946,-1.10923685383683,-1.43455256442008,-1.1912133454896,0.44,"255.70",0.81,80.56,"182.77"
"190","4806",10.5,12.5,-2,-0.412495566929367,-0.343129220520426,-0.736035243989449,450,"Male",-0.854067810660038,-1.352047917297,-1.12998170573358,-0.521041679059421,1.03,"113.96",0.94,93.52,"90.93"
"191","4807",6,9,-3,-0.545018035926549,0.216565566227316,-0.276821037961441,453,"Male",0.247986924705122,1.18621933558379,1.66204832965542,0.19465996730038,0.37,"280.64",0.85,85.19,"231.16"
"192","4813",12,11,1,-0.109176757013278,-0.445936498181936,-0.20837964144195,459,"Male",0.339101939076292,0.0654990649651009,0.227074750345683,-0.311792983078126,1.36,"80.16",0.97,97.22,"71.30"
"193","4815",4,9,-5,1.49393723272216,1.78710362032207,1.74608829772361,427,"Male",0.873075781201388,1.42762488872991,1.24303726070985,0.801487039586903,1.91,"306.11",0.56,56.48,"29.54"
"194","4816",4,7,-3,1.34726882887734,0.972655678769301,1.28725611383594,423,"Male",-0.903302711312801,1.77227632344742,2.27647476917544,-0.334573289735775,0.57,"205.12",0.74,74.07,"130.46"
"195","4817",7,5.5,1.5,1.49393723272216,1.78710362032207,1.74608829772361,425,"Male",0.844502035800711,-1.85867378093516,-1.57282590152127,0.779110066798893,0.55,"413.78",0.74,74.07,"134.71"
"196","4819",5,3,2,0.0389003031920823,0.270554399459949,0.521102055151971,429,"Male",0.63709644321186,1.13163588465474,1.08857279931743,0.610448460151173,0.55,"237.86",0.17,16.83,"30.76"
"197","4821",6,8,-2,1.01963909027989,1.21855780654382,0.982062348243677,431,"Female",0.290617905188862,1.03445454086253,1.92512958901688,0.54322118509511,0.29,"1239.02",0.31,30.84,"105.29"
"198","4822",6,8,-2,0.717759439006151,0.735469409014834,0.434185252983463,430,"Female",0.43240361552217,0.00461257720349017,-0.357383113484131,0.690658041883778,0.76,"121.72",0.91,90.74,"118.67"
"199","4825",4.5,5,-0.5,-0.34619595954246,-0.34108049108496,-0.813233047560962,428,"Male",0.0432408689622934,-0.147990283376574,-1.25052642966168,0.593626266490976,1.65,"68.20",0.99,99.07,"60.04"
"200","4826",12,6.5,5.5,0.817860193563472,1.36455362467398,1.28451052507712,469,"Male",0.617997251175839,-0.649456743982507,-1.11565864809364,0.727485568585378,1.06,"94.63",0.93,92.59,"87.16"
"201","4828",12,13,-1,-0.591426700749428,-1.0987016740032,-1.16058021436852,465,"Male",-0.983344893159578,-0.798395400167041,-0.90991907397398,-0.715264030150519,0.8,"151.31",0.89,88.89,"110.85"
"202","4829",10.5,10,0.5,-0.868467261353272,-0.785076442625353,-1.05184033667849,471,"Female",0.235230044603906,-1.87235421798762,-1.57764032808868,0.17819179535972,0.7,"146.87",0.87,87.04,"124.23"
"203","4830",13,12,1,-0.961844349541154,0.358355859774325,-0.349123520871095,473,"Male",-1.88545689676074,-0.891517452423104,0.659686696470677,-2.31658855143046,1.05,"111.10",0.89,88.89,"84.40"
"204","4832",5,5,0,1.10249875284091,0.90232796951022,0.457795526333211,462,"Female",-0.342147337897363,1.84643265902627,2.52742168044693,0.263453671897855,0.4,"257.47",0.07,6.67,"16.49"
"205","4833",5.5,4.5,1,-0.362657049350061,-0.822823633858516,-0.495028287688023,464,"Male",-0.88486189455692,0.252124784573658,-0.439996807996377,-0.209862271383544,0.51,"235.59",0.81,80.56,"157.67"
"206","4836",15,11,4,0.984061262049349,-0.428874492715619,-0.0250138100370817,461,"Male",0.382327864949867,-0.656004667937042,-0.500530559724162,0.231467989405684,0.8,"119.28",0.92,91.67,"114.75"
"207","4838",8,11,-3,-0.962029285038942,-1.57741739487214,-1.4622461456528,463,"Male",-1.11474420027298,-0.451584163974381,-0.579571872603324,-0.91575488664529,0.6,"187.29",0.83,83.33,"138.61"
"208","4839",8.5,9.5,-1,-1.03145592248844,-0.802692288589482,-1.04171088024146,482,"Female",-1.24558005829657,0.787837719706698,0.0223253438621051,-1.68918338706031,0.63,"182.53",0.84,84.26,"132.99"
"209","4845",8,9,-1,-0.228319429533743,0.222980372707926,-0.141509674260127,480,"Female",0.104762239579659,0.948035170951086,0.398450586192403,0.0126916536168484,0.88,"158.18",0.92,91.67,"103.88"
"210","4846",14,14.5,-0.5,0.472730169816436,-0.596704920574386,0.134871755408937,474,"Male",0.740367219138048,-0.652584329246509,-1.3571891079127,0.103106758174435,0.52,"235.48",0.74,74.07,"141.52"
"211","4848",14,6,8,1.06300986540778,-0.140022916408963,0.285209534554118,481,"Female",0.816544097240102,1.43979595164945,1.7910815034977,0.494444596484765,0.85,"132.98",0.92,91.67,"108.11"
"212","4850",6.5,4,2.5,-0.899686381822232,-1.31883034800738,-1.26228939283575,477,"Male",-1.27179735488743,-0.304357398582934,-0.752096073624472,-1.08104582882086,2.62,"90.41",0.94,93.52,"35.72"
"213","4855",11,8.5,2.5,-1.37369859928816,-1.26889472886731,-1.26273219281171,476,"Male",-0.255661394229148,-1.72039179088669,-0.937001250368639,-0.473491230028547,0.61,"177.23",0.7,70.37,"114.56"
"214","4860",6,6,0,-0.168389789344205,-0.893469779734767,-0.687124218882514,495,"Male",0.0675234516523596,0.0810464615661109,0.00756137741419663,0.178584339119293,1.4,"85.20",0.91,90.74,"65.02"
"215","4861",11,8.5,2.5,-0.838027496475551,-0.209688522121376,-0.349957913591987,501,"Female",-0.621937481729717,0.324980758290988,-0.310245475516493,0.150780173475577,0.5,"252.25",0.65,64.81,"129.83"
"216","4862",13,14,-1,0.567316051010583,-0.374208775910164,0.142469628042912,498,"Female",0.562932785486072,-1.68759038003193,-1.55010394688614,-0.0955296138025605,0.93,"126.11",0.91,90.74,"97.24"
"217","4863",11.5,8.5,3,0.244988220795071,-0.923775014577647,-0.679937214693095,493,"Female",0.215744689243159,-1.87298067792399,-1.57720591204573,0.205771561661057,1.27,"150.26",0.86,86.11,"67.70"
"218","4869",15,14,1,1.11771973926313,0.76962758869366,1.12963170746303,497,"Male",0.525428744534231,-0.849932626295046,-0.589172875123391,0.228218109355078,2.18,"74.12",0.97,97.22,"44.66"
"219","4870",12,6.5,5.5,-0.567442157386825,-1.50647943055721,-1.39658680267218,499,"Male",-0.230610454997795,0.526644992818532,1.4056767946748,-0.325294659058347,0.63,"168.46",0.87,87.04,"138.41"
"220","4871",9.5,6,3.5,0.0252189871588049,-0.725572416964495,-0.32484388483897,489,"Female",0.138467916093289,1.68434199015673,2.49213140655805,0.209924361389635,1.73,"176.58",0.8,79.63,"45.97"
"221","4878",13.5,16,-2.5,0.832915111957394,0.835641928749814,1.07184973974684,539,"Female",0.571409885121977,0.0520577391691987,-0.847598504007094,0.716797681801598,1.02,"80.64",0.94,93.52,"91.60"
"222","4880",14,11.5,2.5,0.144628659192732,-0.193269939688523,0.581941365001624,541,"Male",0.662204834807362,-1.79675414438611,-1.33598620251718,-0.262942624902327,0.9,"106.71",0.95,95.37,"105.74"
"223","4884",14,16,-2,0.172840254637927,1.02568475128013,0.959610312697535,517,"Female",-0.775087382421589,1.0541380665013,1.75716240502303,0.434785741357855,0.78,"151.05",0.81,80.56,"103.09"
"224","4885",15,13,2,0.662981971221769,0.354875264544767,0.857276189405959,526,"Female",0.671668064553882,0.584942537948719,1.39899445779553,0.463142148930687,1.56,"68.86",0.92,91.67,"58.94"
"225","4886",13,7,6,-0.296870646431335,0.387325791148908,0.277259280367998,534,"Female",0.428313517626645,-0.936256437260883,-0.918514715568649,0.362137868569397,1.43,"119.41",0.9,89.81,"62.75"
"226","4887",13,12,1,-0.140591703272066,0.0376362865609863,-0.492922555141573,543,"Male",-0.460512088397917,0.318040429308873,1.14413606858072,-0.805856775215001,1.36,"72.28",0.96,96.3,"70.82"
"227","4888",12.5,15,-2.5,0.883682373877661,-0.0222109279857768,0.376198554827115,536,"Female",0.686428935596735,1.14252989914388,1.60442569022107,-0.23669787434702,4.14,"33.14",0.99,99.07,"23.93"
"228","4896",14,15,-1,0.332070431566921,0.348884206648725,0.776747237240406,537,"Female",-0.899264136660455,0.288701049675513,-0.301665125214566,-0.0212521299327689,1.55,"65.21",0.98,98.15,"63.40"
"229","4897",14,14,0,-0.211700842547943,0.0426804889622251,-0.531249357069875,511,"Male",-0.336540224115827,-1.7116370122061,-1.54516713125378,-0.0249530230400043,2.69,"42.63",0.98,98.15,"36.54"
"230","4898",14,19.5,-5.5,0.913847091195338,-0.0028094799522686,-0.295631430138758,518,"Female",0.705737454109503,1.00614046108209,0.417226607962886,-0.155288989754134,0.93,"104.64",0.94,93.98,"100.84"
"231","4898",14,19.5,-5.5,0.913847091195338,-0.0028094799522686,-0.295631430138758,505,"Female",-0.788508604321284,-0.438867872559743,-0.244156308609225,-1.07707646632203,0.93,"104.64",0.94,93.98,"100.84"
"232","4899",14,20.5,-6.5,-0.0351773363188155,0.00990279411238996,-0.232805178870932,525,"Female",-0.195349668092957,-0.560278384504853,-0.70116615960186,-0.318677965529289,0.84,"155.71",0.93,92.59,"110.03"
"233","4899",14,20.5,-6.5,-0.0351773363188155,0.00990279411238996,-0.232805178870932,504,"Female",0.119861133979526,-1.41138383221098,-1.25739840990106,0.115809326959459,0.84,"155.71",0.93,92.59,"110.03"
"234","4900",14,14.5,-0.5,0.266613115760749,-0.161200890497981,0.00166285228681274,522,"Male",0.174916256507308,0.846845310541082,0.810548943156756,-0.143584159461061,0.92,"130.51",0.84,84.26,"91.36"
"235","4901",13,14.5,-1.5,0.245340107137754,-0.473970350081584,-0.0328552466808214,516,"Female",-0.602491670127035,-0.577886784803866,-0.773659109313767,-0.737793064608504,1.15,"88.47",0.96,96.3,"83.51"
"236","4903",8.5,7.5,1,-0.765717988076903,0.206068481244595,-0.0785934660638349,529,"Female",0.0196878763142209,-0.616560532546632,-0.776515122643236,0.0252468184292614,1.74,"49.50",1,100,"57.36"
"237","4904",14,15,-1,0.938812338404331,0.616222716880173,0.416794526529923,513,"Male",0.564625630171013,-1.00823760671422,-1.21785388723192,0.443607039644547,0.91,"104.45",0.94,93.52,"102.92"
"238","4906",15,13,2,0.939000281961906,0.398027237505916,0.625050770514041,524,"Female",0.712505260506318,1.73214037877657,1.96689898343777,0.634295018807331,1.59,"60.50",0.99,99.07,"62.28"
"239","4907",8.5,7,1.5,-0.587057094730543,-0.405044555555097,-0.768442444230215,535,"Male",0.0731430377875573,1.06946256145849,-0.646573301083103,-0.888075341332327,1.59,"68.44",1,100,"62.70"
"240","4908",16,15,1,0.347177030585457,0.221675809846494,0.0195878361872249,521,"Female",0.253860256709764,-1.38650053858485,-1.36902743729781,0.172661780263471,1.23,"103.35",0.93,92.59,"75.01"
"241","4910",12,11,1,-0.166860062630863,0.149192862741235,-0.173425956881344,515,"Female",-0.995777275658053,-1.1512819260891,-1.43754477371397,-0.211881857016106,0.65,"135.36",0.92,91.67,"141.01"
"242","4911",14,15,-1,0.473332057065114,0.494924218085843,0.661725319607611,512,"Female",0.154104453632178,-1.64683222961339,-1.53713477597246,0.0221268312975497,0.52,"219.17",0.86,86.11,"164.53"
"243","4912",13,12.5,0.5,0.474237936758842,-0.573300707432268,-0.493628404763914,532,"Female",0.510049702355497,0.344816709624061,0.652475850231162,0.280387709418012,0.79,"137.93",0.93,92.59,"117.00"
"244","4913",13,8,5,-0.631639696390155,-0.560177121095658,-0.626628353402602,510,"Male",0.0248504127668705,-0.170392172402848,-0.332713895011017,-0.101598772450201,0.62,"184.80",0.91,90.74,"145.90"
"245","4914",14.5,14.5,0,-0.0227636892260419,0.787621944956001,0.830521549264638,527,"Female",-0.165295579649971,0.794609966078782,0.990262901003374,0.240412674816925,3.59,"30.23",1,100,"27.82"
"246","4917",12.5,16,-3.5,-0.389500751713797,0.123574367392751,-0.353333201342069,519,"Male",0.329469558727426,-0.627556018291107,-1.1133835245891,0.389786721904949,1.78,"48.15",1,100,"56.29"
"247","4919",14,13,1,0.284509263065905,-0.354352590795421,-0.0232761852491234,508,"Female",-0.668177049463006,1.07137563301357,0.802618910986172,-1.04086137167426,1.04,"94.15",0.96,96.3,"92.32"
"248","4922",10,10.5,-0.5,-0.191215132047853,0.0724426417164174,-0.0388269891983038,523,"Female",0.397633497078972,0.900510901463027,0.513720127185799,0.413905443480963,1.91,"48.16",0.98,98.15,"51.48"
"249","4926",14.5,14,0.5,-1.26524138452106,-1.30409283041429,-1.02479917459934,533,"Female",-1.04573168927181,-0.0508684956714131,-0.153989555366558,-0.78998096306446,0.73,"194.17",0.91,90.74,"124.31"
