"","ID","PostScore","PreScore","Gain","SelfEfficacy_S","TaskValue","MasteryGoals_S","X","Gender","SelfEfficacy_P","PerfAvGoals","PerfAppGoals","MasteryGoals_P"
"1","4219",6,9.5,-3.5,0.953037689838461,0.638761827002126,0.801924904308406,10,"Male",0.873325531293372,1.87634492856979,2.52886611802787,0.813236680679217
"2","4224",8,3.5,4.5,0.474840408521373,0.730542383693024,0.405166031713342,14,"Female",0.67256142208307,0.0815648930967104,0.723576512336612,0.481911450742993
"3","4229",10,9,1,0.802374404068098,0.61722915574693,0.720077852034181,11,"Female",0.873325531293372,1.87634492856979,2.52886611802787,0.813236680679217
"4","4230",14,8.5,5.5,0.686539394710546,-0.0237900973337525,0.116714666538499,6,"Female",0.335040755637941,1.62769710636205,1.50846717672557,-2.28953483846546
"5","4232",12,8,4,-0.348143842107694,-0.184277140063436,-0.582495073826959,3,"Male",-0.0408105564902513,0.0188828425344839,0.598636322116305,0.160526932103102
"6","4235",8,4,4,0.0361721775187011,0.553029251552611,-0.0842970416074171,5,"Male",0.445339296420164,1.02535583192753,1.36671029149979,0.437380344131178
"7","4236",7,7,0,-0.263286975128472,-0.328273854713412,-0.351045695804974,12,"Male",0.597348684908363,0.589297801636416,2.08873157542945,0.441562334998352
"8","4243",12,14,-2,-0.749907916457744,-0.625621943722691,-0.735907246748708,52,"Female",-0.138096436763386,0.288855292936579,-0.370803688751916,-0.0399634336990352
"9","4245",11,15,-4,0.151564931973474,-0.209826443191824,-0.122239911969724,217,"Female",0.705227810261911,0.689929294491062,-0.516726343608092,0.585131951317978
"10","4248",12,11,1,0.745476473927389,1.5909982438411,1.36222950867296,61,"Female",0.545688568258832,-0.559327242864812,-0.590393335492382,0.579111616022919
"11","4249",14.5,12.5,2,0.280391990973354,0.432898796121084,-0.112266854848964,57,"Female",0.524920356259804,0.22598995298855,0.653257547863895,0.584231441764766
"12","4258",7,11.5,-4.5,0.358873931985302,0.687439243211214,0.339289278109703,56,"Male",-0.0029234453961211,1.85539410516016,2.52591493262888,0.26498808369456
"13","4260",10,9.5,0.5,0.904591882074446,0.674698515976651,0.595245686221626,59,"Male",0.44336378706682,-0.441008802618964,-0.943600955610196,0.283708024945502
"14","4264",14,13.5,0.5,-0.0949746625483898,-0.336176026895321,0.0634109454554498,54,"Male",-0.149312952246437,-0.154945839633442,-0.400419739062232,0.396161615628094
"15","4268",13,11.5,1.5,-0.580824502939199,0.448940952732117,0.174712011359767,55,"Female",-0.451579014716395,0.457602953040415,-0.688190412519296,-0.726379560648385
"16","4269",6.5,7.5,-1,0.130733989100461,-0.618854185444935,-0.470305837414155,60,"Female",-0.00182464231045384,1.47010716410381,0.979038663614712,-0.146841356041488
"17","4271",15,13,2,-0.721835990554469,0.331540610005914,0.270438823193712,53,"Male",0.572990771798311,-0.10486101207496,-0.476293468322293,0.451617091761575
"18","4272",9,13,-4,-0.440200671081167,-0.344004848552273,-0.739675219018964,37,"Female",-0.246649499122045,-1.0813416154125,-1.42538845727691,0.255686593708544
"19","4278",11,11.5,-0.5,-1.38494783870398,-1.02189189721183,-1.26657100231673,83,"Male",-0.653783004453549,-1.27787411154245,-1.34255412310995,-1.185420955202
"20","4279",14,24,-10,-0.214739978851278,-0.572131714432498,-0.564780056397408,215,"Female",0.842979860496494,1.5639861938063,1.78488140614285,0.636997674909348
"21","4279",14,24,-10,-0.214739978851278,-0.572131714432498,-0.564780056397408,213,"Male",0.630566220664646,0.838424581064218,0.250032049442146,0.738492656312629
"22","4281",14,24.5,-10.5,-0.442337292864612,-0.386076326912212,-0.663830931466632,216,"Female",-0.401338265005285,1.5332248804964,1.28933478825811,0.375420776378013
"23","4281",14,24.5,-10.5,-0.442337292864612,-0.386076326912212,-0.663830931466632,264,"Male",-0.352118180805763,1.20752646968376,1.79718199682643,-0.351579000675724
"24","4283",5,6,-1,-0.429692537981375,-0.184106620971035,-0.173137859157753,63,"Male",-0.430783743144639,-0.889763743133568,-0.856020824305015,-1.03819317855723
"25","4288",13,12,1,0.363219147716418,0.452269502979852,0.161340004866546,64,"Male",0.433009281265438,-0.0637019093571029,-0.840902730500098,0.213286737571282
"26","4290",14,14,0,0.430969557599359,-0.40567993141498,-0.344655466496052,62,"Male",0.583337893374797,-0.285309483659167,-0.687818749292122,-0.0500392120596907
"27","4291",14,10,4,-0.3709348550738,-1.50780767946567,-1.15078109448857,84,"Male",0.199599295437949,-0.383146672358273,-0.440407683927281,-0.534905447771562
"28","4294",8.5,3.5,5,-0.674402290544973,-0.056629145831318,-0.380781309107247,79,"Male",-0.712306791734528,1.69870924652718,1.95217905170724,-0.691742979813482
"29","4295",15,12.5,2.5,-1.58811169953988,-1.26625176937557,-1.32947430903644,278,"Male",0.796713477745096,-0.712505030614472,-0.927654884186059,0.444629833768844
"30","4297",6,5.5,0.5,-0.413158794114572,-0.13148160886611,-0.41256139314321,352,"Male",-0.406873597555026,0.971315000617392,0.0359314042659007,-0.311961507642692
"31","4299",8,4,4,0.633583685736248,0.454355905415973,0.470520093331489,80,"Male",0.486447376480289,1.26413641647092,1.93889932263384,-0.0627853682648002
"32","4300",5.5,5,0.5,-0.588908815320669,0.441052216398456,0.448812082345692,66,"Female",0.421398057111313,-1.24481571709991,-0.425974361848333,0.23201219494731
"33","4301",8,10,-2,0.270483439948366,0.721315257643493,0.88070146174803,78,"Female",0.819421311694355,0.864473229655242,0.50345112503725,0.509585597573583
"34","4302",13,4,9,0.0345619374546861,0.117000746462703,0.172822423631482,82,"Female",-0.437282526970837,0.507980485915767,0.593790200598682,0.0663670175611163
"35","4304",9,9,0,0.572292138010805,0.139270847466489,-0.0299653266487276,67,"Male",-0.341169617536764,0.961415853716455,0.995523526559671,0.255458711423843
"36","4305",6,7,-1,-0.978025117375462,-1.1286292234876,-1.3373098484224,262,"Female",-1.31503253579444,0.76062488297438,0.758523937622537,-1.3551747988427
"37","4309",14,9,5,1.07270878735664,1.66868000970944,1.51851968395739,81,"Male",0.860060534954206,-0.222376717843605,-0.499337357299385,0.787082539475132
"38","4310",9,7,2,0.249146712606893,0.415042552934576,0.245132066461088,270,"Female",-0.514842409726523,0.2518365420408,-0.362709057838576,-1.7277939371013
"39","4313",10,9,1,-1.18534497235259,-0.531742932274219,-1.07106707749661,71,"Female",-0.895731710682474,-0.725299376436552,-0.636570339206245,-1.00275660356619
"40","4314",13,7,6,-0.456644063670858,-0.836322367273973,-0.153763586495955,261,"Male",0.0113970493349265,-0.802312505554219,-0.341595659780522,0.273135999324877
"41","4315",12,12.5,-0.5,0.795456711544383,0.357808400758434,0.681336661989372,72,"Male",0.860133259274234,-0.240710624988497,-0.572342721127945,0.786405032044714
"42","4316",7,8,-1,-0.984974687950574,-0.654655535702363,-1.32860917381999,265,"Female",-0.968213185382023,-1.06120480663562,-0.891849704865178,-0.482366501414683
"43","4319",7.5,8,-0.5,-0.0265168891451449,-0.000901389122077116,0.110506759456352,73,"Female",-0.108270965893961,1.30711123566408,1.86033160988073,0.290278716721337
"44","4321",7,7,0,-0.587934718090992,-0.251741253752719,-0.450265061721293,65,"Female",-0.162550137302525,-1.07648552066528,-1.43396589682066,-0.396436694838706
"45","4322",13,5.5,7.5,-0.130085572575847,1.0161328293899,0.432394380628469,70,"Female",-0.597012490935292,0.463568032175861,-0.470422568177146,-0.191231163767274
"46","4324",16,15.5,0.5,0.87805997868235,1.62219915894392,1.42605035728981,93,"Male",0.622890884426288,0.297098750660143,0.518917550519093,0.741874390373232
"47","4326",11,5,6,-0.417822922636501,-0.391752820226023,0.290722387219351,219,"Male",0.386762159533651,-0.61109926713542,-1.34224048653505,0.398203828396811
"48","4327",14,12,2,0.108996975580748,0.320022329539057,0.521895081981912,88,"Male",0.567166458450869,0.728466668157585,0.976346681101731,0.406623886808046
"49","4328",14,14,0,0.648404680842298,0.16688989821779,0.610246971050213,92,"Male",0.385972580001313,-1.56366708892896,-1.24745032953996,-0.542336011945395
"50","4334",10,10,0,0.448859076084258,-0.316670833920604,-0.295850450791412,220,"Male",-0.38945261098389,-0.225998014466396,-0.040712050051795,-2.0132537218968
"51","4335",3.5,11,-7.5,-0.232808521875931,-0.508982459516202,-0.712585217902826,218,"Female",-0.696916065021996,1.11536198179488,0.799725550349495,-0.471184153130053
"52","4339",11,7,4,-0.426108041932134,-0.0556342505645581,-0.149667329201804,99,"Female",0.294750541017494,-0.319331116623713,-0.290191354897715,-0.0734657937554166
"53","4341",15,11,4,0.83041875196488,0.302942965686861,0.0542985291056531,214,"Male",0.494436234407907,1.12129555369339,-0.458051717899582,0.0990278718433831
"54","4342",14,14.5,-0.5,0.361999566881415,0.335980216875991,0.149432483587539,114,"Female",-0.165638044079324,-0.587823007020352,-1.3343996712238,0.272936568242214
"55","4343",10,5,5,0.905860359831737,1.3799408397998,1.32094432347919,91,"Female",0.804743131478775,-0.572196517641235,-1.33803658436858,0.467190780471389
"56","4344",14,14,0,0.827407366708281,-0.24699243702347,-0.0145872472748257,211,"Female",0.776528197157832,-0.446116246571131,-1.19784157042244,0.301014403446951
"57","4347",14,13,1,0.581218367453176,0.9909258682631,0.785427783135772,98,"Female",0.529966754266537,0.161855386767653,1.77317355351309,0.259850424869371
"58","4348",8,9,-1,0.299597022173911,-0.32521969816738,0.175342879393686,94,"Female",0.620101068179873,0.0464179122280188,0.454731441102915,0.741620220374731
"59","4350",14,10,4,0.208464943298435,-0.903750578068908,-0.573021472638714,224,"Male",-0.764850982439408,0.617335936988275,-0.00918791021365829,-0.443373745966877
"60","4352",1,14,-13,1.49393723272216,1.78710362032207,1.74608829772361,106,"Male",-0.0371285469926332,0.884986743310834,-0.0066523903697071,0.272230837866357
"61","4353",9,10,-1,0.455367400815457,0.803358777893299,0.74221201571407,100,"Male",-0.800971052422777,1.25153334730068,1.86059626446556,-0.303658827116531
"62","4353",9,10,-1,0.455367400815457,0.803358777893299,0.74221201571407,271,"Female",0.841717488602326,1.20400667303385,1.01547168097941,0.630100143882716
"63","4355",13,14.5,-1.5,-0.55430401626199,-1.05036462943196,-0.70464335240724,112,"Male",-1.10138857858689,0.277344514252278,-0.322476131775254,-0.442544996209073
"64","4356",9,10,-1,-0.269738975003511,-0.0401134454470183,0.0968465945543675,110,"Male",-0.274666355999188,1.26186400671473,1.19838542860267,0.366661353225511
"65","4359",15,15,0,0.236932793914655,-0.336042530954863,0.254342386336733,105,"Male",0.18608539584252,-0.676264314841941,-0.372863360638471,-0.14922106858761
"66","4360",8,9.5,-1.5,-0.803470515866604,-1.61001790473362,-1.36451284932272,222,"Male",-0.160454783345818,0.863188032439973,-0.116066985000906,-0.990139152607411
"67","4362",11,10,1,-0.586537445096742,0.0637948476379692,0.0708088151450171,107,"Male",-0.68006176558178,-0.160983664240477,-0.889407960997142,-0.339157881079445
"68","4364",14.5,16,-1.5,-0.37557323443532,-0.613109423277178,-0.983708256852904,111,"Female",0.0111741508370396,-0.331303672371345,-0.978524113370432,-0.319797631352918
"69","4367",14,15,-1,0.025000368524213,0.456937685120366,-0.0178936344480548,101,"Female",0.847758697675727,-1.32258739903419,-0.766816282773677,0.786104245538981
"70","4371",8,9.5,-1.5,0.692986873138744,0.696520494918222,0.0773076806451351,272,"Male",0.745544502494185,-1.5112047672102,-1.50776845786291,0.755895192845477
"71","4372",9,6,3,-0.45176673213267,-0.33248383611735,-0.78551971206752,266,"Male",0.544440906148058,0.36954247260028,0.605570741606899,0.289672266326241
"72","4373",15,14,1,-0.264221551558295,0.347831149307773,0.645504692108687,104,"Female",-0.69520937535999,0.082924623381372,0.736211410704704,0.446204723187402
"73","4374",15,13,2,-0.706620578557754,-0.200907709277746,-0.638212846928912,259,"Male",-1.16651383428029,0.891514397732113,-0.709060236619616,-0.603218343324433
"74","4376",10,9,1,0.526732806157676,0.652776846231595,0.674295974425258,127,"Male",0.872092147977257,1.16327116778538,0.691985674576219,0.796556540742893
"75","4379",7,8,-1,-0.163589214873532,-0.0531164008199078,-0.0268021867864282,126,"Female",0.582249269993896,0.118230285233034,0.255078022845977,-0.0540224343918171
"76","4380",7,6,1,0.646937690998255,0.462003806226136,0.648376601444592,121,"Female",0.811788284814882,0.733235624281078,0.843175604353489,0.486329895298808
"77","4382",7.5,6.5,1,-0.82222180502492,-0.858088620938098,-0.877930885854447,125,"Female",-0.221176223140274,0.786654216345844,1.14021969634286,-0.0291792493655113
"78","4383",6,7.5,-1.5,0.401057149143581,0.899597325566737,0.975670383320807,124,"Male",0.265167157677766,-1.14726195149718,-0.00793191809243841,0.661284948532351
"79","4384",12,9,3,1.37667040834962,1.16064976132361,1.3828454489208,119,"Female",0.854681882645879,-0.793713321715994,-0.887445521828369,0.784170698408966
"80","4390",13,12,1,-0.458574710281616,0.0351449337392881,-0.241008454485942,117,"Male",0.45681421899486,-0.282532361202002,-1.04928593426463,0.261457104273016
"81","4391",6.5,8,-1.5,-1.00431674750589,-1.30276492564077,-1.294570666033,115,"Male",-0.842689102616476,0.663096419485675,-0.491978860784037,-0.750522484777714
"82","4394",12,12,0,1.11353843732623,1.0334425709831,1.23726578086236,123,"Female",0.865887608678388,0.489359189574947,0.199698900028553,0.792789144638659
"83","4396",11,8,3,0.52425302068466,1.15281069313504,0.815151747669107,133,"Female",0.39633031502823,-0.791284399867011,-1.1396885408397,0.514753371359294
"84","4397",13,5.5,7.5,-0.292450497133073,-0.301492224060028,0.182724809319291,138,"Female",0.308683265306858,-0.606302534842523,-1.22021849623921,0.521003273541029
"85","4400",5.5,5.5,0,-0.525790006335537,-0.281926909665156,-0.414547644458984,132,"Female",-0.147923814842823,-0.0126076258534686,-0.996570707053456,-0.192504145911534
"86","4404",15,9,6,0.715987971666433,-1.27927631709757,-0.306495754583153,128,"Female",0.322702179647906,0.570954451794174,0.356837811950679,-0.252939742046332
"87","4406",4,9,-5,0.0403485935173117,-0.254438416666127,-0.318459184275915,131,"Male",0.155727655113146,0.814313573469323,1.39688006797424,0.347318890180808
"88","4407",11,7.5,3.5,0.0155157461873964,0.0689382772135669,-0.313592461557929,134,"Male",0.532131384522057,0.388897364288776,-0.637388544498745,0.571544880998927
"89","4408",12.5,4.5,8,-0.61033779322409,-1.1138646288222,-0.808524113121932,175,"Female",-0.0907452224791676,-1.46658510011278,-1.27354318296662,-0.47630058663975
"90","4410",9,10.5,-1.5,-0.0124508150180215,0.373198174879067,0.24290839921293,129,"Female",-0.289017825354806,-0.321967253428917,-0.237852818534299,-0.119865605373232
"91","4411",9.5,8.5,1,-0.474217466120196,-0.312922380859988,-0.426540218434158,130,"Female",-1.19633560366364,-1.55638351376483,-1.51820434333509,-0.768940352787165
"92","4413",14,13,1,-0.411533256961238,-1.38733783504112,-0.585726637363001,136,"Female",0.0454742204101551,-0.493103060061588,-1.13016472129604,-0.511268673173049
"93","4419",7,5,2,0.958153136817134,0.315778343347467,0.918235183094248,328,"Male",0.664950702864414,0.444942463516327,-1.14455514693006,0.73321425289043
"94","4421",8,2,6,0.0426667632435732,-0.0119326591289667,-0.316099398070568,8,"Male",-0.138326903774871,-1.32697800036364,-1.08167833850137,0.422062062325627
"95","4423",13,13,0,0.174848194595834,1.26262116013553,1.04614406582424,146,"Male",0.382619783864656,-0.0849597819669992,-0.404558912432515,0.679249098877221
"96","4426",13,9,4,-0.005233357040567,0.0414857635207713,-0.0749876033501909,154,"Female",0.19358550262265,-1.44143503935982,-1.37435790075307,0.494710711752373
"97","4428",14,15,-1,0.232360071888903,-0.261229310228128,0.0077602320137336,142,"Male",-0.77510526416261,1.30586061239919,1.57097763919533,-0.340897432539854
"98","4429",13,9,4,-0.314411984956839,-0.315307682310369,-0.635646968673497,140,"Female",0.183050767143061,-1.07676338536667,-0.624751258373247,0.335889373413297
"99","4430",13,11,2,0.228925048267395,-0.198314563041857,-0.326804216387416,148,"Female",0.829948924405154,-0.449195891624775,-1.04422450820477,0.612639465408896
"100","4431",12,10.5,1.5,-0.906487109899885,0.0826625917427535,-0.670398266642451,149,"Female",-0.790390450137663,-1.89506532247536,-1.58673474488432,-0.91210950991567
"101","4432",12,10,2,-0.975184394961853,-1.13602266278953,-1.1994323015264,157,"Female",-1.01363989369829,-0.461849898661997,-0.725922148814824,-0.479291931702754
"102","4433",14,13,1,0.753971807854756,0.515513508619896,0.934039519140823,144,"Male",0.536860065827003,-0.16898301394052,-1.2575687433849,0.705564250594743
"103","4435",12,12,0,-1.18482366056613,-0.249752116680177,-1.05255602055772,160,"Female",-1.08670373986046,-0.789737536822408,-0.70688118624567,-0.907230387234046
"104","4436",10,13,-3,0.849784914557861,0.864112603856043,0.806418833194323,147,"Female",0.331625681961915,-0.595238712331574,-1.22233786268983,0.224086980984938
"105","4437",12,8.5,3.5,0.641720214640818,0.857148653921345,0.761099225456878,151,"Female",-0.154517053446124,-0.799299849225613,-0.660672695419097,-0.0661567832174101
"106","4440",9,8,1,-0.719479632639397,-1.37278198653197,-1.3594082120082,155,"Male",-0.447893630194981,-0.774841919715813,-1.38192587175186,-0.890429339491614
"107","4447",11,11,0,0.642990037082927,0.61817993881397,0.688416117755098,164,"Female",0.393980060534955,0.958007245852535,-0.0765799525254648,0.680894307127598
"108","4448",14,14,0,0.26070633862181,0.542019370128857,0.0916727773908514,161,"Female",0.431428478441389,-0.742385329602817,-0.149271732827798,0.262845724575286
"109","4449",14,9,5,0.103387662875689,0.276686531463086,-0.683898150933824,159,"Female",0.79722691557335,0.204444539431074,0.623948350648156,0.433279880037836
"110","4450",12,12,0,-0.497903290758227,-1.06835305281365,-0.579160091345526,171,"Female",-0.0967259695828885,0.342631105447458,0.0525563851115348,-0.201148983657951
"111","4451",10,10,0,0.317709252724889,1.50593524331041,1.18417929357366,163,"Female",0.862780247442498,-0.11973499822346,-0.862398492730077,0.783431070066009
"112","4452",14,12,2,-1.43497338270091,-0.770051942346839,-1.45373347028186,173,"Female",0.823888721679119,-1.38680570359082,-1.02394400805622,0.645335454375698
"113","4453",9,7.5,1.5,-0.114352942457493,-0.113567233541234,-0.3603235955586,172,"Female",-0.38870790721322,-1.62972924683853,-0.57640842537787,-1.00425982384487
"114","4454",13,5.5,7.5,-0.273592693174298,-1.1647513852357,-0.330677758051835,168,"Female",-0.473307051849833,-0.723248853375558,-0.873149072131571,-1.02657311883451
"115","4455",14,8.5,5.5,-0.59523160940092,-1.56325979411987,-1.64128231826914,162,"Female",-0.24366137245788,-1.35566890020542,-1.4915378988698,-0.888969930082889
"116","4456",9,9,0,-0.0786609311432707,-0.0988340876054175,0.0325184840840809,167,"Female",-0.0658835976181639,-0.338358913652998,-0.325158118330175,-0.0303747077006632
"117","4457",6,7,-1,-0.172322727951343,-0.360765923996161,-0.607890966064623,166,"Female",0.0345019088763856,0.459177356903966,0.309748856698446,-0.0277831739374944
"118","4458",14,13,1,0.972241230235601,0.505494586951224,0.767819934666967,169,"Female",0.636272509304707,0.589363531028492,0.0786356901610777,0.031791647362215
"119","4459",14,9,5,0.955663818955515,-0.504493548356072,-0.139484184405966,165,"Female",0.748545708331817,-0.534997067037058,-1.33493703936218,0.14236467408019
"120","4460",13,4,9,0.249376357635797,0.778950844351695,0.894619657108443,170,"Female",-0.0470094761041654,-0.807961860146446,-0.856110311848499,0.405299128982365
"121","4461",12.5,14,-1.5,-0.317090973424211,-0.403802771610991,-0.100308149045319,197,"Male",0.591127673085378,1.00341113868899,1.73084444303158,-0.769161560640333
"122","4465",8,9,-1,-0.504669014709126,-0.713767099652051,-0.412842745223637,177,"Male",0.245209449420888,1.09684752126107,-0.0266254556048639,0.0749321581773744
"123","4467",5,6,-1,-0.41152831819327,0.0127019612007766,-0.349741168988676,178,"Male",0.873325531293372,1.87634492856979,2.52886611802787,0.813236680679217
"124","4476",9,7,2,0.89566429517386,0.39635770747914,0.929737768882484,186,"Female",0.696813799045165,0.260898353896701,0.271694035710018,0.593361557258964
"125","4478",5.5,6.5,-1,0.160363574300141,0.417617434669739,0.164566860629872,203,"Female",0.74421415852291,1.16811979374616,0.720592186029138,0.630695189683405
"126","4479",12,7,5,0.529002506651486,0.617990131804947,0.165536361578058,183,"Female",0.391708094025829,1.52877128660356,2.19815464577877,0.702005110919848
"127","4482",4.5,8.5,-4,0.823200055066962,0.385854292572861,0.700500164922613,189,"Female",0.873325531293372,1.87634492856979,2.52886611802787,0.813236680679217
"128","4485",12.5,7,5.5,-0.373868502296761,-0.022219060549746,-0.0188496417738305,185,"Male",0.334677282014238,1.6572995876658,2.20226161158579,0.28130465077504
"129","4488",5.5,5.5,0,0.536995452144834,0.0867084765882333,0.242448141969357,202,"Male",0.821043368247521,1.47990439473324,1.95118478476835,0.522654238654776
"130","4490",1.5,4,-2.5,-0.747939859555724,-0.615129592800143,-0.780367482182341,176,"Male",0.703546151896272,0.57149436369064,-0.50785687649839,-0.167314027433979
"131","4492",4,6,-2,0.269706790681062,0.379282112862827,-0.0483459405383242,195,"Female",0.87003027867041,0.65832988161112,-0.315399378094663,0.78757457994993
"132","4494",2,14,-12,0.326444634922033,-0.242912606325863,-0.0116765103775849,198,"Female",0.672178428692796,1.030608628223,2.17010836018406,0.459679954482804
"133","4495",6,7.5,-1.5,0.628284052595905,0.566251093404153,0.671830402561601,210,"Female",0.604597253758645,1.44988764594253,2.17783138042831,0.424763662236452
"134","4498",6,5.5,0.5,-0.124662674278061,-0.282599762712445,0.0842520520650201,191,"Female",0.675108871315324,0.447146380511365,-0.495160066883866,0.430408982661926
"135","4499",6.5,6.5,0,-0.886210220023489,-1.03668632366764,-1.07000521122956,208,"Female",-0.061654515028791,-0.381634829604545,-0.325688907052772,0.308387867846904
"136","4500",14,13.5,0.5,0.0715547325273333,0.129662546893844,0.180894702252908,192,"Female",-0.594202055778308,-0.0298839279255369,-0.264960632539034,-0.178583962435823
"137","4501",4,6,-2,-0.889708851068086,-0.346551669581199,-0.492191300467161,207,"Female",-0.930601435521919,-0.596209645874944,-1.1013768437285,-0.261309175423928
"138","4502",9.5,9.5,0,-0.082317533365902,-0.301188637299724,-0.617162500716696,204,"Female",-0.531090602742195,0.850759303852961,0.234414809423301,-0.299857686003704
"139","4503",7,7,0,0.341180915604696,-0.256154768688872,-0.326965363054685,182,"Female",0.00200531725712796,-0.0906641780248898,-0.172933626588401,-0.0200261093715439
"140","4505",5.5,7,-1.5,0.232799073903194,0.47640878901433,0.793058495151483,209,"Male",0.867569530598735,1.27651967755109,2.14834678799695,0.810439516345165
"141","4507",15,7,8,1.49393723272216,1.78710362032207,1.74608829772361,180,"Male",0.866187027393963,0.414139138887297,-0.100084617447868,0.790006986657543
"142","4509",9,5,4,-0.482984153187897,0.231746324736952,-0.156054446788049,206,"Male",0.402357292588214,-0.659069027292055,-1.08006755368398,0.54185967946483
"143","4513",1,3.5,-2.5,-0.0691631627708047,0.510701303456218,0.734511764966963,193,"Female",0.228053796382336,-0.425512418087283,-0.685362379481805,0.642671296666901
"144","4514",8,7,1,0.155445514688856,-0.233271610136469,-0.127430255807811,199,"Female",0.544598823040887,1.61819659087843,2.1990980367819,0.736304854017273
"145","4515",6.5,4.5,2,-0.664117935277659,0.417095306127436,0.128248357384113,201,"Female",-0.0942229700858512,-0.237113544000685,-1.26617401588381,0.562667822658539
"146","4517",13.5,14.5,-1,-0.252707785509298,0.867828188040969,0.437744033992706,200,"Female",-0.348825610895271,1.0574150120363,0.533727740372171,-0.363547556429181
"147","4518",7.5,7.5,0,-0.762250935244824,-1.30731020136353,-1.23557690677681,181,"Female",-0.196895581817211,-1.34362189428635,-1.49502891677941,-1.28572476305198
"148","4524",10,9,1,-0.289245578909503,-0.112693579964567,-0.380263178087084,184,"Female",0.171395969051041,-1.28717121252377,-1.47050297971373,0.0294084438105862
"149","4531",7,6,1,0.779383022278552,0.370980620052132,0.891467577863282,253,"Male",0.802520072842714,0.134431031690877,-0.355168001450846,0.436428160821499
"150","4533",12,7,5,0.584981683725451,1.11644239935323,1.10836283409661,255,"Male",0.207394682920427,-1.84313555345111,-1.44887086331242,0.502984788084756
"151","4535",5,8,-3,-0.153885557203794,0.0392701270899925,0.206575307622641,239,"Female",-0.134179382359749,-0.603945486780495,-0.0290200983123932,0.56822396822652
"152","4536",7,9,-2,-0.631070030695659,-1.03744204236813,-0.94251847392619,233,"Male",-0.381105456487853,-1.88627854632035,-1.58224496801397,-0.408568247766713
"153","4537",8,11,-3,-0.308567952557091,0.0134009782075914,-0.493966043390294,229,"Male",-0.289955313724216,-0.763001113890799,-0.163942874150414,-0.143105717060915
"154","4540",12,11,1,0.821302938171762,-1.79299799837826,-0.0815824729126847,241,"Male",0.736366209870582,-1.85902785940124,-1.5801390344094,0.158762420579441
"155","4543",8,9,-1,1.41597459058138,1.38980308079858,1.50784150412311,246,"Male",0.863850341776326,0.856629440438306,1.80542764424049,0.807743075091852
"156","4545",8,5,3,0.156515392602564,0.537643588578022,0.251010976276798,254,"Male",0.82588690436844,-0.472712799553156,-0.112245592670809,0.621663438615404
"157","4546",9,14,-5,-0.32552918462881,0.189119251077483,-0.135523639683596,237,"Male",0.106529052668007,-0.432888541892917,-1.08070695743764,-0.0245323189454868
"158","4549",9,6,3,-0.344776272326645,-0.892048030506249,-0.819635961128714,244,"Female",0.0617583167127377,-0.0426580894488631,0.49779562914688,-0.0849946396146364
"159","4550",6,9,-3,-0.579410536036127,-0.337945224272438,-0.206860478204428,231,"Female",0.502667249097475,0.647201024821941,-0.304972726005305,0.567287330778291
"160","4558",7,7,0,-0.161647266303974,-0.550973260652015,-0.656028908654819,230,"Male",0.310336408213224,-0.604706056836203,-0.254691276381517,0.179861515206154
"161","4559",13,5,8,0.726077817015198,0.120362683860833,0.14848693694082,252,"Male",0.635199205335284,-0.88233187248986,-1.39908883614431,0.0818728158675218
"162","4562",7,8,-1,-0.286001970680038,-0.221121759037131,-0.640222950931963,226,"Female",-0.0888837774835781,0.709676504872155,0.652687722815716,-0.162586981736938
"163","4564",14,12,2,0.0689784920013133,0.262994487506101,0.692436254834236,228,"Male",0.635340014578072,-0.814534754836873,0.207118014775424,0.315300875739475
"164","4566",7,10,-3,-0.433699041077527,-0.541437363800605,-0.204912411797672,236,"Male",0.103703640998066,-1.0255357877156,-0.880670509217333,0.2773145365306
"165","4568",10,6.5,3.5,0.616984092776478,0.193217293206753,0.1467219752659,245,"Male",0.322273300660485,-0.890990758407166,-1.39636832883583,0.185796687955003
"166","4574",5,8.5,-3.5,-0.50008934526075,-0.373094140404235,-0.573391704915375,248,"Male",-0.0436571320620315,0.0531093519428241,0.770034055901226,0.147400262702816
"167","4578",6,8,-2,0.413128612096859,-0.231982043776481,0.467822275917126,312,"Female",0.0646546986395288,-0.642628633378713,-0.366405022348299,0.609906613768641
"168","4585",6,9,-3,1.15048965394537,1.21463396210062,1.32937097641082,317,"Male",0.749729602951596,-0.971389036191959,-0.919719527198522,0.76078152444857
"169","4586",7.5,8,-0.5,-0.0206680939947059,0.368750553459731,0.500372443058397,300,"Female",0.585245798789168,-1.19053536295802,-0.612613058349167,0.594743549819984
"170","4589",13,9,4,0.219984976520074,-0.263168719730796,0.578426856218029,299,"Female",-0.119307501411202,0.915246648059622,0.778869223005906,-0.0361079267656487
"171","4592",13,12,1,0.0487732327954096,1.12457513563723,0.736856913068381,323,"Male",0.742462744215996,1.46061869831346,0.881050779317318,0.605093406745714
"172","4598",13,9,4,0.128282243866223,-1.22292134190039,-0.581134468200789,324,"Female",0.515551139774449,0.824113794677606,0.0239931992019819,0.0724965244413622
"173","4599",9,10,-1,-0.27155104623098,-0.180619412444431,-0.350843004024343,308,"Male",0.123479289679671,0.534813937068984,0.611648368981221,0.328652024673199
"174","4602",8.5,6,2.5,0.375076359907827,0.518541159603922,0.840221810345871,297,"Female",0.0279214538638579,-1.24025608084726,-0.749340991294052,0.600050832473095
"175","4606",8,8.5,-0.5,0.455907714297732,0.603758245781339,0.496901032596813,374,"Female",0.644718788559187,1.64825676276312,1.62886960044508,0.240416543643069
"176","4607",13,8.5,4.5,0.37894117956703,0.59953513967716,0.453512327687982,311,"Female",0.584448817758558,-0.322803107319005,0.849777424730927,0.576450926422635
"177","4608",6,5.5,0.5,0.0664050601861068,-0.510697182500814,-0.288732941711553,307,"Female",0.801613860194776,-0.879496606150369,-1.39496685970797,0.469261299692154
"178","4609",6,4.5,1.5,0.600897313109601,0.330302334571544,0.60994213277794,310,"Male",0.278585719084349,1.86483200169397,2.51843274289534,-0.229389963298178
"179","4610",4.5,6.5,-2,-0.683227735615739,-0.154607701314137,-0.622781524088647,309,"Female",0.266772458065957,-1.14798748817123,-0.406335101907743,0.657443064609328
"180","4616",8,4,4,0.0182019850927288,-0.49393136630387,-0.896472923857249,318,"Male",-0.232835952833193,-0.502609790560087,-1.32261297857329,-0.0759242841782069
"181","4617",7,6.5,0.5,-0.611260489876278,-0.553367907729897,-0.695861972326974,314,"Female",-1.16518130239033,-0.645236731249492,-0.576284907058968,-0.439568505249387
"182","4619",9,9,0,0.129720297533529,-0.00326191307913733,0.471523349727191,320,"Male",0.694039347241897,-0.81698208242215,-1.13012061022805,0.608132814584748
"183","4626",7,9,-2,0.478760166779978,-0.176300448724539,0.180949695240772,298,"Male",0.334722326804933,-0.319935927242737,-0.31532089757721,0.507506828690073
"184","4627",8.5,7.5,1,-0.201952332578598,0.186569146700991,0.614019582980689,303,"Female",0.269585244024613,-1.17756749170697,-1.18942085355734,0.649932596080846
"185","4656",6.5,5.5,1,-0.955618505336645,-0.656618115076226,-0.150448883507748,337,"Female",-0.379247844408783,-1.3277126167305,-0.866981842613248,0.194894670049489
"186","4668",13,14,-1,-0.305731543352198,-0.204044914051575,-0.597876246625462,348,"Male",-0.152705651040007,0.656960362559886,0.413080925451071,-0.221268393026132
"187","4668",13,14,-1,-0.305731543352198,-0.204044914051575,-0.597876246625462,277,"Male",0.453436988166098,-0.440975819067368,-0.942919713684918,0.341495409820791
"188","4686",7,3,4,0.854407883178991,0.938506151046118,1.1180764262635,334,"Male",0.844502035800711,-1.85867378093516,-1.57282590152127,0.779110066798893
"189","4693",4,3,1,0.543476409857869,-0.399305281478806,-0.317510019606504,359,"Female",0.240206836145559,-0.751025109298915,-0.834457615651666,0.0213040614390759
"190","4697",10.5,4.5,6,-0.555769994560484,-0.861057062832646,-0.309272250577092,363,"Female",-0.551922419461318,-0.42681836803664,-0.848274553302516,-0.955984345335653
"191","4702",6,6.5,-0.5,-0.886359062228944,-1.46060955890157,-1.84234526961786,357,"Female",-1.37209440486322,0.64057644618609,0.993620825942847,-1.09923763242199
"192","4704",13,6,7,0.927187971878569,0.961254165386275,1.14900125049238,360,"Female",0.248366998013404,1.62112039930256,2.05659498847047,-0.10288143878004
"193","4710",9,9,0,0.81739907282878,1.35982779641527,1.2822725086947,396,"Female",0.873325531293372,1.87634492856979,2.52886611802787,0.813236680679217
"194","4712",12,8,4,0.601104071247536,1.32312028808658,1.19682714066968,356,"Female",-0.0159489285899483,-1.75717963279418,-1.07944312406111,0.588794804100601
"195","4716",9,5.5,3.5,0.13811978362462,0.173759744776946,0.347799444721052,368,"Female",0.387745972237462,0.838737694724159,1.10397649710517,0.692455427638149
"196","4717",13,9.5,3.5,0.191731477985103,0.295143101476066,0.555603739642664,364,"Female",0.605061782444891,-1.86478449359184,-1.57243097203704,0.724848973660167
"197","4720",15,8,7,1.28790163202307,0.532063139947683,1.08667290174948,372,"Female",0.660973837925655,0.23431818116667,-0.795463933486323,0.736888179575417
"198","4722",9,7.5,1.5,1.00636299364252,1.19548120576368,0.927092734737342,379,"Female",0.771444437038059,1.36240494675854,2.30836145633572,0.258329685975132
"199","4723",13,12.5,0.5,1.00042798299197,0.508874820492201,0.997213818491013,365,"Female",0.616471647954225,-0.431716726411255,-0.0852482190697935,0.73710775810967
"200","4725",14,14,0,1.12739315299766,1.15079726700432,1.29295156023804,371,"Female",0.727833867304453,-0.882028550822563,-1.39282403364061,0.613294239032497
"201","4727",11,6,5,0.910819055103182,1.16142438365926,1.22682294764186,377,"Female",0.159067383418255,1.20454609797177,1.75382750044853,0.508780283719998
"202","4730",13,9,4,0.232888291886102,-0.371120696085197,0.208175744924853,370,"Female",0.834107583577833,0.170473580285429,-0.209854439085024,0.619785518444971
"203","4737",7.5,5.5,2,-0.49349042902187,-0.887555175896361,-1.37875485908462,382,"Male",-0.540886286811062,-0.0944535774939657,-0.0128360063126681,-0.439291296758772
"204","4739",8,7.5,0.5,-1.08635123218777,-0.627547740218281,-0.961542188412066,398,"Male",-1.09640636012628,-0.0386775410867822,0.473807788125446,-0.238474302234868
"205","4740",13,9,4,-0.824144536648731,-0.80753023985273,-0.86603748732041,421,"Male",-0.401680491220819,1.51861299125595,1.23507315758915,0.511979409569402
"206","4743",6.5,5.5,1,-0.643119636039588,0.249172689917516,-0.325785560839986,406,"Female",-0.71877783699107,0.525446250164423,1.6021422823669,-0.850954389421892
"207","4746",7,6,1,1.49393723272216,1.78710362032207,1.74608829772361,397,"Male",-0.123396836623509,0.557163730362848,0.708350477435457,-0.34781770494719
"208","4746",7,6,1,1.49393723272216,1.78710362032207,1.74608829772361,383,"Male",0.535969641902843,0.746904180198687,-0.617285009324321,0.358642843095321
"209","4748",2.5,7.5,-5,-0.804550896896916,-0.175655176556654,-0.255825095582588,404,"Male",0.665553303804573,1.87159621008803,2.52748420373587,0.628983633230509
"210","4750",1.5,6,-4.5,-0.282452473954843,-2.4910867746227,-1.57964497925161,402,"Male",-0.600570476163226,0.345616115867603,0.507691715091758,-2.24102461753342
"211","4752",2,16,-14,-0.242498078144447,0.236892298477854,0.182989164982369,487,"Male",-1.03169348339822,0.899156587185213,1.15846256475708,0.100807692159726
"212","4753",10,4,6,-0.135022124307879,0.519363586166197,-0.139143976874052,380,"Male",0.702880619909229,1.24399599446044,1.18883438178218,0.588286128116436
"213","4753",10,4,6,-0.135022124307879,0.519363586166197,-0.139143976874052,405,"Male",0.873325531293372,1.87634492856979,2.52886611802787,0.813236680679217
"214","4754",3.5,2.5,1,-0.688997012797324,-0.896093316829626,-0.883195626778636,403,"Male",-1.07997577409818,0.283978130022377,0.881225449802794,-0.720726974074986
"215","4754",3.5,2.5,1,-0.688997012797324,-0.896093316829626,-0.883195626778636,399,"Male",-2.16425283881428,1.31488818152644,2.41940298264343,-1.73149621311574
"216","4754",3.5,2.5,1,-0.688997012797324,-0.896093316829626,-0.883195626778636,392,"Male",0.714981412458279,1.30329636477077,0.257817318503412,0.622845426059006
"217","4755",6,5.5,0.5,-0.0548241879936598,-0.234016119261689,-0.342723071848509,400,"Male",-0.934214555897278,-0.00854373719837495,0.871155452897288,-1.28646555780167
"218","4755",6,5.5,0.5,-0.0548241879936598,-0.234016119261689,-0.342723071848509,395,"Male",-0.403875019968402,0.767227950933185,-0.266033947056169,0.0120183878907124
"219","4756",7,6.5,0.5,-0.20141455190819,0.364056282074742,-0.00442784875606906,394,"Male",0.291353995673641,-0.3027781858753,-0.251691823013497,0.176403015732168
"220","4756",7,6.5,0.5,-0.20141455190819,0.364056282074742,-0.00442784875606906,444,"Male",-1.66842649208421,0.633710562846915,0.453747728125286,-1.37835291070837
"221","4758",11,8,3,0.438203533133232,0.45561001654581,0.431257277093377,390,"Male",0.399779606572496,0.300690240156791,-1.04176728479558,0.162344051486351
"222","4760",14,7,7,-0.509133241160786,-0.661033037603906,-0.598891686050742,408,"Female",0.331323687028308,1.47966179595648,2.00402633497355,0.523654576710504
"223","4760",14,7,7,-0.509133241160786,-0.661033037603906,-0.598891686050742,407,"Female",0.441037197045974,1.8006633279648,2.26300860509606,0.400769532840399
"224","4761",12,7,5,0.819732583094128,0.669783483107424,1.00633927914295,393,"Male",0.692798126457547,-0.249903420223649,-0.271046776327626,0.588870020593724
"225","4762",6,7.5,-1.5,-0.85205652614402,-0.56058699784438,-0.609972415989694,388,"Male",0.0876494712174582,0.403662129826049,0.386451914876635,-0.0565893196430741
"226","4763",8,8,0,-0.716759401828983,-0.257013587571945,-0.2480279414938,416,"Female",-1.38521211999421,0.70879655459723,0.27346171772109,-0.720733415580039
"227","4763",8,8,0,-0.716759401828983,-0.257013587571945,-0.2480279414938,384,"Male",0.713348807337516,1.84456282897534,2.39346287885364,-0.106378893853561
"228","4763",8,8,0,-0.716759401828983,-0.257013587571945,-0.2480279414938,412,"Female",-0.877331647140437,-0.766666262145169,-1.24921147505183,-0.25998464306827
"229","4764",13,21.5,-8.5,-0.156543014332126,0.7282327475499,0.78041765079948,389,"Male",-0.0583950929554371,1.85502915509004,2.52273429976649,-0.00783420248951476
"230","4765",12.5,4,8.5,1.07484831984724,0.531546550046434,1.0259615388138,415,"Female",0.873325531293372,1.87634492856979,2.52886611802787,0.813236680679217
"231","4767",13,11,2,-0.433289831860055,-0.660855890911098,-0.709145924338082,409,"Male",-1.19356250663035,-0.659674505028149,-1.362356576936,-1.55085529124824
"232","4768",15,24,-9,-0.00468203405642555,0.0251179323053055,0.266519832227123,413,"Male",0.467169719656401,0.274931836764612,0.0427311967554824,0.401665819821439
"233","4768",15,24,-9,-0.00468203405642555,0.0251179323053055,0.266519832227123,387,"Male",0.737965505780406,-0.454871258695858,-1.32085679146036,0.0764456672538293
"234","4770",10,10,0,-0.719292359636839,-0.266061565852801,0.243462411505258,417,"Female",0.429382256892674,-0.883251585185609,-0.505403977425578,0.517339202667253
"235","4771",6.5,15.5,-9,-0.66116906199802,-0.235168870031417,-0.666139525061708,362,"Female",0.583277322787548,-0.754359239070978,-1.13488758365251,0.719852089368486
"236","4771",6.5,15.5,-9,-0.66116906199802,-0.235168870031417,-0.666139525061708,420,"Female",-1.33436510192862,1.06487817934281,2.39016691106967,0.139804540680646
"237","4773",9.5,4,5.5,0.736292261348587,0.984506716889171,1.10126708925655,414,"Male",0.626993756073787,1.22437369227359,2.29077353804135,0.757615463480924
"238","4775",9,5,4,0.40329262761738,1.07322521081462,0.596582290109692,418,"Female",0.327184611840912,-1.09088091829067,-1.18960589346676,0.66262546332135
"239","4777",13,8,5,0.382118026043843,-0.748749419182592,-0.227138130520996,411,"Male",0.796206633054294,-1.55663173487201,-1.03703874681939,0.498251079240858
"240","4778",7,8,-1,1.24199792595239,1.71358071126964,1.60608403444706,410,"Female",0.770492759107059,1.84325481039853,2.40762947932896,0.788778887261198
"241","4779",13,8.5,4.5,-0.136270657468313,0.0333543951790692,0.104865460590194,443,"Male",0.255553335255829,-0.622392156028215,-0.253567476482988,0.517150128752201
"242","4780",13,15,-2,-0.223304276574182,-0.0423096634176658,-0.12036861679186,440,"Female",-0.193757618386522,-1.44899570793048,-1.3866042594425,-0.365864812669038
"243","4781",14,16,-2,-0.219921624361581,-1.0154014311629,-0.71119068237679,433,"Male",0.0950551344025836,-1.51365581059918,-1.52026581827155,-0.607154777913428
"244","4782",10,6,4,-0.593293272760262,-0.413319849484901,-0.717590602538698,435,"Female",0.171442791061785,-0.305004118797463,0.277852122168664,-0.238240846700198
"245","4783",10,8,2,-0.479491389573571,-0.887034626405161,-0.86701385828828,437,"Male",0.160452168971813,0.486542852776504,-0.805743695717994,-0.833362109509454
"246","4784",13,9,4,-1.32057183344444,-1.17847990947095,-1.4884909430248,442,"Male",-0.518775610255393,-0.572241835311018,-1.21897288103655,-0.443570356002413
"247","4785",13,14,-1,0.0175639910594564,0.535783256464126,0.408989667165195,439,"Male",0.375991511031816,-0.962476234614717,-1.40366772409512,0.670889392513453
"248","4786",14,10,4,-0.278209145001689,-0.142685873451925,0.0757156577961189,436,"Male",-0.592303823687675,0.174893628099427,0.611953734974556,0.0187296624599117
"249","4787",11.5,3.5,8,-0.694079689105965,-1.20642434719113,-0.90026291795423,438,"Female",-1.22142051410252,-0.734007955576373,-1.13102680403591,-0.774003694421887
"250","4789",14,11,3,-0.0785974670318176,-0.0964941562068644,0.563151732774423,434,"Male",0.442875689366053,0.508223165492089,0.460533304801884,0.69955091139581
"251","4795",14,14,0,-0.492531260909682,-0.55663651577402,-0.214095953063766,445,"Male",-0.541220720065849,-0.250544548497099,-1.14879269924913,-0.862153781963752
"252","4799",6,5,1,-0.342590047985266,-0.21629878389482,-0.28556138479641,447,"Male",-1.54921220728875,-0.0312118874533516,0.682618048183473,-1.39797803798194
"253","4801",5,6,-1,0.279805803327581,0.598287193737235,0.612514527371265,460,"Female",-0.114733418111299,-0.645785740311726,-1.22303781703225,0.56019531046755
"254","4802",14,13,1,-0.505847595972959,-0.822733431197163,-1.1202361534601,458,"Female",-1.11445912301297,-1.90395878580887,-1.58426023434196,-0.831249497824705
"255","4803",12,13,-1,-0.866275134833871,-1.28220438093675,-1.22800237891753,457,"Female",-1.40250160095036,-0.945188956004945,-0.437789132264873,-1.20773146149633
"256","4805",7,4.5,2.5,-1.01456845041632,-0.364068899783237,-0.839431050903526,446,"Male",-1.87243631886946,-1.10923685383683,-1.43455256442008,-1.1912133454896
"257","4806",10.5,12.5,-2,-0.412495566929367,-0.343129220520426,-0.736035243989449,450,"Male",-0.854067810660038,-1.352047917297,-1.12998170573358,-0.521041679059421
"258","4807",6,9,-3,-0.545018035926549,0.216565566227316,-0.276821037961441,453,"Male",0.247986924705122,1.18621933558379,1.66204832965542,0.19465996730038
"259","4813",12,11,1,-0.109176757013278,-0.445936498181936,-0.20837964144195,459,"Male",0.339101939076292,0.0654990649651009,0.227074750345683,-0.311792983078126
"260","4815",4,9,-5,1.49393723272216,1.78710362032207,1.74608829772361,427,"Male",0.873075781201388,1.42762488872991,1.24303726070985,0.801487039586903
"261","4816",4,7,-3,1.34726882887734,0.972655678769301,1.28725611383594,423,"Male",-0.903302711312801,1.77227632344742,2.27647476917544,-0.334573289735775
"262","4817",7,5.5,1.5,1.49393723272216,1.78710362032207,1.74608829772361,425,"Male",0.844502035800711,-1.85867378093516,-1.57282590152127,0.779110066798893
"263","4819",5,3,2,0.0389003031920823,0.270554399459949,0.521102055151971,429,"Male",0.63709644321186,1.13163588465474,1.08857279931743,0.610448460151173
"264","4821",6,8,-2,1.01963909027989,1.21855780654382,0.982062348243677,431,"Female",0.290617905188862,1.03445454086253,1.92512958901688,0.54322118509511
"265","4822",6,8,-2,0.717759439006151,0.735469409014834,0.434185252983463,430,"Female",0.43240361552217,0.00461257720349017,-0.357383113484131,0.690658041883778
"266","4824",12,13,-1,0.381285083474284,-0.360002006172632,-0.222258631678229,426,"Male",0.165406718052643,1.57027690945832,1.36993512482224,0.208830553025916
"267","4824",12,13,-1,0.381285083474284,-0.360002006172632,-0.222258631678229,422,"Male",0.346318968185283,0.450264526356366,0.232264687783222,-0.297640055964216
"268","4825",4.5,5,-0.5,-0.34619595954246,-0.34108049108496,-0.813233047560962,428,"Male",0.0432408689622934,-0.147990283376574,-1.25052642966168,0.593626266490976
"269","4826",12,6.5,5.5,0.817860193563472,1.36455362467398,1.28451052507712,469,"Male",0.617997251175839,-0.649456743982507,-1.11565864809364,0.727485568585378
"270","4828",12,13,-1,-0.591426700749428,-1.0987016740032,-1.16058021436852,465,"Male",-0.983344893159578,-0.798395400167041,-0.90991907397398,-0.715264030150519
"271","4829",10.5,10,0.5,-0.868467261353272,-0.785076442625353,-1.05184033667849,471,"Female",0.235230044603906,-1.87235421798762,-1.57764032808868,0.17819179535972
"272","4830",13,12,1,-0.961844349541154,0.358355859774325,-0.349123520871095,473,"Male",-1.88545689676074,-0.891517452423104,0.659686696470677,-2.31658855143046
"273","4831",9,9,0,0.134069827952183,0.168718611416675,0.51151741001635,466,"Female",0.684799393822787,-1.83022879554917,-1.45190979935348,0.432096610300482
"274","4832",5,5,0,1.10249875284091,0.90232796951022,0.457795526333211,462,"Female",-0.342147337897363,1.84643265902627,2.52742168044693,0.263453671897855
"275","4833",5.5,4.5,1,-0.362657049350061,-0.822823633858516,-0.495028287688023,464,"Male",-0.88486189455692,0.252124784573658,-0.439996807996377,-0.209862271383544
"276","4836",15,11,4,0.984061262049349,-0.428874492715619,-0.0250138100370817,461,"Male",0.382327864949867,-0.656004667937042,-0.500530559724162,0.231467989405684
"277","4838",8,11,-3,-0.962029285038942,-1.57741739487214,-1.4622461456528,463,"Male",-1.11474420027298,-0.451584163974381,-0.579571872603324,-0.91575488664529
"278","4839",8.5,9.5,-1,-1.03145592248844,-0.802692288589482,-1.04171088024146,482,"Female",-1.24558005829657,0.787837719706698,0.0223253438621051,-1.68918338706031
"279","4845",8,9,-1,-0.228319429533743,0.222980372707926,-0.141509674260127,480,"Female",0.104762239579659,0.948035170951086,0.398450586192403,0.0126916536168484
"280","4846",14,14.5,-0.5,0.472730169816436,-0.596704920574386,0.134871755408937,474,"Male",0.740367219138048,-0.652584329246509,-1.3571891079127,0.103106758174435
"281","4848",14,6,8,1.06300986540778,-0.140022916408963,0.285209534554118,481,"Female",0.816544097240102,1.43979595164945,1.7910815034977,0.494444596484765
"282","4850",6.5,4,2.5,-0.899686381822232,-1.31883034800738,-1.26228939283575,477,"Male",-1.27179735488743,-0.304357398582934,-0.752096073624472,-1.08104582882086
"283","4855",11,8.5,2.5,-1.37369859928816,-1.26889472886731,-1.26273219281171,476,"Male",-0.255661394229148,-1.72039179088669,-0.937001250368639,-0.473491230028547
"284","4860",6,6,0,-0.168389789344205,-0.893469779734767,-0.687124218882514,495,"Male",0.0675234516523596,0.0810464615661109,0.00756137741419663,0.178584339119293
"285","4861",11,8.5,2.5,-0.838027496475551,-0.209688522121376,-0.349957913591987,501,"Female",-0.621937481729717,0.324980758290988,-0.310245475516493,0.150780173475577
"286","4862",13,14,-1,0.567316051010583,-0.374208775910164,0.142469628042912,498,"Female",0.562932785486072,-1.68759038003193,-1.55010394688614,-0.0955296138025605
"287","4863",11.5,8.5,3,0.244988220795071,-0.923775014577647,-0.679937214693095,493,"Female",0.215744689243159,-1.87298067792399,-1.57720591204573,0.205771561661057
"288","4868",6,8,-2,0.728562435530392,1.08068728401342,1.13697055757264,500,"Female",0.110581072855256,-1.24832964259331,-1.45497555879771,0.611372541162142
"289","4869",15,14,1,1.11771973926313,0.76962758869366,1.12963170746303,497,"Male",0.525428744534231,-0.849932626295046,-0.589172875123391,0.228218109355078
"290","4870",12,6.5,5.5,-0.567442157386825,-1.50647943055721,-1.39658680267218,499,"Male",-0.230610454997795,0.526644992818532,1.4056767946748,-0.325294659058347
"291","4871",9.5,6,3.5,0.0252189871588049,-0.725572416964495,-0.32484388483897,489,"Female",0.138467916093289,1.68434199015673,2.49213140655805,0.209924361389635
"292","4874",7,6,1,-0.63739491633179,-0.583257397810406,-0.25063340189106,492,"Male",-0.271833740219185,-0.159785321982407,0.0449023306007994,-0.162838347439084
"293","4878",13.5,16,-2.5,0.832915111957394,0.835641928749814,1.07184973974684,539,"Female",0.571409885121977,0.0520577391691987,-0.847598504007094,0.716797681801598
"294","4879",16,24,-8,0.384762851512401,0.57873665204328,0.440627128156127,509,"Male",0.875602583824035,1.30430317611373,0.249039301548378,0.792078618266625
"295","4879",16,24,-8,0.384762851512401,0.57873665204328,0.440627128156127,506,"Female",0.204501553406823,0.51408307450238,-0.610891996726429,0.35986206752161
"296","4880",14,11.5,2.5,0.144628659192732,-0.193269939688523,0.581941365001624,541,"Male",0.662204834807362,-1.79675414438611,-1.33598620251718,-0.262942624902327
"297","4884",14,16,-2,0.172840254637927,1.02568475128013,0.959610312697535,517,"Female",-0.775087382421589,1.0541380665013,1.75716240502303,0.434785741357855
"298","4885",15,13,2,0.662981971221769,0.354875264544767,0.857276189405959,526,"Female",0.671668064553882,0.584942537948719,1.39899445779553,0.463142148930687
"299","4886",13,7,6,-0.296870646431335,0.387325791148908,0.277259280367998,534,"Female",0.428313517626645,-0.936256437260883,-0.918514715568649,0.362137868569397
"300","4887",13,12,1,-0.140591703272066,0.0376362865609863,-0.492922555141573,543,"Male",-0.460512088397917,0.318040429308873,1.14413606858072,-0.805856775215001
"301","4888",12.5,15,-2.5,0.883682373877661,-0.0222109279857768,0.376198554827115,536,"Female",0.686428935596735,1.14252989914388,1.60442569022107,-0.23669787434702
"302","4896",14,15,-1,0.332070431566921,0.348884206648725,0.776747237240406,537,"Female",-0.899264136660455,0.288701049675513,-0.301665125214566,-0.0212521299327689
"303","4897",14,14,0,-0.211700842547943,0.0426804889622251,-0.531249357069875,511,"Male",-0.336540224115827,-1.7116370122061,-1.54516713125378,-0.0249530230400043
"304","4898",14,19.5,-5.5,0.913847091195338,-0.0028094799522686,-0.295631430138758,505,"Female",-0.788508604321284,-0.438867872559743,-0.244156308609225,-1.07707646632203
"305","4898",14,19.5,-5.5,0.913847091195338,-0.0028094799522686,-0.295631430138758,518,"Female",0.705737454109503,1.00614046108209,0.417226607962886,-0.155288989754134
"306","4899",14,20.5,-6.5,-0.0351773363188155,0.00990279411238996,-0.232805178870932,525,"Female",-0.195349668092957,-0.560278384504853,-0.70116615960186,-0.318677965529289
"307","4899",14,20.5,-6.5,-0.0351773363188155,0.00990279411238996,-0.232805178870932,504,"Female",0.119861133979526,-1.41138383221098,-1.25739840990106,0.115809326959459
"308","4900",14,14.5,-0.5,0.266613115760749,-0.161200890497981,0.00166285228681274,522,"Male",0.174916256507308,0.846845310541082,0.810548943156756,-0.143584159461061
"309","4901",13,14.5,-1.5,0.245340107137754,-0.473970350081584,-0.0328552466808214,516,"Female",-0.602491670127035,-0.577886784803866,-0.773659109313767,-0.737793064608504
"310","4902",13,9,4,-0.547776973208707,-0.494346314931503,-0.706186490928542,530,"Female",-0.0908582258608935,0.746109003406469,0.107960704598825,-0.324411359847316
"311","4903",8.5,7.5,1,-0.765717988076903,0.206068481244595,-0.0785934660638349,529,"Female",0.0196878763142209,-0.616560532546632,-0.776515122643236,0.0252468184292614
"312","4904",14,15,-1,0.938812338404331,0.616222716880173,0.416794526529923,513,"Male",0.564625630171013,-1.00823760671422,-1.21785388723192,0.443607039644547
"313","4906",15,13,2,0.939000281961906,0.398027237505916,0.625050770514041,524,"Female",0.712505260506318,1.73214037877657,1.96689898343777,0.634295018807331
"314","4907",8.5,7,1.5,-0.587057094730543,-0.405044555555097,-0.768442444230215,535,"Male",0.0731430377875573,1.06946256145849,-0.646573301083103,-0.888075341332327
"315","4908",16,15,1,0.347177030585457,0.221675809846494,0.0195878361872249,521,"Female",0.253860256709764,-1.38650053858485,-1.36902743729781,0.172661780263471
"316","4909",14,15,-1,-0.154804593581889,-0.150524287860768,-0.497812764910742,531,"Female",0.0786033506202922,-0.0276254242914805,-0.133973638279066,-0.237057653582056
"317","4910",12,11,1,-0.166860062630863,0.149192862741235,-0.173425956881344,515,"Female",-0.995777275658053,-1.1512819260891,-1.43754477371397,-0.211881857016106
"318","4911",14,15,-1,0.473332057065114,0.494924218085843,0.661725319607611,512,"Female",0.154104453632178,-1.64683222961339,-1.53713477597246,0.0221268312975497
"319","4912",13,12.5,0.5,0.474237936758842,-0.573300707432268,-0.493628404763914,532,"Female",0.510049702355497,0.344816709624061,0.652475850231162,0.280387709418012
"320","4913",13,8,5,-0.631639696390155,-0.560177121095658,-0.626628353402602,510,"Male",0.0248504127668705,-0.170392172402848,-0.332713895011017,-0.101598772450201
"321","4914",14.5,14.5,0,-0.0227636892260419,0.787621944956001,0.830521549264638,527,"Female",-0.165295579649971,0.794609966078782,0.990262901003374,0.240412674816925
"322","4917",12.5,16,-3.5,-0.389500751713797,0.123574367392751,-0.353333201342069,519,"Male",0.329469558727426,-0.627556018291107,-1.1133835245891,0.389786721904949
"323","4919",14,13,1,0.284509263065905,-0.354352590795421,-0.0232761852491234,508,"Female",-0.668177049463006,1.07137563301357,0.802618910986172,-1.04086137167426
"324","4920",9.5,8.5,1,0.90561692399651,0.133905115574056,0.475348223990352,542,"Female",0.81532622487488,1.59825830535903,1.4173481051667,0.463885214392051
"325","4921",12,8,4,-0.468864751272522,0.268379605583591,0.100676160516598,528,"Female",-0.187729331039512,0.529604792688482,0.792364641004338,-0.00586655539428749
"326","4922",10,10.5,-0.5,-0.191215132047853,0.0724426417164174,-0.0388269891983038,523,"Female",0.397633497078972,0.900510901463027,0.513720127185799,0.413905443480963
"327","4926",14.5,14,0.5,-1.26524138452106,-1.30409283041429,-1.02479917459934,533,"Female",-1.04573168927181,-0.0508684956714131,-0.153989555366558,-0.78998096306446
"328","4927",15,12,3,-0.566027921583144,-0.215543821111097,-0.524242370026296,538,"Female",-1.50751148740528,-0.295831676303955,-0.380719832084529,-0.834878816521012
