"","ID","PostScore","PreScore","SE_S","TV","MG_S","X.1","X","Gender","SelfEfficacy_P","PerfAvGoals","PerfAppGoals","MasteryGoals_P","Average.of.RTc","Average.of.EFF","Average.of.ACC","Per.Correct","Eff2","FM_ACC_mean","FM_EFF_mean","FM_RTc_mean","Per.ACC","EFF2"
"1","4219",8,8,0.954633848743219,0.669801970703643,0.899296515317599,10,10,"Male",0.873325531293372,1.87634492856979,2.52886611802787,0.813236680679217,6.72,"113.51",0.86,86.11,"12.81",0.98,67.39,2.07,97.66,47.14
"2","4224",9,2,0.446503760370459,0.699867864155713,0.358041742245193,14,14,"Female",0.67256142208307,0.0815648930967104,0.723576512336612,0.481911450742993,3.29,"132.66",0.77,76.85,"23.33",0.97,67.99,1.87,96.88,51.85
"3","4229",9,8,0.778624557468589,0.612361720940821,0.698335483337959,11,11,"Female",0.873325531293372,1.87634492856979,2.52886611802787,0.813236680679217,2.23,"113.95",0.94,94.44,"42.36",0.91,91.95,3.34,90.63,27.13
"4","4230",13,7,0.672764238663077,-0.0179861737964614,0.13711767764309,6,6,"Female",0.335040755637941,1.62769710636205,1.50846717672557,-2.28953483846546,1.57,"141.13",0.78,77.67,"49.59",0.53,1434.88,0.31,53.13,171.58
"5","4232",13,7,-0.351003351282885,-0.194091477972615,-0.588401395770294,3,3,"Male",-0.0408105564902513,0.0188828425344839,0.598636322116305,0.160526932103102,1.13,"151.56",0.79,78.7,"69.68",0.94,86.52,1.78,93.75,52.73
"6","4235",9.5,5,-0.00015291957003809,0.518911074347604,-0.142152056108413,5,5,"Male",0.445339296420164,1.02535583192753,1.36671029149979,0.437380344131178,3.18,"90.39",0.94,93.52,"29.40",0.98,100.15,1.31,98.44,75.16
"7","4236",8,8,-0.272768145269553,-0.337211449354634,-0.389501598672413,12,12,"Male",0.597348684908363,0.589297801636416,2.08873157542945,0.441562334998352,3.05,"138.57",0.86,86.11,"28.21",0.92,99.54,1.79,92.19,51.64
"8","4240",6,2,-1.18649011302832,-2.07690702676355,-1.75755386981057,58,58,"Male",-1.58622438499595,0.908267516161839,0.866246212310985,-2.13746652113771,0.94,"103.39",0.92,91.67,"97.75",0.95,100.73,1.16,94.53,81.82
"9","4241",15,11,1.24132435142007,1.22711383213452,1.00422287750467,23,23,"Male",0.618240146875107,-0.710348899623776,-1.35846540571412,0.725232140664004,1.82,"111.48",0.9,89.81,"49.28",0.94,107.24,1.65,93.75,56.82
"10","4242",5,10,-2.99274816398913,-3.46546886290522,-3.56269960376151,33,33,"Male",-0.58524631199449,1.13109418078945,0.17917033799163,-0.687106633511717,1.06,"115.61",0.93,93.46,"88.38",0.97,66.9,1.82,96.88,53.22
"11","4243",11,13,-0.735393077431667,-0.613879455993296,-0.729150182021214,52,52,"Female",-0.138096436763386,0.288855292936579,-0.370803688751916,-0.0399634336990352,0.76,"153.79",0.73,73.15,"96.69",0.94,89.22,1.53,93.75,61.42
"12","4244",6.5,5,-0.717832968177611,-0.175788838431351,-0.536642658299147,28,28,"Male",-0.143765451074458,1.08998317014471,0.139224876365999,-0.349110390279939,1.67,"63.70",0.95,95.37,"57.21",0.76,121.91,1.29,75.78,58.66
"13","4245",10,16,0.149574581959463,-0.208099282339474,-0.10315610542393,217,217,"Female",0.705227810261911,0.689929294491062,-0.516726343608092,0.585131951317978,1.16,"141.52",0.94,93.52,"80.40",1,73.91,1.76,100,56.87
"14","4247",14,7,0.906920510326873,0.0773868979615422,0.339085215915581,24,24,"Male",0.671180674463288,-1.14287600558217,-1.44476764812895,0.305273501163173,1.02,"99.46",0.96,96.3,"94.73",0.96,77.48,1.61,96.09,59.58
"15","4248",11.5,9,0.738531970419482,1.58763962732862,1.37963914862251,61,61,"Female",0.545688568258832,-0.559327242864812,-0.590393335492382,0.579111616022919,1.33,"312.89",0.97,96.7,"72.65",0.98,92.92,1.13,98.44,87.5
"16","4249",14,11,0.274277074895162,0.410682768265141,-0.157652158990946,57,57,"Female",0.524920356259804,0.22598995298855,0.653257547863895,0.584231441764766,1.05,"111.66",0.9,90.48,"85.94",0.97,123.7,0.94,96.85,102.64
"17","4257",12,7,0.876835613713928,-0.685045912065127,-0.395396716772976,30,30,"Female",0.565641092719501,0.476005574514332,1.30079618022517,0.426526237456758,0.6,"168.40",0.91,90.74,"152.29",0.95,86.74,1.35,94.53,70.28
"18","4258",9,12,0.365499103223046,0.692928007969045,0.389045987519778,56,56,"Male",-0.0029234453961211,1.85539410516016,2.52591493262888,0.26498808369456,2.12,"51.13",1,100,"47.27",0.72,69.37,2.39,71.88,30.07
"19","4259",12,7,0.655811331508427,1.22574644628133,0.645905543205924,32,32,"Female",0.761605567366131,0.654704249213978,1.03206071396704,0.77724072883025,1.06,"135.37",0.79,78.7,"74.09",0.98,65.18,1.83,98.44,53.88
"20","4260",11.5,10,0.90109727664705,0.69718756330254,0.673446739570882,59,59,"Male",0.44336378706682,-0.441008802618964,-0.943600955610196,0.283708024945502,0.8,"132.35",0.91,90.63,"113.19",0.98,88.92,1.27,97.66,76.96
"21","4261",15,15,0.0183781545205334,-0.440167804069749,-0.239748206125126,20,20,"Female",0.323382831737179,-0.258734259722948,0.427697443348282,0.365468960240078,0.51,"224.74",0.85,85.19,"166.75",0.89,136.98,0.92,89.06,96.59
"22","4267",11,8,-0.107034365071947,0.92249273054714,0.582752147064261,18,18,"Female",0.496891124766796,0.574345824827322,1.7395879224317,-0.144952027094098,0.72,"187.50",0.84,84.26,"116.47",0.95,88.91,1.7,94.53,55.74
"23","4268",12,11,-0.577262564718582,0.453791220021207,0.205033204790062,55,55,"Female",-0.451579014716395,0.457602953040415,-0.688190412519296,-0.726379560648385,1.25,"103.25",0.87,87.04,"69.68",0.99,97.71,1.3,99.22,76.51
"24","4269",6.5,6,0.127054578123067,-0.586682928885474,-0.415417086410192,60,60,"Female",-0.00182464231045384,1.47010716410381,0.979038663614712,-0.146841356041488,1.26,"82.75",0.95,95.37,"75.90",0.95,93.4,1.25,95.31,76.05
"25","4271",15,14,-0.702603312246667,0.330127974642185,0.292140298246857,53,53,"Male",0.572990771798311,-0.10486101207496,-0.476293468322293,0.451617091761575,0.87,"125.28",0.84,84.26,"97.17",0.98,97.37,1.22,97.66,80.18
"26","4273",14,15,0.312338427523404,0.557073302853732,0.564221077730742,44,44,"Male",0.80696057114395,-0.0932832277581838,-0.257334689228001,0.481329460069492,1.72,"68.65",0.98,98.15,"57.02",0.94,92.35,2.01,93.75,46.58
"27","4275",12,13,0.532625300219718,0.794560435419203,0.681346188983145,43,43,"Male",0.632286990626449,0.688063251973932,-0.0181971094177334,0.438806310314183,0.32,"292.74",0.06,5.56,"17.34",0.84,152.72,0.75,84.38,112.73
"28","4276",14,16,-0.15038301547653,0.661109736288316,0.330243855244058,36,36,"Male",0.52896135702242,-1.60788164161798,-1.40733194143781,0.573193818505567,0.57,"170.00",0.92,91.67,"159.61",0.94,95.48,1.26,93.65,74.13
"29","4277",12.5,9,-0.0926006478031798,-0.862251046371348,-0.551242284983916,47,47,"Male",-0.0776699322991456,-1.04717793111289,-0.990804935435112,-0.0271815520615427,0.67,"160.46",0.91,90.74,"135.18",0.97,87.44,1.41,96.88,68.56
"30","4278",13,10,-1.3466594583496,-0.998670509081626,-1.20650716890446,83,83,"Male",-0.653783004453549,-1.27787411154245,-1.34255412310995,-1.185420955202,1.19,"95.21",0.94,94.44,"79.30",0.98,134.13,0.82,97.66,119.12
"31","4279",14.5,13,-0.221534406122318,-0.564703687482485,-0.56156571846263,213,213,"Male",0.630566220664646,0.838424581064218,0.250032049442146,0.738492656312629,1.29,"144.76",0.84,84.26,"65.28",0.95,86.19,1.59,94.53,59.4
"32","4279",14.5,13,-0.221534406122318,-0.564703687482485,-0.56156571846263,215,215,"Female",0.842979860496494,1.5639861938063,1.78488140614285,0.636997674909348,1.29,"144.76",0.84,84.26,"65.28",0.95,86.19,1.59,94.53,59.4
"33","4284",7,8,-0.432111357093367,-0.74517059718829,-1.10372473541277,38,38,"Female",-1.08575959754632,-0.51000933173136,-0.456687204738167,-0.965221127858257,1.39,"99.45",0.83,83.33,"59.88",0.95,53.32,2.54,95.31,37.57
"34","4286",12,12,-0.749025233030475,-0.946146867562899,-0.895128628286038,48,48,"Female",-0.969908866220601,-1.90114478360028,-1.58177365788824,-0.581757110212788,1.12,"102.13",0.94,93.52,"83.47",1,50.69,2.35,100,42.52
"35","4287",9,6,0.695242171034526,0.764105450375817,0.197217095861354,42,42,"Female",0.131649119584765,-1.1837357988992,-0.839390179661338,0.622380660452405,1.4,"104.35",0.78,77.78,"55.54",0.98,86.73,1.45,98.44,67.93
"36","4288",14,13,0.36213677567794,0.457304866511678,0.190242720709249,64,64,"Male",0.433009281265438,-0.0637019093571029,-0.840902730500098,0.213286737571282,0.85,"137.19",0.9,89.81,"105.44",0.98,103.81,1.19,98.44,82.45
"37","4289",8.5,4,-0.323312321648426,-0.448003137549519,-1.05223436824946,45,45,"Female",-0.48626881815694,1.0911795188321,1.71682457634292,-0.0660936814895337,3.69,"168.73",0.44,43.52,"11.79",0.93,61.99,2.19,92.97,42.4
"38","4293",7,6,-0.476832472299389,-0.384014299963767,-0.480755062271614,86,86,"Male",0.141525580424087,0.922580555815312,1.64772370573359,0.169329730430644,0.75,"170.93",0.85,85.12,"113.82",0.85,89.75,1.45,85.43,58.81
"39","4295",16,13,-1.53156270314886,-1.22181633403279,-1.27482610764624,278,278,"Male",0.796713477745096,-0.712505030614472,-0.927654884186059,0.444629833768844,0.52,"218.20",0.79,78.7,"152.43",0.88,124.09,1.04,87.5,83.95
"40","4297",6,4,-0.42542549184802,-0.130865043463014,-0.408939806368089,352,352,"Male",-0.406873597555026,0.971315000617392,0.0359314042659007,-0.311961507642692,1.16,"214.18",0.77,76.85,"66.34",0.87,96.97,1.37,86.72,63.48
"41","4299",7,2,0.618850078985677,0.43102005153207,0.431953999719689,80,80,"Male",0.486447376480289,1.26413641647092,1.93889932263384,-0.0627853682648002,1.25,"86.71",0.94,93.52,"75.04",0.97,55.69,2.23,96.88,43.43
"42","4301",7,9,0.25650156057818,0.704108327743681,0.858253399431947,78,78,"Female",0.819421311694355,0.864473229655242,0.50345112503725,0.509585597573583,0.82,"120.95",0.94,94.44,"114.91",1,84.78,1.34,100,74.83
"43","4302",12,2,0.0326745285083719,0.127922448900791,0.204878243535456,82,82,"Female",-0.437282526970837,0.507980485915767,0.593790200598682,0.0663670175611163,1.91,"69.40",0.97,97.22,"50.90",0.99,40.29,5.37,99.22,18.48
"44","4304",10,8,0.568359509041649,0.127433000201114,-0.0302736257276916,67,67,"Male",-0.341169617536764,0.961415853716455,0.995523526559671,0.255458711423843,0.76,"240.26",0.73,73.15,"96.00",0.98,74.8,3.11,97.66,31.42
"45","4305",7,6,-0.956738890392393,-1.09604087057189,-1.2831581870565,262,262,"Female",-1.31503253579444,0.76062488297438,0.758523937622537,-1.3551747988427,0.72,"190.46",0.8,79.59,"109.94",0.98,71.98,1.88,98.05,52.05
"46","4309",15,9,1.05891537622102,1.66967195326176,1.53885793386353,81,81,"Male",0.860060534954206,-0.222376717843605,-0.499337357299385,0.787082539475132,0.71,"148.77",0.88,87.96,"123.33",0.98,106.8,1.13,97.66,86.17
"47","4313",12,10,-1.16777133727552,-0.533326833262542,-1.06613104834178,71,71,"Female",-0.895731710682474,-0.725299376436552,-0.636570339206245,-1.00275660356619,0.89,"159.53",0.81,80.77,"91.00",0.96,71.61,2.69,96.09,35.76
"48","4314",12,7,-0.461930543316133,-0.822330464980532,-0.160147165020125,261,261,"Male",0.0113970493349265,-0.802312505554219,-0.341595659780522,0.273135999324877,0.87,"114.74",0.92,91.67,"105.79",0.99,85.17,1.37,99.22,72.66
"49","4315",12,11,0.769896139259704,0.345738445241405,0.647363908675246,72,72,"Male",0.860133259274234,-0.240710624988497,-0.572342721127945,0.786405032044714,1.08,"120.10",0.93,92.59,"85.71",0.92,77.03,1.66,92.19,55.61
"50","4319",7,6,-0.0324227372591959,-0.00605838448127946,0.0744946929782403,73,73,"Female",-0.108270965893961,1.30711123566408,1.86033160988073,0.290278716721337,1.69,"136.21",0.35,35.19,"20.79",0.95,64.42,2.41,95.31,39.51
"51","4321",5.5,5,-0.588244025822079,-0.256526080354122,-0.464434616133332,65,65,"Female",-0.162550137302525,-1.07648552066528,-1.43396589682066,-0.396436694838706,0.61,"188.15",0.77,76.85,"125.29",0.95,83.14,1.46,95.31,65.49
"52","4322",14,4,-0.133433912318991,0.986067972594236,0.39275009538841,70,70,"Female",-0.597012490935292,0.463568032175861,-0.470422568177146,-0.191231163767274,0.69,"184.00",0.81,81.48,"118.61",0.96,106.08,1.14,96.09,84.59
"53","4324",14.5,14,0.86905682380868,1.619685742039,1.44256083750767,93,93,"Male",0.622890884426288,0.297098750660143,0.518917550519093,0.741874390373232,1.76,"54.73",0.97,97.22,"55.31",0.95,105.72,1.07,95.31,88.84
"54","4327",15,13,0.0959636422180839,0.322164941864595,0.483706188502066,88,88,"Male",0.567166458450869,0.728466668157585,0.976346681101731,0.406623886808046,0.6,"183.43",0.92,91.67,"151.90",0.94,108.98,1.06,93.75,88.31
"55","4328",16,15,0.64636199555582,0.191231334555699,0.667612810657158,92,92,"Male",0.385972580001313,-1.56366708892896,-1.24745032953996,-0.542336011945395,0.71,"167.59",0.83,83.33,"116.92",0.98,84.97,1.29,98.44,76.32
"56","4335",4.5,11,-0.224205247440284,-0.488442983097618,-0.647177554705822,218,218,"Female",-0.696916065021996,1.11536198179488,0.799725550349495,-0.471184153130053,0.56,"199.29",0.85,85.19,"152.40",0.91,124.01,0.92,91.41,98.89
"57","4339",12,8,-0.421527958367024,-0.0407027374424665,-0.136106102234292,99,99,"Female",0.294750541017494,-0.319331116623713,-0.290191354897715,-0.0734657937554166,0.7,"146.13",0.93,92.59,"132.65",0.95,90.05,1.27,94.53,74.58
"58","4341",14,12,0.820063958563119,0.312982860128197,0.0733549333454761,214,214,"Male",0.494436234407907,1.12129555369339,-0.458051717899582,0.0990278718433831,0.52,"209.79",0.89,88.89,"169.95",0.91,136.6,0.87,90.63,104.62
"59","4342",16,14,0.364262401715307,0.345515485686674,0.180637472349803,114,114,"Female",-0.165638044079324,-0.587823007020352,-1.3343996712238,0.272936568242214,1.63,"59.81",0.98,98.15,"60.14",1,76.75,1.58,100,63.18
"60","4343",8,4,0.890261221201725,1.37459672903815,1.32873055384692,91,91,"Female",0.804743131478775,-0.572196517641235,-1.33803658436858,0.467190780471389,0.79,"139.78",0.8,79.63,"101.13",0.97,90.79,1.29,96.88,75.16
"61","4344",13.5,13,0.804625846245098,-0.221640817832032,-0.00060012097554697,211,211,"Female",0.776528197157832,-0.446116246571131,-1.19784157042244,0.301014403446951,0.42,"244.04",0.88,87.96,"211.19",0.91,125.3,0.94,90.63,96.41
"62","4348",8,8,0.289391020613046,-0.309513081822129,0.181859416873483,94,94,"Female",0.620101068179873,0.0464179122280188,0.454731441102915,0.741620220374731,1.31,"112.58",0.93,92.59,"70.94",0.88,111.8,1.48,88.28,59.62
"63","4350",16,11,0.190853455008708,-0.907719964377795,-0.62601371850031,224,224,"Male",-0.764850982439408,0.617335936988275,-0.00918791021365829,-0.443373745966877,0.54,"208.71",0.78,77.78,"144.35",0.92,108.12,1.09,92.19,84.47
"64","4352",1,15,1.50411941885496,1.80356089543206,1.78631270699341,106,106,"Male",-0.0371285469926332,0.884986743310834,-0.0066523903697071,0.272230837866357,0.74,"167.16",0.88,87.74,"118.57",0.98,82.26,1.39,98.44,71.03
"65","4355",14.5,15,-0.554570770664421,-1.03253522365188,-0.709675357499783,112,112,"Male",-1.10138857858689,0.277344514252278,-0.322476131775254,-0.442544996209073,0.9,"98.95",0.96,96.3,"107.28",0.98,71.78,1.51,98.44,65.02
"66","4356",10,11,-0.272541734480501,-0.0355316429748415,0.121657145623823,110,110,"Male",-0.274666355999188,1.26186400671473,1.19838542860267,0.366661353225511,2.84,"44.29",0.98,98.15,"34.56",0.99,83.29,1.59,99.22,62.4
"67","4357",6,7,0.00785662076893288,-0.37080220125197,-0.313294668350057,103,103,"Male",0.238095616674058,1.79044108830256,2.24371229129163,0.370827599099434,0.35,"294.65",0.7,70.37,"201.61",0.98,85.87,1.4,97.66,69.81
"68","4360",7,8,-0.79412652998142,-1.55878728448971,-1.30436854946777,222,222,"Male",-0.160454783345818,0.863188032439973,-0.116066985000906,-0.990139152607411,0.98,"189.54",0.91,90.74,"92.37",0.98,82.52,1.54,97.66,63.21
"69","4362",12,10,-0.579131947254778,0.0759575891423923,0.0985449483403178,107,107,"Male",-0.68006176558178,-0.160983664240477,-0.889407960997142,-0.339157881079445,0.7,"164.03",0.93,92.59,"132.97",0.98,117.52,0.97,98.44,101.61
"70","4363",15,16,0.667115368844555,0.192763036556031,0.325083097476198,108,108,"Female",0.633885277937553,1.87023421591311,2.5292610475121,0.758975587540491,2.1,"48.21",0.99,99.07,"47.22",0.98,90.14,1.4,98.44,70.46
"71","4364",14,15,-0.368523083530975,-0.596841890620121,-0.930266684610553,111,111,"Female",0.0111741508370396,-0.331303672371345,-0.978524113370432,-0.319797631352918,0.78,"142.63",0.89,88.89,"114.27",0.96,72.67,1.73,96.09,55.68
"72","4372",11,7,-0.45976035669435,-0.338089692458146,-0.790902619318792,266,266,"Male",0.544440906148058,0.36954247260028,0.605570741606899,0.289672266326241,0.55,"200.88",0.75,75,"136.23",0.94,99.01,1.33,93.75,70.75
"73","4373",14,13,-0.274951378035942,0.340621184405228,0.613641962242476,104,104,"Female",-0.69520937535999,0.082924623381372,0.736211410704704,0.446204723187402,1.83,"192.71",0.76,75.93,"41.57",0.98,147.95,0.75,97.66,130.97
"74","4374",16,14,-0.708715000878478,-0.201849741983501,-0.636135479363325,259,259,"Male",-1.16651383428029,0.891514397732113,-0.709060236619616,-0.603218343324433,1.23,"320.02",0.82,82.41,"66.83",0.94,117.27,0.97,93.75,96.66
"75","4376",11,10,0.502734000344555,0.644650397590131,0.650618935972184,127,127,"Male",0.872092147977257,1.16327116778538,0.691985674576219,0.796556540742893,1.05,"126.45",0.83,83.33,"79.40",0.96,88.02,1.46,96.09,65.64
"76","4382",7.5,5,-0.819351542845969,-0.84821396105187,-0.883684128732549,125,125,"Female",-0.221176223140274,0.786654216345844,1.14021969634286,-0.0291792493655113,4.87,"137.10",0.8,79.63,"16.34",0.77,109.63,1.28,76.56,59.81
"77","4383",5.5,6,0.383934833009639,0.890762696695098,0.96183263873048,124,124,"Male",0.265167157677766,-1.14726195149718,-0.00793191809243841,0.661284948532351,0.64,"233.79",0.81,81.48,"127.78",0.73,139.63,0.87,73.44,84.8
"78","4390",14,11,-0.455375096896891,0.0341511757729344,-0.24858237316152,117,117,"Male",0.45681421899486,-0.282532361202002,-1.04928593426463,0.261457104273016,0.54,"199.98",0.9,89.81,"167.58",0.9,114.93,1.01,89.84,88.59
"79","4394",13,13,1.10259450413856,1.03618359085878,1.24096289063476,123,123,"Female",0.865887608678388,0.489359189574947,0.199698900028553,0.792789144638659,0.49,"217.94",0.81,81.48,"165.83",0.95,107.85,1.11,94.53,85.39
"80","4400",5.5,4,-0.525019324416371,-0.264616812151549,-0.403312839910683,132,132,"Female",-0.147923814842823,-0.0126076258534686,-0.996570707053456,-0.192504145911534,1.09,"113.82",0.65,64.81,"59.50",0.97,74.56,1.93,96.88,50.19
"81","4407",12,6,0.0117640799979328,0.0641291947387905,-0.300892067622649,134,134,"Male",0.532131384522057,0.388897364288776,-0.637388544498745,0.571544880998927,0.97,"123.30",0.84,84.26,"86.83",0.98,89.99,1.26,97.66,77.53
"82","4408",12,3,-0.602962084915957,-1.09427690387173,-0.815168080387246,175,175,"Female",-0.0907452224791676,-1.46658510011278,-1.27354318296662,-0.47630058663975,0.88,"112.16",0.93,92.59,"105.80",0.96,84.45,1.82,96.09,52.74
"83","4413",15,12,-0.416557530583905,-1.33201673671896,-0.58539643185231,136,136,"Female",0.0454742204101551,-0.493103060061588,-1.13016472129604,-0.511268673173049,0.69,"142.09",0.9,89.81,"130.07",0.98,75.35,1.6,98.44,61.71
"84","4419",9,4,0.92953625280533,0.330779827398817,0.8979747877183,328,328,"Male",0.664950702864414,0.444942463516327,-1.14455514693006,0.73321425289043,1.25,"110.69",0.94,93.52,"74.98",0.94,76.73,1.56,94.14,60.51
"85","4421",7,1,0.0423243532040047,0.00205508034519739,-0.234097475304593,8,8,"Male",-0.138326903774871,-1.32697800036364,-1.08167833850137,0.422062062325627,3.23,"71.17",0.95,95.37,"29.56",0.99,82.48,1.97,99.22,50.35
"86","4423",15,14,0.157647085808488,1.25792293990327,1.04327822830355,146,146,"Male",0.382619783864656,-0.0849597819669992,-0.404558912432515,0.679249098877221,0.68,"169.79",0.77,76.85,"113.32",0.95,95.46,1.21,95.31,78.91
"87","4428",16,16,0.230863523454967,-0.260413550713778,0.0222889684289354,142,142,"Male",-0.77510526416261,1.30586061239919,1.57097763919533,-0.340897432539854,1.57,"142.31",0.92,91.67,"58.48",0.89,139.22,1.11,89.06,79.95
"88","4430",14,12,0.243855556129768,-0.160413282996685,-0.234509311353043,148,148,"Female",0.829948924405154,-0.449195891624775,-1.04422450820477,0.612639465408896,0.97,"90.50",0.94,93.52,"96.73",0.98,129.39,0.86,98.44,114.39
"89","4431",12.5,11,-0.892849727031421,0.074485425026942,-0.652867914035398,149,149,"Female",-0.790390450137663,-1.89506532247536,-1.58673474488432,-0.91210950991567,0.83,"121.18",0.9,89.81,"107.72",0.96,108.14,1.06,96.09,90.63
"90","4432",13,10,-0.970279066043442,-1.11063343880802,-1.20465960646918,157,157,"Female",-1.01363989369829,-0.461849898661997,-0.725922148814824,-0.479291931702754,2.68,"44.12",0.97,97.22,"36.29",0.98,58.07,2.74,98.44,35.87
"91","4433",15,14,0.729400180967652,0.509945721960588,0.911267969725168,144,144,"Male",0.536860065827003,-0.16898301394052,-1.2575687433849,0.705564250594743,1.14,"121.71",0.91,90.74,"79.70",0.93,109.57,1.36,92.97,68.36
"92","4435",14,13,-1.15633172313393,-0.246084983528078,-1.04551011914913,160,160,"Female",-1.08670373986046,-0.789737536822408,-0.70688118624567,-0.907230387234046,0.93,"131.28",0.81,81.48,"87.86",0.95,109.73,1.36,94.53,69.73
"93","4436",10,12,0.819011980302526,0.845945512810358,0.770551131541507,147,147,"Female",0.331625681961915,-0.595238712331574,-1.22233786268983,0.224086980984938,0.49,"216.71",0.74,73.83,"150.11",0.83,333.53,0.94,82.81,88.04
"94","4437",12.5,7,0.618229130346074,0.841065721156457,0.726759842667071,151,151,"Female",-0.154517053446124,-0.799299849225613,-0.660672695419097,-0.0661567832174101,1.23,"89.15",0.9,89.81,"72.90",0.98,64.9,2.73,97.66,35.83
"95","4440",9,9,-0.699113193672881,-1.29026881317905,-1.23089552523379,155,155,"Male",-0.447893630194981,-0.774841919715813,-1.38192587175186,-0.890429339491614,1.62,"103.27",0.92,91.67,"56.72",0.93,92.85,1.54,92.97,60.31
"96","4447",12,12,0.62938616563781,0.609390250633879,0.666590089239866,164,164,"Female",0.393980060534955,0.958007245852535,-0.0765799525254648,0.680894307127598,0.65,"171.38",0.9,89.81,"139.12",0.95,120.53,1.01,94.53,93.5
"97","4448",16,15,0.262946438484784,0.53699834331771,0.101386179302145,161,161,"Female",0.431428478441389,-0.742385329602817,-0.149271732827798,0.262845724575286,0.67,"155.13",0.94,94.44,"140.74",0.99,94.83,1.16,99.22,85.58
"98","4449",15,8,0.0953141313779502,0.26259294628345,-0.665471380817242,159,159,"Female",0.79722691557335,0.204444539431074,0.623948350648156,0.433279880037836,0.51,"211.65",0.86,86.11,"168.36",0.95,129.18,0.88,94.53,107.67
"99","4450",12.5,13,-0.489405008531196,-1.04559876046542,-0.555534252839928,171,171,"Female",-0.0967259695828885,0.342631105447458,0.0525563851115348,-0.201148983657951,0.93,"126.01",0.94,93.52,"100.98",0.99,102.4,1.12,99.22,88.97
"100","4451",12,10,0.308168878363633,1.49457124740196,1.19048839057735,163,163,"Female",0.862780247442498,-0.11973499822346,-0.862398492730077,0.783431070066009,0.77,"144.15",0.93,92.71,"120.58",0.98,91.15,1.21,98.44,81.04
"101","4452",15,11,-1.39069749545267,-0.72043606968334,-1.28287188233256,173,173,"Female",0.823888721679119,-1.38680570359082,-1.02394400805622,0.645335454375698,3.18,"29.56",1,100,"31.41",0.96,73.89,1.76,96.09,54.71
"102","4453",10,7,-0.11931355625718,-0.113975320117659,-0.349502214700491,172,172,"Female",-0.38870790721322,-1.62972924683853,-0.57640842537787,-1.00425982384487,0.58,"179.33",0.9,89.62,"154.02",0.96,91.23,1.68,96.09,57.08
"103","4454",12,4,-0.276803193661758,-1.14135562228849,-0.390015614862308,168,168,"Female",-0.473307051849833,-0.723248853375558,-0.873149072131571,-1.02657311883451,1.77,"118.28",0.93,92.59,"52.36",0.71,105.8,1.2,71.09,59.11
"104","4455",14,8,-0.579499066273616,-1.51905056067316,-1.56438253266881,162,162,"Female",-0.24366137245788,-1.35566890020542,-1.4915378988698,-0.888969930082889,0.56,"179.89",0.88,87.96,"157.33",0.99,108.16,1.18,99.22,84.29
"105","4456",11,8,-0.0824519213636781,-0.0954739556689253,0.0473201307145067,167,167,"Female",-0.0658835976181639,-0.338358913652998,-0.325158118330175,-0.0303747077006632,0.96,"167.70",0.81,80.56,"83.53",0.99,86.73,1.66,99.22,59.85
"106","4457",5,6,-0.180977870293235,-0.352259563040158,-0.619562501993811,166,166,"Female",0.0345019088763856,0.459177356903966,0.309748856698446,-0.0277831739374944,0.84,"140.73",0.8,79.63,"94.95",0.94,81.21,1.96,94.44,48.29
"107","4458",16,14,0.985363385936105,0.539141333537684,0.860848800961845,169,169,"Female",0.636272509304707,0.589363531028492,0.0786356901610777,0.031791647362215,2.08,"50.94",0.97,97.22,"46.79",0.98,90.6,1.39,97.66,70.17
"108","4459",16,10,0.940054879102538,-0.500662925329074,-0.134206080012862,165,165,"Female",0.748545708331817,-0.534997067037058,-1.33493703936218,0.14236467408019,1.45,"69.36",0.98,98.15,"67.81",0.98,85.81,1.37,98.44,71.93
"109","4461",13,15,-0.323015525950612,-0.384352412161147,-0.106825384116699,197,197,"Male",0.591127673085378,1.00341113868899,1.73084444303158,-0.769161560640333,0.35,"325.69",0.66,65.74,"185.43",0.81,155.48,1.04,81.25,78.18
"110","4465",7,8,-0.500585265811426,-0.689815727611632,-0.387569319393235,177,177,"Male",0.245209449420888,1.09684752126107,-0.0266254556048639,0.0749321581773744,0.78,"188.26",0.86,86.11,"110.02",0.95,120.6,1.01,94.53,93.79
"111","4476",9,6,0.878639432995615,0.392158147410397,0.907240134363102,186,186,"Female",0.696813799045165,0.260898353896701,0.271694035710018,0.593361557258964,0.95,"102.05",0.95,95.37,"100.21",0.97,90.81,1.54,96.88,62.8
"112","4478",5.5,7,0.140427657072359,0.388719818633464,0.110314723238834,203,203,"Female",0.74421415852291,1.16811979374616,0.720592186029138,0.630695189683405,0.4,"162.51",0.05,4.63,"11.44",0.98,75.03,1.84,97.66,52.95
"113","4482",3.5,7,0.806708888577201,0.391364619248634,0.670418019318294,189,189,"Female",0.873325531293372,1.87634492856979,2.52886611802787,0.813236680679217,0.94,"169.51",0.85,85.19,"91.04",0.56,1600.68,0.59,56.25,95.77
"114","4485",11.5,5,-0.367485933818334,-0.0048497587807392,0.0655942955862351,185,185,"Male",0.334677282014238,1.6572995876658,2.20226161158579,0.28130465077504,1.48,"148.57",0.92,91.67,"62.12",0.89,109.11,1.66,89.06,53.59
"115","4488",5,6,0.514425535033367,0.0856053209588907,0.218083733181816,202,202,"Male",0.821043368247521,1.47990439473324,1.95118478476835,0.522654238654776,1.05,"162.00",0.91,90.74,"86.68",0.95,113.2,2.55,94.53,37
"116","4490",1,2,-0.726606046764764,-0.595791261612223,-0.79184387387362,176,176,"Male",0.703546151896272,0.57149436369064,-0.50785687649839,-0.167314027433979,0.7,"189.30",0.77,76.85,"109.97",0.7,175.76,0.78,69.53,88.79
"117","4492",3,4,0.268998558560974,0.366473126579836,-0.0331353420000226,195,195,"Female",0.87003027867041,0.65832988161112,-0.315399378094663,0.78757457994993,0.57,"206.47",0.73,73.15,"128.94",0.95,60.76,2.1,95.31,45.31
"118","4494",2,13,0.315561447329937,-0.230173223445502,-0.00261304817654245,198,198,"Female",0.672178428692796,1.030608628223,2.17010836018406,0.459679954482804,1.16,"87.88",0.93,92.59,"79.61",0.99,91.89,1.52,99.22,65.29
"119","4498",7,6,-0.127876952138409,-0.254843632897835,0.0926498852585808,191,191,"Female",0.675108871315324,0.447146380511365,-0.495160066883866,0.430408982661926,0.49,"221.44",0.72,72.22,"147.27",0.96,91.75,1.34,96.09,71.83
"120","4499",8,7,-0.873046659963071,-1.03118539293998,-1.05624389867191,208,208,"Female",-0.061654515028791,-0.381634829604545,-0.325688907052772,0.308387867846904,2.42,"53.79",0.99,99.07,"40.87",0.92,84.19,1.84,92.19,50.16
"121","4500",14,13,0.074355472126772,0.147511896876725,0.215842124279736,192,192,"Female",-0.594202055778308,-0.0298839279255369,-0.264960632539034,-0.178583962435823,0.76,"147.14",0.83,83.33,"110.36",0.97,78.01,1.61,96.88,60.25
"122","4502",9.5,8,-0.0969631817075147,-0.300584215506081,-0.602010171473541,204,204,"Female",-0.531090602742195,0.850759303852961,0.234414809423301,-0.299857686003704,0.25,"1198.79",0.19,19.44,"77.00",0.91,104.73,1.38,91.41,66.27
"123","4505",6,8,0.22358468811826,0.482506835375835,0.772818182223314,209,209,"Male",0.867569530598735,1.27651967755109,2.14834678799695,0.810439516345165,0.53,"199.11",0.88,87.96,"167.22",0.95,92.13,1.4,94.53,67.52
"124","4507",16,8,1.50411941885496,1.80356089543206,1.78631270699341,180,180,"Male",0.866187027393963,0.414139138887297,-0.100084617447868,0.790006986657543,0.83,"158.47",0.85,85.19,"102.28",0.91,88.64,1.43,90.63,63.48
"125","4509",8,3,-0.489859957438703,0.220195976808264,-0.18350992629634,206,206,"Male",0.402357292588214,-0.659069027292055,-1.08006755368398,0.54185967946483,0.86,"166.23",0.87,87.04,"101.61",0.93,103.23,1.23,92.97,75.83
"126","4513",0,1,-0.0830147330964804,0.511269085170342,0.709741897049989,193,193,"Female",0.228053796382336,-0.425512418087283,-0.685362379481805,0.642671296666901,2,"144.12",0.9,89.81,"45.01",0.92,56.54,5.22,92.19,17.67
"127","4514",8,6,0.144308553107828,-0.211255186742534,-0.112461225989957,199,199,"Female",0.544598823040887,1.61819659087843,2.1990980367819,0.736304854017273,0.94,"144.69",0.87,87.04,"92.53",0.95,84.25,1.55,94.53,60.92
"128","4517",13,14,-0.241578457437047,0.873649817388605,0.497607376132569,200,200,"Female",-0.348825610895271,1.0574150120363,0.533727740372171,-0.363547556429181,1.23,"71.35",0.98,98.15,"79.62",0.98,67.3,1.88,97.66,52.06
"129","4518",9,6,-0.73845743022594,-1.26801801597997,-1.18519922694766,181,181,"Female",-0.196895581817211,-1.34362189428635,-1.49502891677941,-1.28572476305198,0.68,"152.46",0.89,88.89,"130.59",0.93,87.79,1.42,92.97,65.69
"130","4535",6.5,6,-0.166456285074121,0.0358558836715971,0.16345847738276,239,239,"Female",-0.134179382359749,-0.603945486780495,-0.0290200983123932,0.56822396822652,1.86,"111.47",0.81,80.56,"43.21",0.96,67.95,2.06,95.7,46.45
"131","4536",7,9,-0.618391426455261,-1.01480630253078,-0.9003719878862,233,233,"Male",-0.381105456487853,-1.88627854632035,-1.58224496801397,-0.408568247766713,1.34,"118.60",0.64,63.64,"47.57",0.89,124.59,1.37,89.06,65.18
"132","4537",7,10,-0.316720824396513,0.00372601574980483,-0.490995187460713,229,229,"Male",-0.289955313724216,-0.763001113890799,-0.163942874150414,-0.143105717060915,0.45,"263.00",0.77,76.85,"171.35",0.98,109.26,1.15,98.44,85.37
"133","4540",14,12,0.790649790979596,-1.71849137312525,-0.120275188569372,241,241,"Male",0.736366209870582,-1.85902785940124,-1.5801390344094,0.158762420579441,0.59,"164.36",0.94,93.52,"157.98",0.91,98.47,1.11,91.41,82.65
"134","4545",7,6,0.140305323447836,0.508353905893542,0.210807558483628,254,254,"Male",0.82588690436844,-0.472712799553156,-0.112245592670809,0.621663438615404,2.45,"36.04",0.99,99.06,"40.41",0.99,52.84,3.32,99.22,29.87
"135","4546",10.5,15,-0.340452890147137,0.163160641722182,-0.19091275546638,237,237,"Male",0.106529052668007,-0.432888541892917,-1.08070695743764,-0.0245323189454868,0.73,"219.09",0.79,78.7,"107.86",0.8,128.39,0.9,80.47,89.19
"136","4549",10,5,-0.338913476195319,-0.862861293998568,-0.776579686135367,244,244,"Female",0.0617583167127377,-0.0426580894488631,0.49779562914688,-0.0849946396146364,0.93,"138.84",0.81,81.48,"87.49",0.95,54.46,2.7,95.31,35.34
"137","4558",5,5,-0.178153348543446,-0.554804261454404,-0.661275815643065,230,230,"Male",0.310336408213224,-0.604706056836203,-0.254691276381517,0.179861515206154,0.76,"162.97",0.81,81.48,"106.55",0.77,95.68,1.23,77.34,62.71
"138","4559",15,4,0.706283919724983,0.113096149971131,0.116014392167027,252,252,"Male",0.635199205335284,-0.88233187248986,-1.39908883614431,0.0818728158675218,0.68,"156.92",0.87,87.04,"127.08",0.88,111.68,0.98,88.28,89.84
"139","4562",5,7,-0.287147675310796,-0.228998952908359,-0.637225137420157,226,226,"Female",-0.0888837774835781,0.709676504872155,0.652687722815716,-0.162586981736938,0.45,"232.07",0.03,2.78,"6.20",0.58,472.83,0.69,57.81,83.83
"140","4564",15,13,0.0567359784117721,0.256333674464955,0.660659532073892,228,228,"Male",0.635340014578072,-0.814534754836873,0.207118014775424,0.315300875739475,0.77,"151.89",0.93,92.59,"120.41",0.99,92.02,1.16,99.22,85.87
"141","4568",8.5,7,0.597277647545961,0.173524736683131,0.112358665138914,245,245,"Male",0.322273300660485,-0.890990758407166,-1.39636832883583,0.185796687955003,0.91,"120.38",0.94,93.52,"103.08",0.97,72.29,1.83,96.88,52.97
"142","4585",7.5,10,1.11979220954035,1.20603573697024,1.32678714828038,317,317,"Male",0.749729602951596,-0.971389036191959,-0.919719527198522,0.76078152444857,0.9,"109.55",0.94,94.44,"104.87",0.97,124.02,0.95,96.88,101.88
"143","4592",13,11,0.0361909971364066,1.09705789484332,0.713100081558208,323,323,"Male",0.742462744215996,1.46061869831346,0.881050779317318,0.605093406745714,0.81,"118.55",0.92,92.45,"113.83",0.89,85.05,1.42,89.06,62.69
"144","4616",7,3,0.0214786688104881,-0.484482732397481,-0.854832574029077,318,318,"Male",-0.232835952833193,-0.502609790560087,-1.32261297857329,-0.0759242841782069,0.72,"131.35",0.89,88.89,"122.66",0.94,109.83,1.02,93.75,91.77
"145","4617",6,4,-0.603647545958087,-0.54065864082029,-0.639004457188307,314,314,"Female",-1.16518130239033,-0.645236731249492,-0.576284907058968,-0.439568505249387,0.67,"182.33",0.81,80.56,"119.38",0.97,103.48,1.27,96.88,76.51
"146","4656",6.5,5,-0.950536517152458,-0.652119539680094,-0.187795939261626,337,337,"Female",-0.379247844408783,-1.3277126167305,-0.866981842613248,0.194894670049489,1.01,"138.41",0.86,86.11,"85.06",0.95,96.34,1.47,95.31,64.66
"147","4668",15,15,-0.289545150004663,-0.190878989280555,-0.535321949289134,277,277,"Male",0.453436988166098,-0.440975819067368,-0.942919713684918,0.341495409820791,0.81,"139.11",0.91,90.65,"111.97",0.96,76.36,1.78,96.09,54.07
"148","4668",15,15,-0.289545150004663,-0.190878989280555,-0.535321949289134,348,348,"Male",-0.152705651040007,0.656960362559886,0.413080925451071,-0.221268393026132,0.81,"139.11",0.91,90.65,"111.97",0.96,76.36,1.78,96.09,54.07
"149","4686",8.5,4,0.820954016774587,0.940363232210548,1.10906598970307,334,334,"Male",0.844502035800711,-1.85867378093516,-1.57282590152127,0.779110066798893,0.75,"127.21",0.91,90.74,"121.20",0.98,81.03,1.68,98.29,58.55
"150","4693",3,2,0.534287276533474,-0.38788800454908,-0.290086666604727,359,359,"Female",0.240206836145559,-0.751025109298915,-0.834457615651666,0.0213040614390759,0.96,"107.49",0.94,94.44,"98.75",0.99,69.07,2.14,99.22,46.4
"151","4697",12,5,-0.540153569258321,-0.823582213844307,-0.30146863445324,363,363,"Female",-0.551922419461318,-0.42681836803664,-0.848274553302516,-0.955984345335653,1.79,"150.27",0.9,89.81,"50.23",0.74,148.33,0.79,74.22,94.09
"152","4704",12,5,0.90007606522011,0.933827201515142,1.1305348572918,360,360,"Female",0.248366998013404,1.62112039930256,2.05659498847047,-0.10288143878004,1.31,"113.80",0.88,87.96,"67.35",0.84,124.03,1.91,83.59,43.69
"153","4712",13,9,0.59261641348504,1.3116529305584,1.19999135624064,356,356,"Female",-0.0159489285899483,-1.75717963279418,-1.07944312406111,0.588794804100601,0.75,"131.25",0.92,91.67,"122.24",0.98,104.71,1.21,97.66,80.44
"154","4716",9,4,0.122102922702262,0.177646071181825,0.322810055348072,368,368,"Female",0.387745972237462,0.838737694724159,1.10397649710517,0.692455427638149,0.97,"161.93",0.81,81.48,"84.43",0.97,73.19,1.7,96.88,57.11
"155","4717",12,9,0.195453951442132,0.31536520292765,0.607880008986193,364,364,"Female",0.605061782444891,-1.86478449359184,-1.57243097203704,0.724848973660167,1.56,"67.72",0.96,96.3,"61.82",0.96,84.57,1.43,96.09,67.39
"156","4720",15,7,1.27310517012766,0.541906407514077,1.07771715218471,372,372,"Female",0.660973837925655,0.23431818116667,-0.795463933486323,0.736888179575417,0.87,"123.14",0.88,87.85,"100.48",0.98,74.8,1.69,97.66,57.85
"157","4722",10,8,0.993293695812775,1.17312607075183,0.917309007379224,379,379,"Female",0.771444437038059,1.36240494675854,2.30836145633572,0.258329685975132,1.85,"79.31",0.94,93.52,"50.57",0.95,79.1,1.55,95.31,61.64
"158","4723",15,11,0.974534625013306,0.503311075488372,0.975765611605176,365,365,"Female",0.616471647954225,-0.431716726411255,-0.0852482190697935,0.73710775810967,0.98,"106.80",0.93,92.59,"94.53",0.95,82.55,1.63,95.31,58.52
"159","4725",12.5,13,1.11739059038916,1.15196143911292,1.30009091251582,371,371,"Female",0.727833867304453,-0.882028550822563,-1.39282403364061,0.613294239032497,0.78,"126.58",0.93,92.59,"118.56",0.98,80.9,1.41,98.44,70.04
"160","4727",12,4,0.90462447154908,1.15284148444816,1.22937531679755,377,377,"Female",0.159067383418255,1.20454609797177,1.75382750044853,0.508780283719998,1.23,"127.66",0.84,84.26,"68.35",0.9,89.98,1.48,89.84,60.74
"161","4730",15,10,0.213968488232241,-0.372640116290248,0.155315970559326,370,370,"Female",0.834107583577833,0.170473580285429,-0.209854439085024,0.619785518444971,0.56,"181.26",0.86,86.11,"154.34",0.95,130.42,0.86,94.53,109.4
"162","4737",6,4,-0.484834993703757,-0.85672680514581,-1.28413504717677,382,382,"Male",-0.540886286811062,-0.0944535774939657,-0.0128360063126681,-0.439291296758772,0.55,"202.42",0.78,77.78,"141.02",0.76,363.86,0.7,75.78,109.02
"163","4739",10,8,-1.06819042091534,-0.614363312731656,-0.922467787742018,398,398,"Male",-1.09640636012628,-0.0386775410867822,0.473807788125446,-0.238474302234868,0.74,"158.17",0.75,75,"101.14",0.91,100.33,1.17,91.41,78.14
"164","4740",14,10,-0.806580662614754,-0.782450051009095,-0.822985453121273,421,421,"Male",-0.401680491220819,1.51861299125595,1.23507315758915,0.511979409569402,0.57,"206.70",0.81,80.56,"141.53",0.91,105.76,1.39,91.41,65.95
"165","4748",2.5,8,-0.798794501108459,-0.180982708596976,-0.29409883988994,404,404,"Male",0.665553303804573,1.87159621008803,2.52748420373587,0.628983633230509,1.15,"109.03",0.77,76.85,"66.64",0.94,45.88,2.92,93.75,32.09
"166","4750",1,7,-0.25460662196536,-2.35335993658425,-1.42523157740551,402,402,"Male",-0.600570476163226,0.345616115867603,0.507691715091758,-2.24102461753342,3.57,"117.78",0.89,88.89,"24.88",0.98,78.72,2.11,98.44,46.67
"167","4752",2,15,-0.235399412371916,0.254490259591776,0.214966474322953,487,487,"Male",-1.03169348339822,0.899156587185213,1.15846256475708,0.100807692159726,0.84,"164.05",0.85,84.92,"100.81",1,100.87,1.39,100,72.17
"168","4753",10,3,-0.136349113103459,0.510834912959732,-0.119306854351742,380,380,"Male",0.702880619909229,1.24399599446044,1.18883438178218,0.588286128116436,0.47,"215.65",0.91,90.74,"191.15",0.91,92.19,1.21,91.41,75.63
"169","4753",10,3,-0.136349113103459,0.510834912959732,-0.119306854351742,405,405,"Male",0.873325531293372,1.87634492856979,2.52886611802787,0.813236680679217,0.47,"215.65",0.91,90.74,"191.15",0.91,92.19,1.21,91.41,75.63
"170","4758",12,8,0.415221447844565,0.435769897748999,0.412253881153815,390,390,"Male",0.399779606572496,0.300690240156791,-1.04176728479558,0.162344051486351,0.75,"124.50",0.94,94.44,"125.38",0.96,128.42,0.86,96.09,112.11
"171","4760",15,5,-0.496840306496677,-0.636813541967625,-0.552395759778369,407,407,"Female",0.441037197045974,1.8006633279648,2.26300860509606,0.400769532840399,1.36,"105.00",0.91,90.74,"66.67",0.95,63.1,2.09,95.31,45.7
"172","4760",15,5,-0.496840306496677,-0.636813541967625,-0.552395759778369,408,408,"Female",0.331323687028308,1.47966179595648,2.00402633497355,0.523654576710504,1.36,"105.00",0.91,90.74,"66.67",0.95,63.1,2.09,95.31,45.7
"173","4761",14,6,0.803479362219222,0.662955732035225,0.990273545165783,393,393,"Male",0.692798126457547,-0.249903420223649,-0.271046776327626,0.588870020593724,1.7,"58.03",0.99,99.07,"58.20",0.96,82.18,1.35,96.09,71.06
"174","4764",14,15,-0.162832152012795,0.714665777591585,0.757754386774599,389,389,"Male",-0.0583950929554371,1.85502915509004,2.52273429976649,-0.00783420248951476,0.55,"209.48",0.75,75,"137.42",0.95,135.11,0.89,95.31,107.12
"175","4765",12,5,1.04195043418382,0.536062888753107,1.00773810515781,415,415,"Female",0.873325531293372,1.87634492856979,2.52886611802787,0.813236680679217,0.51,"212.31",0.8,79.63,"155.15",0.93,125.27,0.96,92.97,97.26
"176","4767",14,12,-0.43306613858369,-0.653758672460243,-0.712516892059406,409,409,"Male",-1.19356250663035,-0.659674505028149,-1.362356576936,-1.55085529124824,1.09,"144.41",0.9,89.81,"82.77",0.72,363.99,0.83,71.88,86.72
"177","4770",9,8,-0.716421061070469,-0.270309355024306,0.212835280147111,417,417,"Female",0.429382256892674,-0.883251585185609,-0.505403977425578,0.517339202667253,0.77,"214.76",0.8,80.49,"104.50",0.95,69.69,1.75,95.31,54.44
"178","4773",7,2,0.720350876345085,0.981457528605074,1.09591212668727,414,414,"Male",0.626993756073787,1.22437369227359,2.29077353804135,0.757615463480924,0.81,"143.57",0.88,87.96,"108.97",0.92,82.54,1.75,92.19,52.75
"179","4775",8,4,0.412023778917434,1.0775263009802,0.66013051189677,418,418,"Female",0.327184611840912,-1.09088091829067,-1.18960589346676,0.66262546332135,0.64,"167.45",0.89,88.89,"139.40",0.97,67.86,1.76,96.88,55.01
"180","4777",15,7,0.371911254761134,-0.730840102624924,-0.27153189087324,411,411,"Male",0.796206633054294,-1.55663173487201,-1.03703874681939,0.498251079240858,0.67,"171.06",0.79,78.7,"118.10",0.96,101.5,1.07,96.09,89.73
"181","4779",15,7,-0.143362235763651,0.0118870409857994,0.0680110842785692,443,443,"Male",0.255553335255829,-0.622392156028215,-0.253567476482988,0.517150128752201,0.41,"247.02",0.84,84.26,"206.24",0.88,163.06,0.66,87.5,132.03
"182","4780",15,14,-0.224134553554694,-0.0306509944316992,-0.107478050688405,440,440,"Female",-0.193757618386522,-1.44899570793048,-1.3866042594425,-0.365864812669038,0.7,"138.87",0.91,90.74,"128.91",0.96,102.09,1.14,96.09,84.42
"183","4781",14,15,-0.211661732166764,-0.979387223009201,-0.66849882154256,433,433,"Male",0.0950551344025836,-1.51365581059918,-1.52026581827155,-0.607154777913428,1.46,"78.71",0.92,91.67,"62.96",0.98,68.39,2.31,97.66,42.19
"184","4782",11,7,-0.588057877175598,-0.408613156967051,-0.698037392841793,435,435,"Female",0.171442791061785,-0.305004118797463,0.277852122168664,-0.238240846700198,0.68,"168.04",0.92,91.67,"135.06",0.97,106.77,1.03,96.88,93.62
"185","4783",8,7,-0.456895920573202,-0.852920304093909,-0.794473422454387,437,437,"Male",0.160452168971813,0.486542852776504,-0.805743695717994,-0.833362109509454,0.74,"147.52",0.88,87.96,"118.37",0.95,96.95,1.21,94.53,77.98
"186","4784",13.5,10,-1.28249397350813,-1.10416856668193,-1.34301371841843,442,442,"Male",-0.518775610255393,-0.572241835311018,-1.21897288103655,-0.443570356002413,0.43,"253.24",0.9,89.81,"210.70",0.97,109.55,1.05,96.88,92.66
"187","4785",14,15,0.0215143612700292,0.552851684317166,0.463393752621952,439,439,"Male",0.375991511031816,-0.962476234614717,-1.40366772409512,0.670889392513453,0.71,"156.21",0.91,90.74,"128.42",0.94,94.21,1.26,93.75,74.49
"188","4786",14.5,11,-0.274234639198196,-0.123924935058042,0.102516396772942,436,436,"Male",-0.592303823687675,0.174893628099427,0.611953734974556,0.0187296624599117,1.09,"88.06",0.97,97.22,"89.08",1,77.11,1.38,100,72.42
"189","4789",16,12,-0.080308093212229,-0.083488360626792,0.530412981595111,434,434,"Male",0.442875689366053,0.508223165492089,0.460533304801884,0.69955091139581,1.04,"99.90",0.94,94.44,"91.04",0.95,152.15,0.76,95.31,125.9
"190","4795",15,15,-0.500956540478095,-0.547174117584937,-0.2209984340296,445,445,"Male",-0.541220720065849,-0.250544548497099,-1.14879269924913,-0.862153781963752,0.71,"143.10",0.92,91.92,"129.09",0.91,120.81,0.91,91.34,100.86
"191","4799",8,4,-0.349633141902095,-0.226066482803323,-0.321314200557756,447,447,"Male",-1.54921220728875,-0.0312118874533516,0.682618048183473,-1.39797803798194,1.36,"103.13",0.77,76.85,"56.47",0.96,104.59,1.51,96.09,63.43
"192","4801",5.5,7,0.276207145247043,0.596491626550031,0.591849955799528,460,460,"Female",-0.114733418111299,-0.645785740311726,-1.22303781703225,0.56019531046755,1.31,"101.38",0.91,90.74,"69.04",0.98,73.71,1.99,97.66,48.96
"193","4802",15,14,-0.496597272476004,-0.808668384311691,-1.07325731989063,458,458,"Female",-1.11445912301297,-1.90395878580887,-1.58426023434196,-0.831249497824705,0.52,"203.22",0.88,87.96,"167.57",0.95,127.87,0.93,95.31,102.03
"194","4803",14,14,-0.848280221801191,-1.24745762020065,-1.18501848229559,457,457,"Female",-1.40250160095036,-0.945188956004945,-0.437789132264873,-1.20773146149633,0.77,"186.12",0.9,89.72,"117.27",0.98,102.26,1.17,98.44,83.87
"195","4805",5.5,5,-0.993896883409338,-0.364189609584335,-0.838089674976246,446,446,"Male",-1.87243631886946,-1.10923685383683,-1.43455256442008,-1.1912133454896,0.44,"255.70",0.81,80.56,"182.77",0.96,130.84,0.87,96.09,110.51
"196","4806",10.5,13,-0.410609097677761,-0.33406687982709,-0.689850440757579,450,450,"Male",-0.854067810660038,-1.352047917297,-1.12998170573358,-0.521041679059421,1.03,"113.96",0.94,93.52,"90.93",0.97,98.38,1.19,96.88,81.72
"197","4807",8,10,-0.548459026808931,0.196398221172371,-0.326237762483311,453,453,"Male",0.247986924705122,1.18621933558379,1.66204832965542,0.19465996730038,0.37,"280.64",0.85,85.19,"231.16",0.95,122.55,0.97,94.53,97.85
"198","4813",13,11,-0.115882808120446,-0.462999122554594,-0.240848836715528,459,459,"Male",0.339101939076292,0.0654990649651009,0.227074750345683,-0.311792983078126,1.36,"80.16",0.97,97.22,"71.30",0.98,90.95,1.29,97.66,75.49
"199","4815",5.5,8,1.50411941885496,1.80356089543206,1.78631270699341,427,427,"Male",0.873075781201388,1.42762488872991,1.24303726070985,0.801487039586903,1.91,"306.11",0.56,56.48,"29.54",0.82,140.66,0.92,82.03,89.26
"200","4816",4,6,1.33572664231993,0.962069097431651,1.28428866544579,423,423,"Male",-0.903302711312801,1.77227632344742,2.27647476917544,-0.334573289735775,0.57,"205.12",0.74,74.07,"130.46",0.7,177.77,0.67,70.31,104.35
"201","4817",6,6,1.50411941885496,1.80356089543206,1.78631270699341,425,425,"Male",0.844502035800711,-1.85867378093516,-1.57282590152127,0.779110066798893,0.55,"413.78",0.74,74.07,"134.71",0.47,1204.65,1.25,47.24,37.68
"202","4819",5,4,0.0400815220107196,0.287209267536669,0.567416748065912,429,429,"Male",0.63709644321186,1.13163588465474,1.08857279931743,0.610448460151173,0.55,"237.86",0.17,16.83,"30.76",0.73,127.69,1.1,73.44,66.47
"203","4821",6,7,1.00562013581989,1.19488917850772,0.967501756890761,431,431,"Female",0.290617905188862,1.03445454086253,1.92512958901688,0.54322118509511,0.29,"1239.02",0.31,30.84,"105.29",0.51,678.76,0.64,50.78,78.84
"204","4822",7,7,0.711994640919498,0.743438646942916,0.484474279350982,430,430,"Female",0.43240361552217,0.00461257720349017,-0.357383113484131,0.690658041883778,0.76,"121.72",0.91,90.74,"118.67",0.98,61.24,1.83,98.44,53.83
"205","4825",3,4,-0.340683551984986,-0.321695549186113,-0.765416546735364,428,428,"Male",0.0432408689622934,-0.147990283376574,-1.25052642966168,0.593626266490976,1.65,"68.20",0.99,99.07,"60.04",0.97,73.27,1.85,96.88,52.28
"206","4826",13,7,0.809913591004074,1.35965863109825,1.29395542375344,469,469,"Male",0.617997251175839,-0.649456743982507,-1.11565864809364,0.727485568585378,1.06,"94.63",0.93,92.59,"87.16",0.98,94.63,1.19,97.66,82.06
"207","4828",13,14,-0.575278879950927,-1.06786123651767,-1.11948617472453,465,465,"Male",-0.983344893159578,-0.798395400167041,-0.90991907397398,-0.715264030150519,0.8,"151.31",0.89,88.89,"110.85",0.87,117.42,1.08,86.72,80.51
"208","4830",14.5,13,-0.944841254419295,0.34782426980704,-0.347682159958847,473,473,"Male",-1.88545689676074,-0.891517452423104,0.659686696470677,-2.31658855143046,1.05,"111.10",0.89,88.89,"84.40",0.98,75.67,1.58,98.44,62.41
"209","4833",4,5,-0.34197078057458,-0.776979194849168,-0.420843016996392,464,464,"Male",-0.88486189455692,0.252124784573658,-0.439996807996377,-0.209862271383544,0.51,"235.59",0.81,80.56,"157.67",0.75,185.03,0.62,75,120.85
"210","4836",16,12,0.970139587814471,-0.41401657044176,-0.0135614506467537,461,461,"Male",0.382327864949867,-0.656004667937042,-0.500530559724162,0.231467989405684,0.8,"119.28",0.92,91.67,"114.75",0.96,123.27,0.88,96.09,109.75
"211","4838",10,9,-0.957014534039834,-1.54615198761442,-1.47496384661833,463,463,"Male",-1.11474420027298,-0.451584163974381,-0.579571872603324,-0.91575488664529,0.6,"187.29",0.83,83.33,"138.61",0.88,141.64,0.83,87.5,105.05
"212","4839",7.5,8,-0.984923249822099,-0.758568180116938,-0.950177195152587,482,482,"Female",-1.24558005829657,0.787837719706698,0.0223253438621051,-1.68918338706031,0.63,"182.53",0.84,84.26,"132.99",0.96,106.85,1.02,96.09,93.86
"213","4845",7,8,-0.237512587471716,0.202466198027355,-0.172810711625651,480,480,"Female",0.104762239579659,0.948035170951086,0.398450586192403,0.0126916536168484,0.88,"158.18",0.92,91.67,"103.88",0.98,89.38,1.25,98.44,79.04
"214","4846",15,15,0.467956706503061,-0.56803365104968,0.136523820942939,474,474,"Male",0.740367219138048,-0.652584329246509,-1.3571891079127,0.103106758174435,0.52,"235.48",0.74,74.07,"141.52",0.91,112.83,1.03,90.63,87.8
"215","4848",15,7,1.03371830574151,-0.147400398297267,0.237075215792893,481,481,"Female",0.816544097240102,1.43979595164945,1.7910815034977,0.494444596484765,0.85,"132.98",0.92,91.67,"108.11",0.98,102.55,1.08,98.44,90.82
"216","4850",7,2,-0.893980668856426,-1.30413215944082,-1.25853064352633,477,477,"Male",-1.27179735488743,-0.304357398582934,-0.752096073624472,-1.08104582882086,2.62,"90.41",0.94,93.52,"35.72",0.88,147.59,0.82,87.5,106.97
"217","4855",13,9,-1.33060043925329,-1.2285874145201,-1.26245653019196,476,476,"Male",-0.255661394229148,-1.72039179088669,-0.937001250368639,-0.473491230028547,0.61,"177.23",0.7,70.37,"114.56",0.94,94.81,1.2,93.75,77.93
"218","4860",5.5,4,-0.17469738977201,-0.879128356368374,-0.691604271506208,495,495,"Male",0.0675234516523596,0.0810464615661109,0.00756137741419663,0.178584339119293,1.4,"85.20",0.91,90.74,"65.02",0.88,173.47,3.62,88.28,24.35
"219","4861",10.5,7,-0.829791841560246,-0.209465726834514,-0.344024319587985,501,501,"Female",-0.621937481729717,0.324980758290988,-0.310245475516493,0.150780173475577,0.5,"252.25",0.65,64.81,"129.83",0.88,96.19,1.23,88.28,71.72
"220","4862",13.5,12,0.533077993839302,-0.369381186660118,0.106407378009406,498,498,"Female",0.562932785486072,-1.68759038003193,-1.55010394688614,-0.0955296138025605,0.93,"126.11",0.91,90.74,"97.24",0.98,89.67,1.33,97.66,73.24
"221","4863",13,9,0.228982112090348,-0.934438643444777,-0.732744018141219,493,493,"Female",0.215744689243159,-1.87298067792399,-1.57720591204573,0.205771561661057,1.27,"150.26",0.86,86.11,"67.70",0.95,103.31,1.18,95.31,80.67
"222","4869",16,15,1.09899272614975,0.760150877263469,1.11721369562295,497,497,"Male",0.525428744534231,-0.849932626295046,-0.589172875123391,0.228218109355078,2.18,"74.12",0.97,97.22,"44.66",0.98,77.65,1.63,98.44,60.28
"223","4870",13,7,-0.553854358310173,-1.44824832715118,-1.34614706243246,499,499,"Male",-0.230610454997795,0.526644992818532,1.4056767946748,-0.325294659058347,0.63,"168.46",0.87,87.04,"138.41",0.98,283.74,1.48,97.66,65.95
"224","4871",9.5,4,0.0169210061161333,-0.718852982627804,-0.363162121549229,489,489,"Female",0.138467916093289,1.68434199015673,2.49213140655805,0.209924361389635,1.73,"176.58",0.8,79.63,"45.97",0.95,97.98,1.66,94.53,56.8
"225","4878",14,15,0.818072955333097,0.835549684473416,1.064197652703,539,539,"Female",0.571409885121977,0.0520577391691987,-0.847598504007094,0.716797681801598,1.02,"80.64",0.94,93.52,"91.60",0.95,97.67,1.15,94.53,82.35
"226","4880",16,11,0.129827829790893,-0.169978096000883,0.548747915171322,541,541,"Male",0.662204834807362,-1.79675414438611,-1.33598620251718,-0.262942624902327,0.9,"106.71",0.95,95.37,"105.74",0.98,87.91,1.2,98.44,82.15
"227","4884",15,15,0.169933191992112,1.0164597192237,0.95114090840965,517,517,"Female",-0.775087382421589,1.0541380665013,1.75716240502303,0.434785741357855,0.78,"151.05",0.81,80.56,"103.09",0.95,85.37,1.46,94.53,64.84
"228","4885",16,14,0.642941327877741,0.362324704679974,0.835164989250415,526,526,"Female",0.671668064553882,0.584942537948719,1.39899445779553,0.463142148930687,1.56,"68.86",0.92,91.67,"58.94",0.97,102,1.49,96.88,64.82
"229","4886",13,8,-0.308670093334714,0.36993794486828,0.230323486953892,534,534,"Female",0.428313517626645,-0.936256437260883,-0.918514715568649,0.362137868569397,1.43,"119.41",0.9,89.81,"62.75",0.99,64.23,1.71,99.22,58.11
"230","4887",12,11,-0.14750016144421,0.0148533050384718,-0.520920868464706,543,543,"Male",-0.460512088397917,0.318040429308873,1.14413606858072,-0.805856775215001,1.36,"72.28",0.96,96.3,"70.82",0.98,126.74,0.86,97.66,114.21
"231","4888",12,14,0.862664770144074,-0.0311416998593088,0.327226484997308,536,536,"Female",0.686428935596735,1.14252989914388,1.60442569022107,-0.23669787434702,4.14,"33.14",0.99,99.07,"23.93",0.99,51.85,3.23,99.22,30.69
"232","4896",16,16,0.318680815623882,0.357470300310286,0.753737637374546,537,537,"Female",-0.899264136660455,0.288701049675513,-0.301665125214566,-0.0212521299327689,1.55,"65.21",0.98,98.15,"63.40",0.98,99.37,1.23,98.44,80.3
"233","4897",15,15,-0.211812990316387,0.0539590972138961,-0.481642738220887,511,511,"Male",-0.336540224115827,-1.7116370122061,-1.54516713125378,-0.0249530230400043,2.69,"42.63",0.98,98.15,"36.54",0.98,95.38,1.18,98.44,83.77
"234","4898",14,12,0.912957064577583,0.00651481652267336,-0.22220440616351,505,505,"Female",-0.788508604321284,-0.438867872559743,-0.244156308609225,-1.07707646632203,0.93,"104.64",0.94,93.98,"100.84",0.96,108.95,1.09,95.7,87.43
"235","4898",14,12,0.912957064577583,0.00651481652267336,-0.22220440616351,518,518,"Female",0.705737454109503,1.00614046108209,0.417226607962886,-0.155288989754134,0.93,"104.64",0.94,93.98,"100.84",0.96,108.95,1.09,95.7,87.43
"236","4900",16,14,0.273625352533265,-0.142293453956179,0.0466892091659607,522,522,"Male",0.174916256507308,0.846845310541082,0.810548943156756,-0.143584159461061,0.92,"130.51",0.84,84.26,"91.36",1,70.33,1.53,100,65.16
"237","4901",15,14,0.242725133784909,-0.437753098113404,0.029130135777953,516,516,"Female",-0.602491670127035,-0.577886784803866,-0.773659109313767,-0.737793064608504,1.15,"88.47",0.96,96.3,"83.51",0.96,111.4,1.06,96.09,90.75
"238","4903",9,6,-0.737461763246288,0.207911547010737,-0.0590658373443163,529,529,"Female",0.0196878763142209,-0.616560532546632,-0.776515122643236,0.0252468184292614,1.74,"49.50",1,100,"57.36",0.99,69.07,1.67,99.22,59.33
"239","4904",16,16,0.933986090437353,0.628018614791336,0.471731199282293,513,513,"Male",0.564625630171013,-1.00823760671422,-1.21785388723192,0.443607039644547,0.91,"104.45",0.94,93.52,"102.92",0.96,102.51,1.07,96.09,89.96
"240","4906",13,12,0.92581393276016,0.39083178607657,0.611037984998868,524,524,"Female",0.712505260506318,1.73214037877657,1.96689898343777,0.634295018807331,1.59,"60.50",0.99,99.07,"62.28",1,75.17,1.54,100,65.02
"241","4907",8,5,-0.580081819209547,-0.396024369844842,-0.723134042864368,535,535,"Male",0.0731430377875573,1.06946256145849,-0.646573301083103,-0.888075341332327,1.59,"68.44",1,100,"62.70",0.93,70.11,1.89,92.97,49.21
"242","4908",15,16,0.337815986347145,0.231081892831772,0.0417037211502092,521,521,"Female",0.253860256709764,-1.38650053858485,-1.36902743729781,0.172661780263471,1.23,"103.35",0.93,92.59,"75.01",0.96,100.91,1.2,96.09,80.07
"243","4910",11,10,-0.152069767010318,0.169098301579789,-0.101186290187568,515,515,"Female",-0.995777275658053,-1.1512819260891,-1.43754477371397,-0.211881857016106,0.65,"135.36",0.92,91.67,"141.01",0.98,99.52,1.06,97.66,92.1
"244","4911",16,16,0.474362898130522,0.518370962630065,0.731432961990452,512,512,"Female",0.154104453632178,-1.64683222961339,-1.53713477597246,0.0221268312975497,0.52,"219.17",0.86,86.11,"164.53",0.96,129.09,0.99,96.09,96.98
"245","4912",14,13,0.45680130896528,-0.576064047845839,-0.495556851505202,532,532,"Female",0.510049702355497,0.344816709624061,0.652475850231162,0.280387709418012,0.79,"137.93",0.93,92.59,"117.00",0.94,113.76,1,93.75,94.06
"246","4913",15,9,-0.61620123737954,-0.53911784554655,-0.558412943025062,510,510,"Male",0.0248504127668705,-0.170392172402848,-0.332713895011017,-0.101598772450201,0.62,"184.80",0.91,90.74,"145.90",0.91,104.37,1.09,91.41,83.5
"247","4914",14,14,-0.0326513706920627,0.78391643791548,0.813191688865683,527,527,"Female",-0.165295579649971,0.794609966078782,0.990262901003374,0.240412674816925,3.59,"30.23",1,100,"27.82",1,58.61,2.15,100,46.44
"248","4917",12,15,-0.386833087291214,0.109368164618184,-0.348682772776332,519,519,"Male",0.329469558727426,-0.627556018291107,-1.1133835245891,0.389786721904949,1.78,"48.15",1,100,"56.29",0.97,89.31,1.23,96.88,78.9
"249","4919",16,12,0.267959882629473,-0.349060363081558,-0.0292513722228624,508,508,"Female",-0.668177049463006,1.07137563301357,0.802618910986172,-1.04086137167426,1.04,"94.15",0.96,96.3,"92.32",0.96,90.91,1.25,96.09,77.02
"250","4922",12.5,11,-0.181454030482632,0.116102125301735,0.101585209366255,523,523,"Female",0.397633497078972,0.900510901463027,0.513720127185799,0.413905443480963,1.91,"48.16",0.98,98.15,"51.48",0.99,80.41,1.4,99.22,70.99
"251","4926",14,13,-1.24055670708313,-1.29613432450353,-1.07499050299127,533,533,"Female",-1.04573168927181,-0.0508684956714131,-0.153989555366558,-0.78998096306446,0.73,"194.17",0.91,90.74,"124.31",0.98,120.16,0.98,98.44,100.18
