"ID","Gender","Certificate","Age","Age_squared","Age-cubed","PostScore","PreScore","SS_ACC","FM_ACC","CB_ACC (2)","SE_P","PAV","PAp","MG_P","SE_S","TV","MG_S","FM_EFF_Z","SS_EFF_Z","CB_EFF_Z","Avg_EF","Avg-SALES","Avg_PG","Avg_RTc","Avg_EFF","Avg_ACC","FM_RTc_mean","CB_RTc_mean"
4279,"Male","IGCSE (British)",13.46,181.1716,2438.5697360000004,14.5,13.0,84.26,94.53,71.88,0.59,0.53,0.26,0.81,-0.22,-0.56,-0.56,-0.57,-0.7,0.51,-0.25,-0.45,0.39,1.29,144.76,0.84,1.59,8.45
4764,"Male","American Diploma",13.95,194.6025,2714.704875,14.0,15.0,75.0,95.31,66.67,-0.17,1.66,1.74,-0.15,-0.16,0.71,0.76,1.59,0.99,0.37,0.99,0.44,1.7,0.55,209.48,0.75,0.89,8.14
4898,"Female","IGCSE (British)",14.82,219.63240000000002,3254.9521680000003,14.0,12.0,93.98,95.7,67.74,0.78,0.64,0.28,-0.22,0.91,0.01,-0.22,0.7,0.14,-0.13,0.23,0.23,0.46,0.93,104.64,0.94,1.09,9.61
4261,"Female","IGCSE (British)",13.09,171.3481,2242.946629,15.0,15.0,85.19,89.06,65.63,0.18,-0.12,0.33,0.21,0.02,-0.44,-0.24,1.11,1.68,0.57,1.12,-0.22,0.1,0.51,224.74,0.85,0.92,7.6
4364,"Female","IGCSE (British)",15.12,228.6144,3456.649728,14.0,15.0,88.89,96.09,68.75,-0.08,-0.21,-0.49,-0.41,-0.37,-0.6,-0.93,-0.74,0.45,-1.65,-0.65,-0.63,-0.35,0.78,142.63,0.89,1.73,18.97
4752,"Male","Other?",11.66,135.9556,1585.2422960000001,2.0,15.0,84.92,100.0,68.97,-0.94,0.62,0.71,0.04,-0.24,0.25,0.21,0.01,0.13,-1.97,-0.61,0.08,0.66,0.84,164.05,0.85,1.39,23.7
4781,"Male","IB",15.13,228.91690000000003,3463.5126970000006,14.0,15.0,91.67,97.66,64.52,-0.06,-1.07,-1.21,-0.64,-0.21,-0.98,-0.67,-1.34,-0.75,1.14,-0.32,-0.62,-1.14,1.46,78.71,0.92,2.31,6.5
4878,"Female","IGCSE (British)",15.03,225.90089999999998,3395.2905269999997,14.0,15.0,93.52,94.53,65.52,0.49,0.02,-0.39,0.75,0.82,0.84,1.06,0.47,-0.08,0.8,0.4,0.91,-0.18,1.02,80.64,0.94,1.15,7.16
4884,"Female","IGCSE (British)",15.05,226.50250000000003,3408.8626250000007,15.0,15.0,80.56,94.53,60.87,-0.72,0.67,0.98,0.42,0.17,1.02,0.95,-0.32,0.19,1.91,0.59,0.71,0.83,0.78,151.05,0.81,1.46,5.22
4917,"Male","IGCSE (British)",15.07,227.10490000000001,3422.4708430000005,12.0,15.0,100.0,96.88,65.63,0.14,-0.43,-0.64,0.2,-0.39,0.11,-0.35,0.31,-0.91,0.57,-0.01,-0.21,-0.54,1.78,48.15,1.0,1.23,7.6
4324,"Male","IGCSE (British)",15.1,228.01,3442.9509999999996,14.5,14.0,97.22,95.31,70.0,0.58,0.12,0.39,0.82,0.87,1.62,1.44,0.76,-0.93,1.38,0.4,1.31,0.26,1.76,54.73,0.97,1.07,6.69
4245,"Female","IGCSE (British)",13.61,185.23209999999997,2521.0088809999997,10.0,16.0,93.52,100.0,71.88,0.73,0.49,-0.17,0.54,0.15,-0.21,-0.1,-0.68,-0.34,-0.43,-0.49,-0.05,0.16,1.16,141.52,0.94,1.76,11.28
4276,"Male","IGCSE (British)",12.48,155.7504,1943.7649920000001,14.0,16.0,91.67,93.65,59.38,0.41,-1.18,-0.94,0.46,-0.15,0.66,0.33,0.1,1.51,0.24,0.62,0.28,-1.06,0.57,170.0,0.92,1.26,7.53
4363,"Female","IGCSE (British)",14.76,217.8576,3215.578176,15.0,16.0,99.07,98.44,64.29,0.61,1.69,1.77,0.86,0.67,0.19,0.33,-0.07,-1.12,-0.7,-0.63,0.39,1.73,2.1,48.21,0.99,1.4,11.15
4428,"Male","IGCSE (British)",13.44,180.63359999999997,2427.7155839999996,16.0,16.0,91.67,89.06,65.63,-0.7,0.87,0.86,-0.4,0.23,-0.26,0.02,0.36,-0.86,0.94,0.15,-0.0,0.87,1.57,142.31,0.92,1.11,6.94
4780,"Female","IB",14.26,203.3476,2899.7367759999997,15.0,14.0,90.74,96.09,78.13,-0.34,-1.03,-0.91,-0.47,-0.22,-0.03,-0.11,0.56,0.79,-2.16,-0.27,-0.12,-0.97,0.7,138.87,0.91,1.14,31.47
4888,"Female","IGCSE (British)",14.66,214.9156,3150.6626960000003,12.0,14.0,99.07,99.22,50.0,0.78,0.82,0.9,-0.18,0.86,-0.03,0.33,-1.86,-1.67,-2.37,-1.97,0.39,0.86,4.14,33.14,0.99,3.23,24.95
4896,"Female","IGCSE (British)",14.74,217.26760000000002,3202.524424,16.0,16.0,98.15,98.44,60.0,-0.91,0.22,-0.05,-0.15,0.32,0.36,0.75,0.38,-0.74,-0.89,-0.42,0.48,0.08,1.55,65.21,0.98,1.23,11.22
4904,"Male","IGCSE (British)",13.05,170.3025,2222.4476250000002,16.0,16.0,93.52,96.09,75.0,0.45,-0.71,-0.7,0.28,0.93,0.63,0.47,0.81,0.18,-0.03,0.32,0.68,-0.71,0.91,104.45,0.94,1.07,10.3
4908,"Female","IGCSE (British)",13.13,172.39690000000002,2263.5712970000004,15.0,16.0,92.59,96.09,68.75,0.11,-1.0,-0.9,0.01,0.34,0.23,0.04,0.37,-0.47,0.42,0.11,0.2,-0.95,1.23,103.35,0.93,1.2,8.28
4911,"Female","IGCSE (British)",14.92,222.6064,3321.287488,16.0,16.0,86.11,96.09,61.29,-0.01,-1.29,-1.29,-0.11,0.47,0.52,0.73,1.13,1.63,0.01,0.92,0.57,-1.29,0.52,219.17,0.86,0.99,8.32
4342,"Female","IGCSE (British)",14.8,219.04000000000002,3241.7920000000004,16.0,14.0,98.15,100.0,68.75,-0.24,-0.38,-0.92,0.15,0.36,0.35,0.18,-0.4,-0.82,-1.2,-0.81,0.3,-0.65,1.63,59.81,0.98,1.58,14.83
4355,"Male","IGCSE (British)",15.35,235.6225,3616.805375,14.5,15.0,96.3,98.44,70.0,-1.0,0.16,-0.07,-0.46,-0.55,-1.03,-0.71,-0.31,0.29,0.63,0.2,-0.77,0.05,0.9,98.95,0.96,1.51,7.98
4517,"Female","IGCSE (British)",13.51,182.52009999999999,2465.8465509999996,13.0,14.0,98.15,97.66,60.0,-0.45,0.72,0.38,-0.43,-0.24,0.87,0.5,-0.9,-0.36,-1.36,-0.87,0.38,0.55,1.23,71.35,0.98,1.88,14.02
4846,"Male","IB",13.85,191.8225,2656.7416249999997,15.0,15.0,74.07,90.63,60.0,0.85,-0.46,-0.98,0.04,0.47,-0.57,0.14,0.72,1.09,1.4,1.07,0.01,-0.72,0.52,235.48,0.74,1.03,5.71
4900,"Male","IGCSE (British)",14.03,196.84089999999998,2761.6778269999995,16.0,14.0,84.26,100.0,71.88,0.01,0.6,0.53,-0.25,0.27,-0.14,0.05,-0.31,-0.09,-0.71,-0.37,0.06,0.56,0.92,130.51,0.84,1.53,12.52
4901,"Female","IGCSE (British)",14.07,197.9649,2785.366143,15.0,14.0,96.3,96.09,68.75,-0.63,-0.29,-0.31,-0.73,0.24,-0.44,0.03,0.85,-0.27,0.97,0.52,-0.06,-0.3,1.15,88.47,0.96,1.06,7.21
4914,"Female","IGCSE (British)",14.9,222.01000000000002,3307.9490000000005,14.0,14.0,100.0,100.0,53.13,-0.33,0.48,0.56,0.13,-0.03,0.78,0.81,-1.15,-1.58,0.08,-0.88,0.52,0.52,3.59,30.23,1.0,2.15,7.06
4243,"Female","IGCSE (British)",13.42,180.0964,2416.8936879999997,11.0,13.0,73.15,93.75,65.52,-0.26,0.21,-0.12,-0.16,-0.74,-0.61,-0.73,-0.48,0.04,0.87,0.14,-0.69,0.04,0.76,153.79,0.73,1.53,7.04
4273,"Male","IGCSE (British)",12.97,168.22090000000003,2181.8250730000004,14.0,15.0,98.15,93.75,65.63,0.94,-0.09,-0.03,0.38,0.31,0.56,0.56,-1.15,-0.89,0.2,-0.61,0.48,-0.06,1.72,68.65,0.98,2.01,8.41
4275,"Male","IGCSE (British)",13.04,170.0416,2217.342464,12.0,13.0,5.56,84.38,65.52,0.58,0.48,0.06,0.3,0.53,0.79,0.68,1.84,-1.82,0.55,0.19,0.67,0.27,0.32,292.74,0.06,0.75,7.63
4328,"Male","IGCSE (British)",15.02,225.60039999999998,3388.5180079999996,16.0,15.0,83.33,98.44,65.63,0.27,-1.08,-0.68,-0.55,0.65,0.19,0.67,0.2,0.51,-0.55,0.05,0.5,-0.88,0.71,167.59,0.83,1.29,10.75
4344,"Female","American Diploma",15.48,239.6304,3709.4785920000004,13.5,13.0,87.96,90.63,71.88,0.9,-0.3,-0.72,0.21,0.8,-0.22,-0.0,1.1,2.72,1.45,1.76,0.19,-0.51,0.42,244.04,0.88,0.94,6.78
4352,"Male","IGCSE (British)",14.72,216.6784,3189.506048,1.0,15.0,87.74,98.44,65.63,-0.21,0.57,0.09,0.11,1.5,1.8,1.79,-0.04,0.55,0.37,0.29,1.7,0.33,0.74,167.16,0.88,1.39,8.01
4373,"Female","IGCSE (British)",14.6,213.16,3112.136,14.0,13.0,75.93,97.66,68.75,-0.69,0.05,0.5,0.42,-0.27,0.34,0.61,2.67,-1.25,0.98,0.8,0.23,0.27,1.83,192.71,0.76,0.75,7.19
4448,"Female","IB",14.39,207.0721,2979.767519,16.0,15.0,94.44,99.22,70.0,0.28,-0.51,-0.01,0.15,0.26,0.54,0.1,0.62,1.07,0.2,0.63,0.3,-0.26,0.67,155.13,0.94,1.16,8.98
4494,"Female","IGCSE (British)",12.46,155.25160000000002,1934.4349360000003,2.0,13.0,92.59,99.22,68.75,0.65,0.73,1.25,0.31,0.32,-0.23,-0.0,-0.3,-0.36,-1.56,-0.74,0.03,0.99,1.16,87.88,0.93,1.52,17.87
4546,"Male","IGCSE (British)",12.73,162.05290000000002,2062.933417,10.5,15.0,78.7,80.47,65.63,-0.04,-0.29,-0.62,-0.16,-0.34,0.16,-0.19,0.78,0.3,0.3,0.46,-0.12,-0.46,0.73,219.09,0.79,0.9,8.17
4668,"Male","IGCSE (British)",13.41,179.8281,2411.4948210000002,15.0,15.0,90.65,96.09,50.0,-0.3,0.5,0.35,-0.32,-0.29,-0.19,-0.54,-0.81,0.4,-0.54,-0.32,-0.34,0.42,0.81,139.11,0.91,1.78,8.16
4668,"Male","IGCSE (British)",13.41,179.8281,2411.4948210000002,15.0,15.0,90.65,96.09,50.0,-0.3,0.5,0.35,-0.32,-0.29,-0.19,-0.54,-0.81,0.4,-0.54,-0.32,-0.34,0.42,0.81,139.11,0.91,1.78,8.16
4725,"Female","American Diploma",13.37,178.75689999999997,2389.9797529999996,12.5,13.0,92.59,98.44,65.63,0.75,-0.7,-1.04,0.56,1.12,1.15,1.3,-0.09,0.55,0.02,0.16,1.19,-0.87,0.78,126.58,0.93,1.41,8.88
4785,"Male","IB",15.02,225.60039999999998,3388.5180079999996,14.0,15.0,90.74,93.75,62.5,0.23,-0.71,-1.02,0.65,0.02,0.55,0.46,0.11,0.78,-0.04,0.29,0.35,-0.87,0.71,156.21,0.91,1.26,8.61
4795,"Male","IB",14.97,224.10090000000002,3354.7904730000005,15.0,15.0,91.92,91.34,71.43,-0.62,-0.18,-0.69,-0.82,-0.5,-0.55,-0.22,1.31,0.8,2.22,1.44,-0.42,-0.43,0.71,143.1,0.92,0.91,5.78
4862,"Female","IB",12.99,168.7401,2191.933899,13.5,12.0,90.74,97.66,68.75,0.51,-1.32,-1.32,-0.17,0.53,-0.37,0.11,0.06,0.05,-0.37,-0.09,0.09,-1.32,0.93,126.11,0.91,1.33,10.54
4869,"Male","IB",12.45,155.00249999999997,1929.7811249999995,16.0,15.0,97.22,98.44,71.88,0.41,-0.54,-0.23,0.12,1.1,0.76,1.12,-0.53,-1.18,-0.11,-0.61,0.99,-0.38,2.18,74.12,0.97,1.63,10.12
4897,"Male","IGCSE (British)",14.85,220.52249999999998,3274.7591249999996,15.0,15.0,98.15,98.44,66.67,-0.43,-1.28,-1.27,-0.14,-0.21,0.05,-0.48,0.53,-1.37,0.16,-0.23,-0.21,-1.27,2.69,42.63,0.98,1.18,8.64
4926,"Female","IGCSE (British)",14.62,213.74439999999998,3124.9431279999994,14.0,13.0,90.74,98.44,65.52,-1.02,0.02,0.04,-0.74,-1.24,-1.3,-1.07,1.28,0.69,0.24,0.73,-1.2,0.03,0.73,194.17,0.91,0.98,8.3
4500,"Female","IGCSE (British)",11.77,138.53289999999998,1630.5322329999997,14.0,13.0,83.33,96.88,78.13,-0.59,0.01,-0.03,-0.26,0.07,0.15,0.22,-0.53,0.36,-2.73,-0.97,0.15,-0.01,0.76,147.14,0.83,1.61,64.78
4271,"Male","IGCSE (British)",14.29,204.20409999999998,2918.076589,15.0,14.0,84.26,97.66,71.88,0.48,-0.1,-0.22,0.37,-0.7,0.33,0.29,0.37,0.05,0.15,0.19,-0.03,-0.16,0.87,125.28,0.84,1.22,9.34
4374,"Male","National",15.8,249.64000000000001,3944.3120000000004,16.0,14.0,82.41,93.75,59.38,-1.1,0.64,-0.3,-0.61,-0.71,-0.2,-0.64,1.12,-0.66,1.45,0.64,-0.52,0.17,1.23,320.02,0.82,0.97,5.59
4413,"Female","IGCSE (British)",12.92,166.9264,2156.689088,15.0,12.0,89.81,98.44,58.06,-0.08,-0.34,-0.63,-0.57,-0.42,-1.33,-0.59,-0.46,0.82,-0.05,0.1,-0.78,-0.49,0.69,142.09,0.9,1.6,8.03
4423,"Male","IGCSE (British)",13.65,186.32250000000002,2543.302125,15.0,14.0,76.85,95.31,68.75,0.23,-0.0,-0.09,0.68,0.16,1.26,1.04,0.31,0.43,0.03,0.26,0.82,-0.05,0.68,169.79,0.77,1.21,9.27
4433,"Male","IGCSE (British)",13.09,171.3481,2242.946629,15.0,14.0,90.74,92.97,67.74,0.46,-0.15,-0.84,0.72,0.73,0.51,0.91,-0.16,-0.36,0.17,-0.12,0.72,-0.5,1.14,121.71,0.91,1.36,8.75
4436,"Female","IGCSE (British)",13.82,190.9924,2639.514968,10.0,12.0,73.83,82.81,63.33,0.19,-0.38,-0.74,0.08,0.82,0.85,0.77,0.73,1.29,-0.57,0.48,0.81,-0.56,0.49,216.71,0.74,0.94,10.43
4458,"Female","IB",15.03,225.90089999999998,3395.2905269999997,16.0,14.0,97.22,97.66,64.52,0.61,0.42,0.17,-0.07,0.99,0.54,0.86,-0.08,-1.13,1.12,-0.03,0.8,0.29,2.08,50.94,0.97,1.39,6.54
4802,"Female","IB",15.16,229.8256,3484.156096,15.0,14.0,87.96,95.31,67.86,-0.97,-1.64,-1.46,-0.75,-0.5,-0.81,-1.07,1.36,1.7,1.36,1.47,-0.79,-1.55,0.52,203.22,0.88,0.93,6.51
4803,"Female","IB",14.43,208.2249,3004.6853069999997,14.0,14.0,89.72,98.44,68.75,-1.33,-0.54,-0.1,-1.06,-0.85,-1.25,-1.19,0.54,0.52,0.59,0.55,-1.09,-0.32,0.77,186.12,0.9,1.17,7.91
4828,"Male","IB",12.64,159.76960000000003,2019.4877440000005,13.0,14.0,88.89,86.72,61.29,-0.91,-0.51,-0.44,-0.71,-0.58,-1.07,-1.12,0.39,0.37,1.37,0.71,-0.92,-0.48,0.8,151.31,0.89,1.08,5.87
4885,"Female","IGCSE (British)",14.83,219.9289,3261.545587,16.0,14.0,91.67,96.88,68.97,0.65,0.34,0.76,0.34,0.64,0.36,0.84,-0.32,-0.85,0.55,-0.21,0.61,0.55,1.56,68.86,0.92,1.49,8.03
4906,"Female","IGCSE (British)",12.89,166.15210000000002,2141.7005690000005,13.0,12.0,99.07,100.0,68.97,0.75,1.38,1.13,0.6,0.93,0.39,0.61,-0.31,-0.77,0.81,-0.09,0.64,1.25,1.59,60.5,0.99,1.54,7.51
4919,"Female","IGCSE (British)",15.44,238.3936,3680.7971839999996,16.0,12.0,96.3,96.09,65.63,-0.67,0.67,0.49,-0.96,0.27,-0.35,-0.03,0.23,-0.06,-0.81,-0.22,-0.04,0.58,1.04,94.15,0.96,1.25,11.88
4249,"Female","IGCSE (British)",13.94,194.3236,2708.8709839999997,14.0,11.0,90.48,96.85,51.85,0.42,0.14,0.42,0.51,0.27,0.41,-0.16,1.39,-0.21,0.65,0.61,0.18,0.28,1.05,111.66,0.9,0.94,5.88
4295,"Male","IGCSE (British)",13.42,180.0964,2416.8936879999997,16.0,13.0,78.7,87.5,50.0,0.96,-0.42,-0.43,0.45,-1.53,-1.22,-1.27,0.54,1.35,-0.31,0.52,-1.34,-0.42,0.52,218.2,0.79,1.04,7.53
4315,"Male","IGCSE (British)",13.83,191.2689,2645.248887,12.0,11.0,92.59,92.19,65.52,1.18,-0.12,-0.21,1.02,0.77,0.35,0.65,-0.74,-0.22,-1.07,-0.67,0.59,-0.16,1.08,120.1,0.93,1.66,13.24
4723,"Female","American Diploma",13.88,192.6544,2674.0430720000004,15.0,11.0,92.59,95.31,75.0,0.57,-0.24,0.08,0.81,0.97,0.5,0.98,-0.61,-0.01,-0.0,-0.21,0.82,-0.08,0.98,106.8,0.93,1.63,10.21
4806,"Male","IB",15.04,226.20159999999998,3402.0720639999995,10.5,13.0,93.52,96.88,56.25,-0.85,-0.94,-0.61,-0.56,-0.41,-0.33,-0.69,0.44,-0.1,-0.4,-0.02,-0.48,-0.78,1.03,113.96,0.94,1.19,8.72
4912,"Female","IGCSE (British)",14.93,222.9049,3327.9701569999997,14.0,13.0,92.59,93.75,62.07,0.41,0.17,0.43,0.16,0.46,-0.58,-0.5,1.0,0.51,0.07,0.53,-0.2,0.3,0.79,137.93,0.93,1.0,8.26
4241,"Male","IGCSE (British)",12.78,163.3284,2087.3369519999997,15.0,11.0,89.81,93.75,57.69,0.58,-0.56,-0.98,0.77,1.24,1.23,1.0,-0.68,-1.07,1.19,-0.19,1.16,-0.77,1.82,111.48,0.9,1.65,5.75
4288,"Male","American Diploma",14.83,219.9289,3261.545587,14.0,13.0,89.81,98.44,71.88,0.31,0.0,-0.38,0.05,0.36,0.46,0.19,0.47,0.24,1.06,0.59,0.34,-0.19,0.85,137.19,0.9,1.19,7.38
4327,"Male","IGCSE (British)",15.2,231.04,3511.8079999999995,15.0,13.0,91.67,93.75,66.67,0.48,0.45,0.57,0.34,0.1,0.32,0.48,0.74,1.33,0.89,0.99,0.3,0.51,0.6,183.43,0.92,1.06,7.13
4390,"Male","IGCSE (British)",13.6,184.95999999999998,2515.4559999999997,14.0,11.0,89.81,89.84,60.71,0.33,-0.13,-0.54,0.12,-0.46,0.03,-0.25,0.75,1.7,0.66,1.04,-0.22,-0.34,0.54,199.98,0.9,1.01,6.87
4394,"Female","IGCSE (British)",13.61,185.23209999999997,2521.0088809999997,13.0,13.0,81.48,94.53,66.67,1.19,0.32,0.21,1.03,1.1,1.04,1.24,0.61,1.66,-0.13,0.71,1.13,0.27,0.49,217.94,0.81,1.11,9.45
4435,"Female","IB",15.15,229.5225,3477.265875,14.0,13.0,81.48,94.53,71.88,-0.94,-0.49,-0.3,-0.81,-1.16,-0.25,-1.05,-0.1,-0.17,0.45,0.06,-0.82,-0.39,0.93,131.28,0.81,1.36,8.59
4450,"Female","American Diploma",14.6,213.16,3112.136,12.5,13.0,93.52,99.22,62.5,-0.2,0.18,0.13,-0.3,-0.49,-1.05,-0.56,0.77,0.14,0.31,0.41,-0.7,0.15,0.93,126.01,0.94,1.12,7.77
4452,"Female","IB",14.92,222.6064,3321.287488,15.0,11.0,100.0,96.09,56.25,0.99,-0.97,-0.57,0.61,-1.39,-0.72,-1.28,-0.78,-1.49,-0.7,-0.99,-1.13,-0.77,3.18,29.56,1.0,1.76,9.74
4564,"Male","IGCSE (British)",13.09,171.3481,2242.946629,15.0,13.0,92.59,99.22,81.25,0.58,-0.53,0.22,0.13,0.06,0.26,0.66,0.63,0.59,-1.02,0.07,0.32,-0.15,0.77,151.89,0.93,1.16,16.06
4592,"Male","Other?",12.5,156.25,1953.125,13.0,11.0,92.45,89.06,56.25,0.79,1.16,0.62,0.58,0.04,1.1,0.71,-0.42,0.44,-0.69,-0.22,0.62,0.89,0.81,118.55,0.92,1.42,9.71
4830,"Male","IB",13.05,170.3025,2222.4476250000002,14.5,13.0,88.89,98.44,68.75,-1.6,-0.53,0.41,-1.76,-0.94,0.35,-0.35,-0.43,-0.25,0.48,-0.07,-0.31,-0.06,1.05,111.1,0.89,1.58,8.16
4258,"Male","IGCSE (British)",14.48,209.6704,3036.027392,9.0,12.0,100.0,71.88,53.33,-0.07,1.66,1.75,0.21,0.37,0.69,0.39,-1.89,-1.12,-0.43,-1.15,0.48,1.71,2.12,51.13,1.0,2.39,8.37
4268,"Female","IGCSE (British)",13.26,175.8276,2331.4739759999998,12.0,11.0,87.04,99.22,68.75,-0.57,0.3,-0.33,-0.7,-0.58,0.45,0.21,0.21,-0.6,-0.57,-0.32,0.03,-0.01,1.25,103.25,0.87,1.3,11.33
4278,"Male","American Diploma",13.59,184.6881,2509.911279,13.0,10.0,94.44,97.66,60.0,-0.65,-0.93,-0.88,-1.05,-1.35,-1.0,-1.21,2.13,-0.37,0.43,0.73,-1.18,-0.91,1.19,95.21,0.94,0.82,7.21
4286,"Female","IGCSE (British)",12.43,154.5049,1920.4959069999998,12.0,12.0,93.52,100.0,53.57,-0.9,-1.64,-1.46,-0.59,-0.75,-0.95,-0.9,-1.33,-0.27,0.61,-0.33,-0.86,-1.55,1.12,102.13,0.94,2.35,6.15
4880,"Male","IGCSE (British)",15.53,241.18089999999998,3745.5393769999996,16.0,11.0,95.37,98.44,68.75,0.7,-1.34,-0.88,-0.33,0.13,-0.17,0.55,0.46,0.25,1.16,0.62,0.17,-1.11,0.9,106.71,0.95,1.2,6.9
4248,"Female","IGCSE (British)",13.63,185.7769,2532.1391470000003,11.5,9.0,96.7,98.44,75.0,0.45,-0.31,-0.2,0.5,0.74,1.59,1.38,0.7,-0.53,-0.1,0.02,1.24,-0.26,1.33,312.89,0.97,1.13,10.54
4335,"Female","IGCSE (British)",13.31,177.1561,2357.9476910000003,4.5,11.0,85.19,91.41,78.13,-0.6,0.77,0.52,-0.47,-0.22,-0.49,-0.65,1.22,1.35,-0.47,0.7,-0.45,0.64,0.56,199.29,0.85,0.92,12.44
4341,"Male","National",13.57,184.1449,2498.846293,14.0,12.0,88.89,90.63,65.63,0.4,0.84,-0.19,-0.02,0.82,0.31,0.07,1.48,1.76,0.98,1.4,0.4,0.32,0.52,209.79,0.89,0.87,6.87
4430,"Female","IGCSE (British)",14.37,206.49689999999998,2967.360453,14.0,12.0,93.52,98.44,65.63,1.04,-0.28,-0.61,0.63,0.24,-0.16,-0.23,1.92,0.04,1.38,1.11,-0.05,-0.44,0.97,90.5,0.94,0.86,6.27
4447,"Female","American Diploma",15.16,229.8256,3484.156096,12.0,12.0,89.81,94.53,81.25,0.25,0.7,0.08,0.68,0.63,0.61,0.67,0.97,1.03,0.33,0.78,0.64,0.39,0.65,171.38,0.9,1.01,10.05
4537,"Male","IGCSE (British)",12.9,166.41,2146.689,7.0,10.0,76.85,98.44,68.97,-0.32,-0.47,0.05,-0.18,-0.32,0.0,-0.49,0.61,1.79,1.61,1.34,-0.27,-0.21,0.45,263.0,0.77,1.15,6.28
4540,"Male","IGCSE (British)",12.61,159.01209999999998,2005.1425809999996,14.0,12.0,93.52,91.41,59.38,0.83,-1.57,-1.44,0.1,0.79,-1.72,-0.12,0.48,1.48,-0.01,0.65,-0.35,-1.51,0.59,164.36,0.94,1.11,8.1
4767,"Male","IB",13.22,174.7684,2310.4382480000004,14.0,12.0,89.81,71.88,63.33,-1.01,-0.46,-0.98,-1.3,-0.43,-0.65,-0.71,0.67,-0.29,1.0,0.46,-0.6,-0.72,1.09,144.41,0.9,0.83,6.6
4789,"Male","IB",14.79,218.74409999999997,3235.2252389999994,16.0,12.0,94.44,95.31,58.06,0.33,0.35,0.34,0.72,-0.08,-0.08,0.53,2.44,-0.09,1.67,1.34,0.12,0.34,1.04,99.9,0.94,0.76,5.23
4813,"Male","IB",14.35,205.92249999999999,2954.987875,13.0,11.0,97.22,97.66,75.0,0.19,0.05,0.23,-0.36,-0.12,-0.46,-0.24,0.16,-0.56,0.36,-0.01,-0.27,0.14,1.36,80.16,0.97,1.29,9.2
4836,"Male","IB",13.48,181.71040000000002,2449.4561920000006,16.0,12.0,91.67,96.09,59.38,0.28,-0.32,-0.14,0.11,0.97,-0.41,-0.01,1.71,0.46,0.47,0.88,0.18,-0.23,0.8,119.28,0.92,0.88,7.05
4838,"Male","IB",13.21,174.50410000000002,2305.1991610000005,10.0,9.0,83.33,87.5,74.19,-1.04,-0.24,-0.2,-0.85,-0.96,-1.55,-1.47,1.5,1.02,-0.08,0.81,-1.33,-0.22,0.6,187.29,0.83,0.83,10.35
4910,"Female","IGCSE (British)",14.21,201.92410000000004,2869.341461000001,11.0,10.0,91.67,97.66,68.75,-0.95,-0.85,-1.08,-0.32,-0.15,0.17,-0.1,0.91,1.08,-0.1,0.63,-0.03,-0.97,0.65,135.36,0.92,1.06,9.65
4431,"Female","IGCSE (British)",14.37,206.49689999999998,2967.360453,12.5,11.0,89.81,96.09,62.5,-0.87,-1.64,-1.47,-0.84,-0.89,0.07,-0.65,0.84,0.3,1.54,0.89,-0.49,-1.55,0.83,121.18,0.9,1.06,5.78
4922,"Female","IGCSE (British)",15.3,234.09000000000003,3581.5770000000007,12.5,11.0,98.15,99.22,8.33,0.26,0.62,0.34,0.31,-0.18,0.12,0.1,-0.04,-1.02,-2.91,-1.33,0.01,0.48,1.91,48.16,0.98,1.4,10.62
4267,"Female","IGCSE (British)",12.75,162.5625,2072.671875,11.0,8.0,84.26,94.53,60.71,0.39,0.36,1.01,-0.27,-0.11,0.92,0.58,-0.73,0.5,0.09,-0.05,0.47,0.69,0.72,187.5,0.84,1.7,8.03
4301,"Female","IGCSE (British)",12.36,152.7696,1888.2322559999998,7.0,9.0,94.44,100.0,62.5,1.01,0.64,0.39,0.51,0.26,0.7,0.86,0.13,0.47,-0.28,0.11,0.61,0.51,0.82,120.95,0.94,1.34,9.3
4350,"Male","IB",13.89,192.93210000000002,2679.8268690000004,16.0,11.0,77.78,92.19,62.5,-0.76,0.45,0.1,-0.51,0.19,-0.91,-0.63,0.57,1.16,-0.47,0.42,-0.45,0.27,0.54,208.71,0.78,1.09,9.93
4356,"Male","IGCSE (British)",14.53,211.12089999999998,3067.5866769999993,10.0,11.0,98.15,99.22,62.5,-0.33,0.9,0.7,0.26,-0.27,-0.04,0.12,-0.43,-1.42,-1.21,-1.02,-0.06,0.8,2.84,44.29,0.98,1.59,13.55
4362,"Male","IGCSE (British)",15.53,241.18089999999998,3745.5393769999996,12.0,10.0,92.59,98.44,78.13,-0.59,-0.12,-0.42,-0.4,-0.58,0.08,0.1,1.34,0.89,0.6,0.94,-0.13,-0.27,0.7,164.03,0.93,0.97,8.98
4432,"Female","IGCSE (British)",13.33,177.6889,2368.593037,13.0,10.0,97.22,98.44,37.5,-0.98,-0.28,-0.32,-0.53,-0.97,-1.11,-1.2,-1.63,-1.38,-2.52,-1.84,-1.1,-0.3,2.68,44.12,0.97,2.74,22.56
4451,"Female","American Diploma",15.6,243.35999999999999,3796.4159999999997,12.0,10.0,92.71,98.44,65.63,1.18,-0.09,-0.44,1.0,0.31,1.49,1.19,0.41,0.6,-0.75,0.09,1.0,-0.26,0.77,144.15,0.93,1.21,11.59
4770,"Female","IB",15.5,240.25,3723.875,9.0,8.0,80.49,95.31,58.62,0.33,-0.57,-0.16,0.43,-0.72,-0.27,0.21,-0.79,0.22,0.95,0.13,-0.26,-0.37,0.77,214.76,0.8,1.75,6.18
4786,"Male","IB",15.48,239.6304,3709.4785920000004,14.5,11.0,97.22,100.0,68.75,-0.65,0.08,0.43,-0.09,-0.27,-0.12,0.1,0.02,-0.14,0.57,0.15,-0.1,0.26,1.09,88.06,0.97,1.38,7.96
4219,"Male","IB",13.12,172.13439999999997,2258.4033279999994,8.0,8.0,86.11,97.66,68.75,1.24,1.72,1.77,1.1,0.95,0.67,0.9,-1.12,-1.93,1.2,-0.62,0.84,1.75,6.72,113.51,0.86,2.07,6.84
4242,"Male","IGCSE (British)",12.45,155.00249999999997,1929.7811249999995,5.0,10.0,93.46,96.88,42.11,-0.61,0.82,0.19,-0.68,-2.99,-3.47,-3.56,-0.85,-0.16,-1.9,-0.97,-3.34,0.5,1.06,115.61,0.93,1.82,13.73
4260,"Male","IGCSE (British)",15.33,235.0089,3602.6864370000003,11.5,10.0,90.63,97.66,63.33,0.28,-0.31,-0.46,0.06,0.9,0.7,0.67,0.23,0.43,2.31,0.99,0.76,-0.38,0.8,132.35,0.91,1.27,5.04
4360,"Male","American Diploma",15.03,225.90089999999998,3395.2905269999997,7.0,8.0,90.74,97.66,54.84,-0.34,0.62,-0.01,-0.9,-0.79,-1.56,-1.3,-0.4,-0.06,-0.22,-0.23,-1.22,0.3,0.98,189.54,0.91,1.54,8.01
4502,"Female","IGCSE (British)",13.37,178.75689999999997,2389.9797529999996,9.5,8.0,19.44,91.41,40.0,-0.56,0.59,0.22,-0.38,-0.1,-0.3,-0.6,-0.26,-0.42,-0.74,-0.48,-0.33,0.41,0.25,1198.79,0.19,1.38,7.05
4717,"Female","American Diploma",13.72,188.2384,2582.6308480000002,12.0,9.0,96.3,96.09,47.37,0.55,-1.58,-1.41,0.77,0.2,0.32,0.61,-0.21,-0.78,-0.37,-0.45,0.37,-1.5,1.56,67.72,0.96,1.43,7.26
4839,"Female","IB",13.83,191.2689,2645.248887,7.5,8.0,84.26,96.09,78.13,-1.12,0.53,0.12,-1.39,-0.98,-0.76,-0.95,0.99,0.89,0.08,0.65,-0.9,0.33,0.63,182.53,0.84,1.02,10.38
4229,"Female","IB",12.45,155.00249999999997,1929.7811249999995,9.0,8.0,94.44,90.63,47.83,1.24,1.72,1.77,1.1,0.78,0.61,0.7,-2.03,-1.24,-0.37,-1.21,0.7,1.75,2.23,113.95,0.94,3.34,7.35
4304,"Male","IGCSE (British)",12.64,159.76960000000003,2019.4877440000005,10.0,8.0,73.15,97.66,53.33,-0.35,0.61,0.59,0.1,0.57,0.13,-0.03,-1.83,0.02,-0.32,-0.71,0.22,0.6,0.76,240.26,0.73,3.11,8.04
4309,"Male","IGCSE (British)",13.33,177.6889,2368.593037,15.0,9.0,87.96,97.66,58.06,1.18,-0.12,-0.24,1.01,1.06,1.67,1.54,0.64,0.66,0.45,0.58,1.42,-0.18,0.71,148.77,0.88,1.13,6.94
4313,"Female","IGCSE (British)",12.49,156.0001,1948.441249,12.0,10.0,80.77,96.09,75.0,-0.79,-0.45,-0.24,-0.86,-1.17,-0.53,-1.07,-1.64,-0.1,0.3,-0.48,-0.92,-0.34,0.89,159.53,0.81,2.69,9.36
4348,"Female","IGCSE (British)",15.13,228.91690000000003,3463.5126970000006,8.0,8.0,92.59,88.28,58.06,0.58,0.05,0.37,0.82,0.29,-0.31,0.18,-0.56,-0.57,0.94,-0.06,0.05,0.21,1.31,112.58,0.93,1.48,6.13
4376,"Male","IGCSE (British)",13.47,181.44090000000003,2444.0089230000003,11.0,10.0,83.33,96.09,43.75,1.22,0.86,0.47,1.04,0.5,0.64,0.65,-0.29,-0.37,-1.68,-0.78,0.6,0.67,1.05,126.45,0.83,1.46,12.26
4449,"Female","American Diploma",14.94,223.2036,3334.661784,15.0,8.0,86.11,94.53,62.5,0.96,0.06,0.37,0.46,0.1,0.26,-0.67,1.61,1.72,-0.66,0.89,-0.1,0.22,0.51,211.65,0.86,0.88,10.66
4456,"Female","American Diploma",14.58,212.5764,3099.3639120000003,11.0,8.0,80.56,99.22,75.0,-0.15,-0.2,-0.06,-0.17,-0.08,-0.1,0.05,-0.55,-0.27,-0.28,-0.37,-0.04,-0.13,0.96,167.7,0.81,1.66,11.18
4459,"Female","American Diploma",15.06,226.80360000000002,3415.662216,16.0,10.0,98.15,98.44,68.75,0.85,-0.42,-0.96,0.04,0.94,-0.5,-0.13,-0.0,-0.64,-1.26,-0.63,0.1,-0.69,1.45,69.36,0.98,1.37,15.27
4465,"Male","IGCSE (British)",13.11,171.8721,2253.243231,7.0,8.0,86.11,94.53,48.39,0.07,0.81,0.11,-0.1,-0.5,-0.69,-0.39,0.99,0.35,-0.45,0.3,-0.53,0.46,0.78,188.26,0.86,1.01,7.63
4536,"Male","IGCSE (British)",13.2,174.23999999999998,2299.968,7.0,9.0,63.64,89.06,59.26,-0.48,-1.62,-1.46,-0.5,-0.62,-1.01,-0.9,-0.31,-1.11,0.41,-0.34,-0.84,-1.54,1.34,118.6,0.64,1.37,7.16
4585,"Male","IGCSE (British)",12.15,147.6225,1793.6133750000001,7.5,10.0,94.44,96.88,63.33,0.83,-0.58,-0.41,0.89,1.12,1.21,1.33,1.35,0.23,1.55,1.04,1.22,-0.49,0.9,109.55,0.94,0.95,5.84
4730,"Female","American Diploma",14.0,196.0,2744.0,15.0,10.0,86.11,94.53,56.25,1.04,0.09,-0.02,0.65,0.21,-0.37,0.16,1.69,1.39,-0.65,0.81,-0.0,0.04,0.56,181.26,0.86,0.86,9.58
4740,"Male","National",11.2,125.43999999999998,1404.9279999999997,14.0,10.0,80.56,91.41,58.06,-0.44,1.19,0.81,0.48,-0.81,-0.78,-0.82,-0.27,1.09,0.55,0.46,-0.8,1.0,0.57,206.7,0.81,1.39,6.76
4784,"Male","IB",15.02,225.60039999999998,3388.5180079999996,13.5,10.0,89.81,96.88,68.75,-0.68,-0.38,-0.74,-0.53,-1.28,-1.1,-1.34,0.94,2.71,-0.52,1.04,-1.24,-0.56,0.43,253.24,0.9,1.05,11.15
4807,"Male","IB",15.06,226.80360000000002,3415.662216,8.0,10.0,85.19,94.53,65.52,0.11,0.72,0.91,0.02,-0.55,0.2,-0.33,1.17,3.19,1.51,1.96,-0.23,0.82,0.37,280.64,0.85,0.97,6.1
4815,"Male","IB",13.18,173.7124,2289.529432,5.5,8.0,56.48,82.03,55.17,1.22,1.04,0.7,1.05,1.5,1.8,1.79,0.78,-1.54,0.44,-0.1,1.7,0.87,1.91,306.11,0.56,0.92,6.61
4230,"Female","IB",13.32,177.4224,2363.266368,13.0,7.0,77.67,53.13,61.54,0.39,1.26,0.76,-1.78,0.67,-0.02,0.14,4.5,-1.07,2.01,1.82,0.26,1.01,1.57,141.13,0.78,0.31,5.18
4247,"Male","IGCSE (British)",13.06,170.5636,2227.560616,14.0,7.0,96.3,96.09,62.5,0.64,-0.8,-1.09,0.12,0.91,0.08,0.34,-0.56,-0.01,-0.55,-0.37,0.44,-0.95,1.02,99.46,0.96,1.61,10.22
4277,"Male","IGCSE (British)",13.06,170.5636,2227.560616,12.5,9.0,90.74,96.88,71.88,-0.23,-0.64,-0.46,-0.43,-0.09,-0.86,-0.55,-0.15,0.94,-2.57,-0.6,-0.5,-0.55,0.67,160.46,0.91,1.41,46.3
4437,"Female","IGCSE (British)",13.71,187.96410000000003,2576.9878110000004,12.5,7.0,89.81,97.66,78.13,-0.27,-0.47,-0.24,-0.15,0.62,0.84,0.73,-1.63,-0.52,-0.51,-0.89,0.73,-0.35,1.23,89.15,0.9,2.73,12.6
4455,"Female","American Diploma",15.14,229.2196,3470.3847440000004,14.0,8.0,87.96,99.22,62.5,-0.36,-1.02,-1.19,-0.87,-0.58,-1.52,-1.56,0.56,1.46,1.08,1.03,-1.22,-1.11,0.56,179.89,0.88,1.18,6.4
4482,"Female","IGCSE (British)",12.66,160.2756,2029.089096,3.5,7.0,85.19,56.25,53.85,1.24,1.72,1.77,1.1,0.81,0.39,0.67,1.08,-0.09,0.1,0.36,0.62,1.75,0.94,169.51,0.85,0.59,7.12
4779,"Male","IB",14.19,201.3561,2857.243059,15.0,7.0,84.26,87.5,65.63,0.21,-0.4,-0.07,0.44,-0.14,0.01,0.07,2.71,2.61,1.03,2.12,-0.02,-0.24,0.41,247.02,0.84,0.66,6.79
4855,"Male","IB",13.41,179.8281,2411.4948210000002,13.0,9.0,70.37,93.75,75.0,-0.33,-1.23,-0.49,-0.52,-1.33,-1.23,-1.26,0.27,0.46,0.56,0.43,-1.27,-0.86,0.61,177.23,0.7,1.2,8.71
4861,"Female","IB",12.48,155.7504,1943.7649920000001,10.5,7.0,64.81,88.28,45.16,-0.63,0.18,-0.06,0.03,-0.83,-0.21,-0.34,-0.01,0.82,-1.38,-0.19,-0.46,0.06,0.5,252.25,0.65,1.23,10.65
4863,"Female","IB",13.34,177.9556,2373.927704,13.0,9.0,86.11,95.31,65.63,0.03,-1.6,-1.44,-0.01,0.23,-0.93,-0.73,0.39,-0.64,0.3,0.02,-0.48,-1.52,1.27,150.26,0.86,1.18,8.17
4232,"Male","IB",13.48,181.71040000000002,2449.4561920000006,13.0,7.0,78.7,93.75,54.84,-0.16,-0.0,0.42,-0.02,-0.35,-0.19,-0.59,-0.87,-0.6,1.19,-0.09,-0.38,0.21,1.13,151.56,0.79,1.78,5.47
4259,"Female","IGCSE (British)",12.59,158.50809999999998,1995.6169789999997,12.0,7.0,78.7,98.44,43.48,0.86,0.41,0.63,0.92,0.66,1.23,0.65,-0.82,-0.49,-1.66,-0.99,0.84,0.52,1.06,135.37,0.79,1.83,12.02
4319,"Female","IGCSE (British)",11.59,134.3281,1556.862679,7.0,6.0,35.19,95.31,53.13,-0.23,0.93,1.04,0.12,-0.03,-0.01,0.07,-1.47,-1.74,-1.41,-1.54,0.01,0.98,1.69,136.21,0.35,2.41,12.7
4357,"Male","IGCSE (British)",14.71,216.38410000000002,3183.0101110000005,6.0,7.0,70.37,97.66,56.25,0.01,1.5,1.43,0.18,0.01,-0.37,-0.31,-0.1,2.5,0.94,1.11,-0.23,1.46,0.35,294.65,0.7,1.4,5.94
4440,"Male","IGCSE (British)",13.2,174.23999999999998,2299.968,9.0,9.0,91.67,92.97,55.17,-0.46,-0.57,-1.01,-0.81,-0.7,-1.29,-1.23,-0.53,-0.9,0.67,-0.25,-1.07,-0.79,1.62,103.27,0.92,1.54,6.23
4535,"Female","IGCSE (British)",12.06,145.4436,1754.0498160000002,6.5,6.0,80.56,95.7,68.97,-0.14,-0.38,0.09,0.58,-0.17,0.04,0.16,-1.15,-1.22,0.23,-0.71,0.01,-0.14,1.86,111.47,0.81,2.06,8.76
4535,"Female","IGCSE (British)",12.06,145.4436,1754.0498160000002,6.5,6.0,80.56,95.7,68.97,-0.14,-0.38,0.09,0.58,-0.17,0.04,0.16,-1.15,-1.22,0.23,-0.71,0.01,-0.14,1.86,111.47,0.81,2.06,8.76
4535,"Female","IGCSE (British)",12.06,145.4436,1754.0498160000002,6.5,6.0,80.56,95.7,64.29,-0.14,-0.38,0.09,0.58,-0.17,0.04,0.16,-1.15,-1.22,-0.0,-0.79,0.01,-0.14,1.86,111.47,0.81,2.06,8.76
4535,"Female","IGCSE (British)",12.06,145.4436,1754.0498160000002,6.5,6.0,80.56,95.7,64.29,-0.14,-0.38,0.09,0.58,-0.17,0.04,0.16,-1.15,-1.22,-0.0,-0.79,0.01,-0.14,1.86,111.47,0.81,2.06,8.76
4562,"Female","IGCSE (British)",12.88,165.89440000000002,2136.7198720000006,5.0,7.0,2.78,57.81,45.0,-0.2,0.39,0.43,-0.31,-0.29,-0.23,-0.64,0.54,-2.08,-0.77,-0.77,-0.38,0.41,0.45,232.07,0.03,0.69,8.01
4712,"Female","American Diploma",13.23,175.0329,2315.6852670000003,13.0,9.0,91.67,97.66,60.71,-0.16,-1.28,-0.57,0.57,0.59,1.31,1.2,0.38,0.64,0.19,0.4,1.03,-0.92,0.75,131.25,0.92,1.21,7.81
4720,"Female","American Diploma",13.67,186.8689,2554.497863,15.0,7.0,87.85,97.66,65.63,0.67,0.15,-0.39,0.81,1.27,0.54,1.08,-0.64,0.13,-0.5,-0.34,0.96,-0.12,0.87,123.14,0.88,1.69,10.54
4777,"Male","IB",12.67,160.5289,2033.901163,15.0,7.0,78.7,96.09,51.61,0.95,-0.99,-0.48,0.5,0.37,-0.73,-0.27,0.8,0.54,-0.33,0.34,-0.21,-0.74,0.67,171.06,0.79,1.07,7.82
4783,"Male","IB",15.02,225.60039999999998,3388.5180079999996,8.0,7.0,87.96,94.53,53.57,-0.01,0.32,-0.41,-0.76,-0.46,-0.85,-0.79,0.27,0.55,0.84,0.55,-0.7,-0.04,0.74,147.52,0.88,1.21,5.8
4821,"Female","IB",12.86,165.37959999999998,2126.7816559999997,6.0,7.0,30.84,50.78,43.48,0.12,0.54,1.04,0.42,1.01,1.19,0.97,0.31,0.24,2.18,0.91,1.06,0.79,0.29,1239.02,0.31,0.64,3.54
4822,"Female","IB",12.87,165.63689999999997,2131.7469029999993,7.0,7.0,90.74,98.44,65.63,0.3,0.01,-0.08,0.7,0.71,0.74,0.48,-0.82,0.55,-0.05,-0.11,0.65,-0.04,0.76,121.72,0.91,1.83,9.07
4269,"Female","IGCSE (British)",13.71,187.96410000000003,2576.9878110000004,6.5,6.0,95.37,95.31,42.31,-0.15,1.14,0.64,-0.28,0.13,-0.59,-0.42,0.19,-0.45,-0.85,-0.37,-0.29,0.89,1.26,82.75,0.95,1.25,7.8
4383,"Male","IGCSE (British)",13.37,178.75689999999997,2389.9797529999996,5.5,6.0,81.48,73.44,71.88,0.06,-0.76,0.08,0.65,0.38,0.89,0.96,0.58,0.77,-1.02,0.11,0.75,-0.34,0.64,233.79,0.81,0.87,14.23
4407,"Male","IGCSE (British)",12.93,167.1849,2161.700757,12.0,6.0,84.26,97.66,62.07,0.43,0.25,-0.25,0.48,0.01,0.06,-0.3,0.25,-0.19,1.13,0.4,-0.07,-0.0,0.97,123.3,0.84,1.26,6.27
4453,"Female","American Diploma",15.45,238.7025,3687.9536249999996,10.0,7.0,89.62,96.09,70.0,-0.45,-1.15,-0.27,-0.89,-0.12,-0.11,-0.35,-0.67,1.38,0.34,0.35,-0.19,-0.71,0.58,179.33,0.9,1.68,8.62
4518,"Female","IGCSE (British)",13.15,172.9225,2273.930875,9.0,6.0,88.89,92.97,57.69,-0.29,-0.89,-1.15,-1.14,-0.74,-1.27,-1.19,-0.28,0.83,0.37,0.31,-1.06,-1.02,0.68,152.46,0.89,1.42,7.04
4722,"Female","IB",13.81,190.7161,2633.789341,10.0,8.0,93.52,95.31,59.38,0.93,0.96,1.33,0.3,0.99,1.17,0.92,-0.47,-1.04,-0.14,-0.55,1.03,1.14,1.85,79.31,0.94,1.55,8.44
4739,"Male","National",10.29,105.88409999999999,1089.5473889999998,10.0,8.0,75.0,91.41,62.5,-1.07,-0.04,0.34,-0.3,-1.07,-0.61,-0.92,0.28,0.14,-0.31,0.04,-0.87,0.15,0.74,158.17,0.75,1.17,9.4
4748,"Male","National",10.18,103.63239999999999,1054.9778319999998,2.5,8.0,76.85,93.75,40.74,0.65,1.69,1.76,0.59,-0.8,-0.18,-0.29,-1.8,-0.67,-0.45,-0.97,-0.42,1.73,1.15,109.03,0.77,2.92,6.43
4903,"Female","IGCSE (British)",14.32,205.0624,2936.493568,9.0,6.0,100.0,99.22,68.97,-0.13,-0.35,-0.31,-0.14,-0.74,0.21,-0.06,-0.57,-0.88,-0.09,-0.51,-0.2,-0.33,1.74,49.5,1.0,1.67,9.64
4236,"Male","IB",12.34,152.2756,1879.080904,8.0,8.0,86.11,92.19,46.67,0.51,0.41,1.2,0.3,-0.27,-0.34,-0.39,-0.92,-1.57,1.79,-0.23,-0.33,0.8,3.05,138.57,0.86,1.79,4.1
4284,"Female","IGCSE (British)",12.42,154.25639999999999,1915.8644879999997,7.0,8.0,83.33,95.31,55.17,-0.97,-0.26,-0.14,-0.89,-0.43,-0.75,-1.1,-1.55,-0.83,0.02,-0.79,-0.76,-0.2,1.39,99.45,0.83,2.54,7.47
4287,"Female","IGCSE (British)",13.17,173.4489,2284.322013,9.0,6.0,77.78,98.44,62.5,-0.12,-0.73,-0.35,0.57,0.7,0.76,0.2,-0.18,-0.93,-0.68,-0.6,0.55,-0.54,1.4,104.35,0.78,1.45,10.74
4305,"Female","National",13.83,191.2689,2645.248887,7.0,6.0,79.59,98.05,50.0,-1.21,0.48,0.48,-1.13,-0.96,-1.1,-1.28,-0.9,0.35,-0.26,-0.27,-1.11,0.48,0.72,190.46,0.8,1.88,7.38
4305,"Female","National",13.83,191.2689,2645.248887,7.0,6.0,79.59,98.05,50.0,-1.21,0.48,0.48,-1.13,-0.96,-1.1,-1.28,-0.9,0.35,-0.26,-0.27,-1.11,0.48,0.72,190.46,0.8,1.88,7.38
4305,"Female","National",13.83,191.2689,2645.248887,7.0,6.0,79.59,98.05,58.62,-1.21,0.48,0.48,-1.13,-0.96,-1.1,-1.28,-0.9,0.35,0.26,-0.1,-1.11,0.48,0.72,190.46,0.8,1.88,7.38
4305,"Female","National",13.83,191.2689,2645.248887,7.0,6.0,79.59,98.05,58.62,-1.21,0.48,0.48,-1.13,-0.96,-1.1,-1.28,-0.9,0.35,0.26,-0.1,-1.11,0.48,0.72,190.46,0.8,1.88,7.38
4314,"Male","Other?",14.61,213.45209999999997,3118.5351809999993,12.0,7.0,91.67,99.22,75.0,0.03,-0.53,-0.06,0.22,-0.46,-0.82,-0.16,0.03,0.25,-0.37,-0.03,-0.48,-0.29,0.87,114.74,0.92,1.37,11.49
4321,"Female","IGCSE (British)",12.19,148.59609999999998,1811.3864589999996,5.5,5.0,76.85,95.31,72.41,-0.28,-0.84,-1.1,-0.43,-0.59,-0.26,-0.46,-0.29,0.71,0.86,0.43,-0.44,-0.97,0.61,188.15,0.77,1.46,7.79
4339,"Female","IGCSE (British)",14.64,214.32960000000003,3137.7853440000004,12.0,8.0,92.59,94.53,75.0,0.13,-0.18,-0.03,-0.21,-0.42,-0.04,-0.14,0.12,0.88,-0.83,0.06,-0.2,-0.11,0.7,146.13,0.93,1.27,13.71
4457,"Female","American Diploma",14.72,216.6784,3189.506048,5.0,6.0,79.63,94.44,64.29,-0.13,0.26,0.27,-0.18,-0.18,-0.35,-0.62,-1.07,-0.0,1.15,0.03,-0.38,0.27,0.84,140.73,0.8,1.96,6.47
4476,"Female","IGCSE (British)",12.47,155.50090000000003,1939.0962230000005,9.0,6.0,95.37,96.88,62.5,0.72,0.22,0.22,0.56,0.88,0.39,0.91,-0.41,0.12,-1.08,-0.46,0.73,0.22,0.95,102.05,0.95,1.54,12.73
4485,"Male","IGCSE (British)",12.74,162.3076,2067.798824,11.5,5.0,91.67,89.06,65.63,0.19,1.25,1.29,0.15,-0.37,-0.0,0.07,-0.83,-0.77,0.12,-0.49,-0.1,1.27,1.48,148.57,0.92,1.66,8.6
4505,"Male","IB",13.31,177.1561,2357.9476910000003,6.0,8.0,87.96,94.53,58.06,1.21,0.96,1.31,1.08,0.22,0.48,0.77,-0.2,1.69,-0.75,0.25,0.49,1.13,0.53,199.11,0.88,1.4,10.25
4507,"Male","IGCSE (British)",12.34,152.2756,1879.080904,16.0,8.0,85.19,90.63,57.14,1.19,0.28,0.04,1.02,1.5,1.8,1.79,-0.38,0.17,0.99,0.26,1.7,0.16,0.83,158.47,0.85,1.43,5.97
4514,"Female","IGCSE (British)",12.55,157.50250000000003,1976.6563750000005,8.0,6.0,87.04,94.53,55.17,0.47,1.17,1.29,0.8,0.14,-0.21,-0.11,-0.5,-0.06,-0.53,-0.36,-0.06,1.23,0.94,144.69,0.87,1.55,8.96
4558,"Male","IGCSE (British)",12.89,166.15210000000002,2141.7005690000005,5.0,5.0,81.48,77.34,42.86,0.17,-0.38,-0.01,0.08,-0.18,-0.55,-0.66,-0.42,0.27,-0.76,-0.3,-0.46,-0.19,0.76,162.97,0.81,1.23,7.62
4760,"Female","National",12.03,144.72089999999997,1740.9924269999997,15.0,5.0,90.74,95.31,68.75,0.3,1.47,1.34,0.25,-0.5,-0.64,-0.55,-1.19,-0.67,-2.0,-1.28,-0.56,1.41,1.36,105.0,0.91,2.09,24.21
4760,"Female","National",12.03,144.72089999999997,1740.9924269999997,15.0,5.0,90.74,95.31,68.75,0.3,1.47,1.34,0.25,-0.5,-0.64,-0.55,-1.19,-0.67,-2.0,-1.28,-0.56,1.41,1.36,105.0,0.91,2.09,24.21
4761,"Male","American Diploma",13.07,170.8249,2232.6814430000004,14.0,6.0,99.07,96.09,67.74,0.71,-0.08,-0.04,0.56,0.8,0.66,0.99,-0.04,-0.86,-0.13,-0.34,0.82,-0.06,1.7,58.03,0.99,1.35,9.59
4816,"Male","IB",12.54,157.25159999999997,1971.9350639999996,4.0,6.0,74.07,70.31,37.5,-0.84,1.4,1.29,-0.42,1.34,0.96,1.28,1.46,0.83,-0.77,0.51,1.19,1.35,0.57,205.12,0.74,0.67,6.68
4886,"Female","IGCSE (British)",15.09,227.7081,3436.115229,13.0,8.0,89.81,99.22,75.0,0.41,-0.58,-0.42,0.31,-0.31,0.37,0.23,-0.63,-0.76,-2.05,-1.15,0.1,-0.5,1.43,119.41,0.9,1.71,27.56
4907,"Male","IGCSE (British)",12.83,164.6089,2111.932187,8.0,5.0,100.0,92.97,59.38,-0.07,0.8,-0.31,-0.86,-0.58,-0.4,-0.72,-1.03,-0.76,-1.25,-1.01,-0.57,0.25,1.59,68.44,1.0,1.89,13.13
4382,"Female","IGCSE (British)",13.1,171.60999999999999,2248.091,7.5,5.0,79.63,76.56,62.5,-0.39,0.47,0.69,-0.18,-0.82,-0.85,-0.88,-0.55,-1.85,-0.12,-0.84,-0.85,0.58,4.87,137.1,0.8,1.28,8.83
4382,"Female","IGCSE (British)",13.1,171.60999999999999,2248.091,7.5,5.0,79.63,76.56,62.5,-0.39,0.47,0.69,-0.18,-0.82,-0.85,-0.88,-0.55,-1.85,-0.12,-0.84,-0.85,0.58,4.87,137.1,0.8,1.28,8.83
4382,"Female","IGCSE (British)",13.1,171.60999999999999,2248.091,7.5,5.0,79.63,76.56,60.87,-0.39,0.47,0.69,-0.18,-0.82,-0.85,-0.88,-0.55,-1.85,-0.2,-0.87,-0.85,0.58,4.87,137.1,0.8,1.28,8.83
4382,"Female","IGCSE (British)",13.1,171.60999999999999,2248.091,7.5,5.0,79.63,76.56,60.87,-0.39,0.47,0.69,-0.18,-0.82,-0.85,-0.88,-0.55,-1.85,-0.2,-0.87,-0.85,0.58,4.87,137.1,0.8,1.28,8.83
4478,"Female","IGCSE (British)",12.79,163.58409999999998,2092.2406389999996,5.5,7.0,4.63,97.66,59.38,0.79,0.83,0.39,0.59,0.14,0.39,0.11,-0.86,-1.96,-0.41,-1.08,0.21,0.61,0.4,162.51,0.05,1.84,9.24
4499,"Female","IGCSE (British)",12.91,166.6681,2151.685171,8.0,7.0,99.07,92.19,63.33,-0.23,-0.22,-0.05,0.13,-0.87,-1.03,-1.06,-0.98,-1.27,0.2,-0.69,-0.99,-0.13,2.42,53.79,0.99,1.84,8.13
4568,"Male","IGCSE (British)",12.43,154.5049,1920.4959069999998,8.5,7.0,93.52,96.88,65.63,0.17,-0.66,-1.03,0.01,0.6,0.17,0.11,-0.86,0.19,-0.88,-0.52,0.29,-0.84,0.91,120.38,0.94,1.83,12.21
4617,"Female","IGCSE (British)",13.16,173.1856,2279.122496,6.0,4.0,80.56,96.88,53.13,-1.12,-0.4,-0.2,-0.5,-0.6,-0.54,-0.64,0.21,0.57,-1.77,-0.33,-0.59,-0.3,0.67,182.33,0.81,1.27,15.79
4826,"Male","IB",12.69,161.03609999999998,2043.5481089999996,13.0,7.0,92.59,97.66,62.5,0.57,-0.48,-0.65,0.78,0.81,1.36,1.29,0.46,-0.19,-0.86,-0.2,1.15,-0.56,1.06,94.63,0.93,1.19,11.56
4870,"Male","IB",12.94,167.44359999999998,2166.720184,13.0,7.0,87.04,97.66,46.67,-0.32,0.37,0.82,-0.39,-0.55,-1.45,-1.35,-0.27,1.02,-0.73,0.0,-1.12,0.6,0.63,168.46,0.87,1.48,8.19
4244,"Male","IGCSE (British)",12.96,167.96160000000003,2176.7823360000007,6.5,5.0,95.37,75.78,48.28,-0.3,0.76,0.12,-0.46,-0.72,-0.18,-0.54,-0.6,-0.89,-0.58,-0.69,-0.48,0.44,1.67,63.7,0.95,1.29,7.99
4257,"Female","IGCSE (British)",12.49,156.0001,1948.441249,12.0,7.0,90.74,94.53,67.74,0.46,0.33,0.8,0.28,0.88,-0.69,-0.4,-0.08,1.34,-0.08,0.39,-0.07,0.56,0.6,168.4,0.91,1.35,9.46
4289,"Female","IGCSE (British)",12.97,168.22090000000003,2181.8250730000004,8.5,4.0,43.52,92.97,66.67,-0.55,0.6,0.99,-0.18,-0.32,-0.45,-1.05,-1.34,-1.95,0.04,-1.08,-0.61,0.79,3.69,168.73,0.44,2.19,8.95
4293,"Male","American Diploma",13.12,172.13439999999997,2258.4033279999994,7.0,6.0,85.12,85.43,15.0,-0.01,0.52,0.97,0.01,-0.48,-0.38,-0.48,-0.59,0.44,-2.4,-0.85,-0.45,0.74,0.75,170.93,0.85,1.45,7.68
4293,"Male","American Diploma",13.12,172.13439999999997,2258.4033279999994,7.0,6.0,85.12,85.43,15.0,-0.01,0.52,0.97,0.01,-0.48,-0.38,-0.48,-0.59,0.44,-2.4,-0.85,-0.45,0.74,0.75,170.93,0.85,1.45,7.68
4293,"Male","American Diploma",13.12,172.13439999999997,2258.4033279999994,7.0,6.0,85.12,85.43,39.13,-0.01,0.52,0.97,0.01,-0.48,-0.38,-0.48,-0.59,0.44,-1.0,-0.38,-0.45,0.74,0.75,170.93,0.85,1.45,7.68
4293,"Male","American Diploma",13.12,172.13439999999997,2258.4033279999994,7.0,6.0,85.12,85.43,39.13,-0.01,0.52,0.97,0.01,-0.48,-0.38,-0.48,-0.59,0.44,-1.0,-0.38,-0.45,0.74,0.75,170.93,0.85,1.45,7.68
4372,"Male","National",14.77,218.1529,3222.118333,11.0,7.0,75.0,93.75,65.63,0.42,0.19,0.4,0.12,-0.46,-0.34,-0.79,-0.05,0.97,-0.51,0.13,-0.53,0.29,0.55,200.88,0.75,1.33,10.6
4492,"Female","IGCSE (British)",12.82,164.35240000000002,2106.997768,3.0,4.0,73.15,95.31,44.44,1.21,0.48,-0.07,1.02,0.27,0.37,-0.03,-1.2,0.79,-0.57,-0.33,0.2,0.21,0.57,206.47,0.73,2.1,7.34
4549,"Female","IGCSE (British)",12.5,156.25,1953.125,10.0,5.0,81.48,95.31,65.63,-0.14,-0.03,0.35,-0.24,-0.34,-0.86,-0.78,-1.65,-0.18,-0.87,-0.9,-0.66,0.16,0.93,138.84,0.81,2.7,12.16
4727,"Female","IB",13.82,190.9924,2639.514968,12.0,4.0,84.26,89.84,55.17,0.04,0.72,0.94,0.41,0.9,1.15,1.23,-0.51,-0.63,0.49,-0.22,1.1,0.83,1.23,127.66,0.84,1.48,6.53
4750,"Male","National",11.99,143.7601,1723.683599,1.0,7.0,88.89,98.44,66.67,-0.44,0.22,0.33,-1.77,-0.25,-2.35,-1.43,-1.14,-1.65,0.59,-0.73,-1.34,0.27,3.57,117.78,0.89,2.11,7.68
4782,"Female","IB",14.52,210.8304,3061.257408,11.0,7.0,91.67,96.88,71.88,0.0,-0.22,0.24,-0.33,-0.59,-0.41,-0.7,0.98,0.94,1.35,1.09,-0.56,0.01,0.68,168.04,0.92,1.03,6.91
4801,"Female","IB",14.95,223.50249999999997,3341.3623749999992,5.5,7.0,90.74,97.66,62.07,-0.27,-0.47,-0.74,0.5,0.28,0.6,0.59,-1.04,-0.61,0.54,-0.37,0.49,-0.6,1.31,101.38,0.91,1.99,7.24
4848,"Female","IB",13.29,176.62409999999997,2347.3342889999994,15.0,7.0,91.67,98.44,62.5,0.99,1.06,0.98,0.43,1.03,-0.15,0.24,0.85,0.31,-0.45,0.24,0.37,1.02,0.85,132.98,0.92,1.08,9.86
4860,"Male","IB",13.27,176.0929,2336.752783,5.5,4.0,90.74,88.28,53.33,-0.11,0.03,0.11,-0.02,-0.17,-0.88,-0.69,-2.15,-0.7,-0.2,-1.02,-0.58,0.07,1.4,85.2,0.91,3.62,7.73
4871,"Female","IB",12.24,149.8176,1833.7674240000001,9.5,4.0,79.63,94.53,52.63,-0.05,1.3,1.63,0.07,0.02,-0.72,-0.36,-0.68,-1.15,-0.67,-0.84,-0.36,1.46,1.73,176.58,0.8,1.66,9.03
4322,"Female","IGCSE (British)",12.04,144.96159999999998,1745.3376639999997,14.0,4.0,81.48,96.09,71.88,-0.57,0.31,-0.13,-0.26,-0.13,0.99,0.39,0.57,0.55,0.89,0.67,0.42,0.09,0.69,184.0,0.81,1.14,7.68
4400,"Female","IGCSE (British)",12.93,167.1849,2161.700757,5.5,4.0,64.81,96.88,57.69,-0.3,-0.09,-0.56,-0.3,-0.53,-0.26,-0.4,-0.98,-0.83,0.28,-0.51,-0.4,-0.33,1.09,113.82,0.65,1.93,7.24
4454,"Female","IB",15.55,241.8025,3760.0288750000004,12.0,4.0,92.59,71.09,62.07,-0.43,-0.44,-0.44,-0.87,-0.28,-1.14,-0.39,-0.58,-1.0,0.76,-0.27,-0.6,-0.44,1.77,118.28,0.93,1.2,6.85
4488,"Male","IGCSE (British)",13.03,169.78089999999997,2212.2451269999997,5.0,6.0,90.74,94.53,62.5,1.02,1.11,1.13,0.53,0.51,0.09,0.22,-1.58,-0.2,-0.57,-0.78,0.27,1.12,1.05,162.0,0.91,2.55,10.29
4498,"Female","IGCSE (British)",13.0,169.0,2197.0,7.0,6.0,72.22,96.09,65.52,0.66,0.32,-0.17,0.31,-0.13,-0.25,0.09,-0.01,1.22,-2.23,-0.34,-0.1,0.08,0.49,221.44,0.72,1.34,28.09
4656,"Female","IGCSE (British)",13.47,181.44090000000003,2444.0089230000003,6.5,5.0,86.11,95.31,59.38,-0.51,-0.89,-0.38,0.05,-0.95,-0.65,-0.19,-0.33,-0.23,0.4,-0.05,-0.6,-0.64,1.01,138.41,0.86,1.47,7.2
4716,"Female","American Diploma",14.78,218.4484,3228.667352,9.0,4.0,81.48,96.88,62.5,0.24,0.55,0.72,0.71,0.12,0.18,0.32,-0.67,-0.25,-0.01,-0.31,0.21,0.63,0.97,161.93,0.81,1.7,8.53
4737,"Male","American Diploma",12.45,155.00249999999997,1929.7811249999995,6.0,4.0,77.78,75.78,58.06,-0.57,-0.03,0.1,-0.46,-0.48,-0.86,-1.28,1.67,1.08,-0.97,0.59,-0.88,0.03,0.55,202.42,0.78,0.7,11.24
4343,"Female","IGCSE (British)",13.97,195.16090000000003,2726.3977730000006,8.0,4.0,79.63,96.88,71.88,0.96,-0.4,-0.95,0.39,0.89,1.37,1.33,0.14,0.14,-0.2,0.03,1.2,-0.67,0.79,139.78,0.8,1.29,10.42
4419,"Male","IGCSE (British)",13.13,172.39690000000002,2263.5712970000004,9.0,4.0,93.52,94.14,68.75,0.68,0.26,-0.73,0.79,0.93,0.33,0.9,-0.52,-0.47,0.7,-0.1,0.72,-0.24,1.25,110.69,0.94,1.56,7.71
4419,"Male","IGCSE (British)",13.13,172.39690000000002,2263.5712970000004,9.0,4.0,93.52,94.14,68.75,0.68,0.26,-0.73,0.79,0.93,0.33,0.9,-0.52,-0.47,0.7,-0.1,0.72,-0.24,1.25,110.69,0.94,1.56,7.71
4419,"Male","IGCSE (British)",13.13,172.39690000000002,2263.5712970000004,9.0,4.0,93.52,94.14,62.07,0.68,0.26,-0.73,0.79,0.93,0.33,0.9,-0.52,-0.47,0.31,-0.22,0.72,-0.24,1.25,110.69,0.94,1.56,7.71
4419,"Male","IGCSE (British)",13.13,172.39690000000002,2263.5712970000004,9.0,4.0,93.52,94.14,62.07,0.68,0.26,-0.73,0.79,0.93,0.33,0.9,-0.52,-0.47,0.31,-0.22,0.72,-0.24,1.25,110.69,0.94,1.56,7.71
4509,"Male","IGCSE (British)",12.26,150.3076,1842.771176,8.0,3.0,87.04,92.97,53.13,0.25,-0.44,-0.63,0.43,-0.49,0.22,-0.18,0.18,0.15,-0.64,-0.1,-0.15,-0.54,0.86,166.23,0.87,1.23,8.98
4559,"Male","IGCSE (British)",12.42,154.25639999999999,1915.8644879999997,15.0,4.0,87.04,88.28,64.52,0.61,-0.7,-1.06,-0.02,0.71,0.11,0.12,0.81,0.75,-0.64,0.31,0.31,-0.88,0.68,156.92,0.87,0.98,10.93
4775,"Female","IB",13.92,193.7664,2697.2282880000002,8.0,4.0,88.89,96.88,58.33,0.18,-0.71,-0.68,0.66,0.41,1.08,0.66,-0.77,1.04,0.76,0.35,0.72,-0.69,0.64,167.45,0.89,1.76,6.43
4799,"Male","IB",15.04,226.20159999999998,3402.0720639999995,8.0,4.0,76.85,96.09,47.37,-1.3,-0.02,0.48,-1.17,-0.35,-0.23,-0.32,-0.39,-0.91,-0.76,-0.68,-0.3,0.23,1.36,103.13,0.77,1.51,8.42
4825,"Male","IB",12.81,164.0961,2102.071041,3.0,4.0,99.07,96.88,70.97,-0.06,-0.17,-0.85,0.56,-0.34,-0.32,-0.77,-0.89,-0.82,0.13,-0.53,-0.48,-0.51,1.65,68.2,0.99,1.85,9.29
4408,"Female","IGCSE (British)",13.06,170.5636,2227.560616,12.0,3.0,92.59,96.09,59.38,-0.23,-0.95,-0.72,-0.53,-0.6,-1.09,-0.82,-0.87,0.25,-0.53,-0.38,-0.84,-0.84,0.88,112.16,0.93,1.82,9.65
4697,"Female","American Diploma",12.8,163.84000000000003,2097.1520000000005,12.0,5.0,89.81,74.22,59.38,-0.67,-0.25,-0.39,-0.92,-0.54,-0.82,-0.3,1.0,-1.05,-0.55,-0.2,-0.56,-0.32,1.79,150.27,0.9,0.79,9.73
4805,"Male","IB",14.99,224.70010000000002,3368.2544990000006,5.5,5.0,80.56,96.09,67.74,-1.61,-0.74,-1.05,-1.06,-0.99,-0.36,-0.84,1.74,2.06,1.9,1.9,-0.73,-0.9,0.44,255.7,0.81,0.87,5.83
4833,"Male","IB",14.1,198.81,2803.221,4.0,5.0,80.56,75.0,64.52,-0.83,0.19,-0.14,-0.29,-0.34,-0.78,-0.42,2.21,1.47,0.81,1.5,-0.51,0.02,0.51,235.59,0.81,0.62,7.03
4235,"Male","IB",12.9,166.41,2146.689,9.5,5.0,93.52,98.44,65.38,0.34,0.55,0.72,0.35,-0.0,0.52,-0.14,0.14,-1.54,0.72,-0.22,0.13,0.64,3.18,90.39,0.94,1.31,7.28
4299,"Male","IGCSE (British)",12.17,148.1089,1802.4853130000001,7.0,2.0,93.52,96.88,60.0,0.37,0.78,1.1,-0.16,0.62,0.43,0.43,-1.29,-0.47,-1.03,-0.93,0.49,0.94,1.25,86.71,0.94,2.23,11.95
4302,"Female","IGCSE (British)",11.95,142.80249999999998,1706.4898749999998,12.0,2.0,97.22,99.22,56.67,-0.44,0.29,0.39,-0.07,0.03,0.13,0.2,-2.42,-1.04,-1.86,-1.77,0.12,0.34,1.91,69.4,0.97,5.37,17.96
4490,"Male","IGCSE (British)",12.59,158.50809999999998,1995.6169789999997,1.0,2.0,76.85,69.53,67.74,0.79,0.4,-0.18,-0.21,-0.73,-0.6,-0.79,0.76,0.35,-0.37,0.25,-0.7,0.11,0.7,189.3,0.77,0.78,10.4
4616,"Male","IGCSE (British)",13.57,184.1449,2498.846293,7.0,3.0,88.89,93.75,56.25,-0.32,-0.4,-0.94,-0.23,0.02,-0.48,-0.85,0.9,0.65,-0.28,0.42,-0.44,-0.67,0.72,131.35,0.89,1.02,8.38
4753,"Male","National",10.68,114.0624,1218.186432,10.0,3.0,90.74,91.41,61.54,0.33,1.67,1.77,0.76,-0.14,0.51,-0.12,0.17,2.25,1.32,1.25,0.09,1.72,0.47,215.65,0.91,1.21,5.97
4753,"Male","National",10.68,114.0624,1218.186432,10.0,3.0,90.74,91.41,61.54,0.33,1.67,1.77,0.76,-0.14,0.51,-0.12,0.17,2.25,1.32,1.25,0.09,1.72,0.47,215.65,0.91,1.21,5.97
4765,"Female","IB",14.26,203.3476,2899.7367759999997,12.0,5.0,79.63,92.97,75.0,1.24,1.72,1.77,1.1,1.04,0.54,1.01,1.14,1.41,0.33,0.96,0.86,1.75,0.51,212.31,0.8,0.96,9.26
4773,"Male","IB",13.48,181.71040000000002,2449.4561920000006,7.0,2.0,87.96,92.19,64.29,0.59,0.85,1.32,0.85,0.72,0.98,1.1,-0.87,0.33,0.46,-0.03,0.93,1.09,0.81,143.57,0.88,1.75,7.66
4850,"Male","IB",14.05,197.40250000000003,2773.5051250000006,7.0,2.0,93.52,87.5,71.88,-1.19,-0.19,-0.32,-1.0,-0.89,-1.3,-1.26,1.58,-1.39,0.9,0.36,-1.15,-0.26,2.62,90.41,0.94,0.82,7.67
4224,"Female","IB",12.58,158.2564,1990.865512,9.0,2.0,76.85,96.88,55.56,0.67,0.05,0.49,0.43,0.45,0.7,0.36,-0.91,-1.68,-0.04,-0.88,0.5,0.27,3.29,132.66,0.77,1.87,7.66
4513,"Female","IGCSE (British)",13.44,180.63359999999997,2427.7155839999996,0.0,1.0,89.81,92.19,45.0,0.11,-0.26,-0.27,0.64,-0.08,0.51,0.71,-2.45,-1.17,-0.9,-1.51,0.38,-0.27,2.0,144.12,0.9,5.22,8.46
4240,"Male","IGCSE (British)",14.29,204.20409999999998,2918.076589,6.0,2.0,91.67,94.53,62.07,-1.32,0.66,0.57,-1.71,-1.19,-2.08,-1.76,0.45,0.06,0.19,0.23,-1.67,0.62,0.94,103.39,0.92,1.16,7.98
4686,"Male","IGCSE (British)",13.17,173.4489,2284.322013,8.5,4.0,90.74,98.29,71.43,1.12,-1.56,-1.4,0.97,0.82,0.94,1.11,-0.61,0.61,0.02,0.01,0.96,-1.48,0.75,127.21,0.91,1.68,9.65
4693,"Female","American Diploma",10.62,112.78439999999998,1197.7703279999996,3.0,2.0,94.44,99.22,71.88,0.11,-0.47,-0.36,-0.07,0.53,-0.39,-0.29,-1.15,0.09,0.76,-0.1,-0.05,-0.42,0.96,107.49,0.94,2.14,7.94
4819,"Male","IB",13.14,172.6596,2268.7471440000004,5.0,4.0,16.83,73.44,8.33,0.6,0.82,0.66,0.55,0.04,0.29,0.57,-0.25,-1.51,-2.46,-1.41,0.3,0.74,0.55,237.86,0.17,1.1,4.62
4421,"Male","IB",12.83,164.6089,2111.932187,7.0,1.0,95.37,99.22,38.1,-0.2,-0.92,-0.6,0.32,0.04,0.0,-0.23,-0.98,-1.54,-0.52,-1.01,-0.06,-0.76,3.23,71.17,0.95,1.97,6.17
