"","X","ID","SE_P","PAV","PAp","MG_P"
"1",1,"4219",1.24050976156106,1.7170759919448,1.77492486922034,1.09593808952923
"2",2,"4229",1.24050976156106,1.7170759919448,1.77492486922034,1.09593808952923
"3",3,"4467",1.24050976156106,1.7170759919448,1.77492486922034,1.09593808952923
"4",4,"4482",1.24050976156106,1.7170759919448,1.77492486922034,1.09593808952923
"5",5,"4710",1.24050976156106,1.7170759919448,1.77492486922034,1.09593808952923
"6",6,"4765",1.24050976156106,1.7170759919448,1.77492486922034,1.09593808952923
"7",7,"4363",0.612702870327712,1.68610032954591,1.7702137702705,0.855779790488828
"8",8,"4563",1.03296278966724,1.71306768448335,1.75800235325303,0.546205516152213
"9",9,"4748",0.650617392796543,1.69158398580094,1.76124280380068,0.58782712603561
"10",10,"4778",0.888922649876114,1.55202166772256,1.48921959563546,0.946762338682424
"11",11,"4753",0.326565798998544,1.67204207508635,1.76845756895361,0.755887658992521
"12",12,"4514",0.469532715014067,1.17314224231989,1.28816106556626,0.795309694810703
"13",13,"4660",0.133875011625805,1.66260365868745,1.76739427391999,0.691431944942684
"14",14,"4395",1.05933739455713,0.926255958329537,1.51696220535878,0.713192791568137
"15",15,"4280",0.518435874644005,1.45172654166674,1.30055350754724,0.522769717124852
"16",16,"4906",0.747643467487326,1.37981446102444,1.12854942548031,0.596792200275163
"17",17,"4923",0.563714718562351,1.1185844241486,1.5724139533386,0.433592614183435
"18",18,"4256",0.592531248164733,1.38566616396624,1.17063820590876,0.82668076874236
"19",19,"4505",1.20685831209894,0.955854505965247,1.31139327916354,1.08005303180071
"20",20,"4930",1.00154208744841,1.04770348538887,1.5465244319168,0.533795867594099
"21",21,"4258",-0.0680813295939825,1.65817502311461,1.75293471279289,0.21206071404827
"22",22,"4279F",1.07540421495096,1.14496057024508,0.967644889939981,0.67346081392736
"23",23,"4763B",0.805888343774767,1.55869838627529,1.44762723960643,-0.160852958224175
"24",24,"4760",0.295906556937493,1.46818183846797,1.34235240763,0.248948489161989
"25",25,"4773",0.592243571532014,0.849676611974981,1.32299896795463,0.849502375474351
"26",26,"4955",0.629594077047375,1.13888563825232,1.16399308692899,0.518648728252492
"27",27,"4282A",0.908583189028994,0.819246757810856,1.30041448901675,0.264855903191778
"28",28,"4479",0.250594449136206,1.16605016374924,1.36256582455275,0.724307818078001
"29",29,"4485",0.185903959972829,1.24888917148824,1.29311241449315,0.14663050313202
"30",30,"4488",1.01729804100165,1.11168732463952,1.13145205289867,0.530278490447907
"31",31,"4495",0.55350539875161,1.07948295993298,1.33176889777577,0.374185305156153
"32",32,"4722",0.927101772599264,0.958756085522562,1.32887163986887,0.304157246541393
"33",33,"4769B",1.18672210030327,0.537964155563725,1.17269887821102,1.07738414149819
"34",34,"4848",0.985866539840282,1.05549783428782,0.982269266651115,0.433122421522754
"35",35,"4920",1.01597272157827,1.25936303354952,0.826253771102458,0.475840215662025
"36",36,"4357",0.0112042999528884,1.49735499481467,1.42808376765717,0.177967570346085
"37",37,"4494",0.645263916757176,0.727949170654355,1.25330438018088,0.31112977618699
"38",38,"4543",1.19156116433025,0.575430818723023,1.01205111758044,1.06888355801758
"39",39,"4609",0.131730430145021,1.67596970060165,1.73535132266424,-0.310166641339821
"40",40,"4606",0.640038201948518,1.28694327422896,0.911344964827812,0.175803822868274
"41",41,"4764",-0.165124046962185,1.65790834281991,1.74190311305344,-0.150839357905191
"42",42,"4815",1.22250647661329,1.04086395630213,0.70062001745173,1.04868311046275
"43",43,"4832",-0.378305902116827,1.64227796393951,1.75342124163255,0.173838547733866
"44",44,"4847",0.618632338349971,1.08715241718556,1.32425764469376,-0.0021947700464833
"45",45,"4871",-0.0512394678169633,1.29824284534743,1.62756905804366,0.0732357115847016
"46",46,"4592",0.79143574005653,1.15932485270243,0.622009939303913,0.578245969615191
"47",47,"4353F",1.06729450730762,0.833937870833046,0.625534506714454,0.664181874940336
"48",48,"4704",0.150643678727104,1.21653473712433,1.19449842267208,-0.23717899062069
"49",49,"4233",-0.447046887246253,0.653153027762413,1.20569541208694,0.508261403272153
"50",50,"4270",0.0793050666870767,1.01566996389552,1.18982374092469,0.0961121491782931
"51",51,"4376",1.21697468821941,0.86468199025711,0.469924192202027,1.03889848863904
"52",52,"45710",0.0858439401858312,1.0144406571976,1.31500165403491,-0.0777893395893853
"53",53,"4650",0.186592102928448,0.62352862274867,1.25004944669331,0.711987663113941
"54",54,"4698",0.960670172089442,0.588412297565043,0.58257604334323,0.389121780806767
"55",55,"4727",0.042823356362738,0.718357219159449,0.943923640145082,0.410705964389692
"56",56,"4753B",0.720393333741248,0.843535976642432,0.684035699660012,0.530752344255913
"57",57,"4754B",0.736468513486106,1.01019148575029,0.255324061145206,0.526259769252275
"58",58,"4824I",0.0339830496376252,1.24244576296809,0.868827285736458,0.0858850545817418
"59",59,"4821",0.12334946132939,0.541048907749875,1.0403153545934,0.421499327249452
"60",60,"4947",0.0374698086138043,0.991160081111748,0.934473850626753,0.263060687880538
"61",61,"4236",0.514987166327833,0.405192160427595,1.19592646802299,0.300417603925463
"62",62,"4259",0.857109168502157,0.408213599157126,0.631710862777093,0.92323738509392
"63",63,"4299",0.367636097187264,0.784950230992328,1.1047654587048,-0.164968627180686
"64",64,"4385",-0.668605608251568,1.63263851737714,1.7420191402863,-0.237222356708151
"65",65,"4483",0.253689120004409,0.958265746093014,1.04535103848895,-0.0930530284822495
"66",66,"4639",0.183920949808885,0.687142939081593,0.852273096461148,0.690635351839541
"67",67,"4542",0.000652466659050723,0.786100724433678,1.15029833973016,-0.114278976482353
"68",68,"4819",0.597306049284117,0.819494890567698,0.662117658281692,0.548502179174267
"69",69,"4807",0.107104749972501,0.717863473838228,0.913038828418097,0.0190186115184607
"70",70,"4235",0.335480864424464,0.551000086214245,0.724433244580487,0.354239385830545
"71",71,"4293",-0.0124702729600786,0.521956177827025,0.965470997800136,0.0106198889142051
"72",72,"4480",0.33500661314869,0.635289324832201,1.26119008777254,-0.2817295582904
"73",73,"4716",0.241055338392313,0.553925224464393,0.715632298114865,0.706640555836485
"74",74,"4740",-0.43742242132823,1.18791184118655,0.814103753820055,0.481594280067756
"75",75,"4879",1.22931328460052,0.998906959203462,0.202862745985366,1.0244966604175
"76",76,"4954",0.523629871468947,0.571538661140025,0.705121745870726,0.535207264090299
"77",77,"4257",0.455163040304896,0.326766785868963,0.79542904567527,0.275222166376903
"78",78,"4319",-0.232153480707747,0.928985272380174,1.03589843812957,0.120177497971044
"79",79,"4301",1.0102750568225,0.637485555567377,0.391919250260169,0.509549565961176
"80",80,"4380",0.967662943571468,0.460030237393179,0.539957730216782,0.424808685999439
"81",81,"4326F",0.0285374636887572,0.928876882279588,0.495697744655415,0.617591058137226
"82",82,"4941",0.238242430169678,0.495024647403591,0.834158017452017,0.712890354813791
"83",83,"4324",0.580632360242487,0.118524820096996,0.392517849597281,0.819046906541876
"84",84,"4338",0.162564946357055,0.764716463041016,0.729413065383421,0.0605645575011502
"85",85,"4392",0.272689396410158,0.351540464615277,0.664303609550311,0.455062722022648
"86",86,"4394",1.19217205281161,0.322883772598282,0.214022363575232,1.03174440846407
"87",87,"4427",0.399764774693691,1.0124536732426,0.285493993876176,0.332759761085413
"88",88,"4279",0.59474882512831,0.531451250680687,0.25667651651144,0.805626045722252
"89",89,"4769",0.07378381929559,0.435019626866951,0.822804407615163,0.420389868758258
"90",90,"4885",0.650476891994386,0.33926651577425,0.75941331844223,0.341882562031187
"91",91,"4888",0.782506436162497,0.818080819163301,0.902629589706762,-0.182144569367789
"92",92,"4934",0.525532652838569,0.290371161782064,0.522319511301182,0.801378914731465
"93",93,"4347",0.408701975643507,0.0609794003447143,0.935237340147201,0.115859291670274
"94",94,"4461",0.641559056636856,0.55037305558359,0.961551986960983,-0.638859477888937
"95",95,"4478",0.787625934965397,0.829094181167675,0.388033399971062,0.590731391967215
"96",96,"4521",0.220404256919202,0.568819358282119,0.441968107338267,0.218689272430351
"97",97,"4281F",-0.464108451233321,1.14531785144203,0.702643523498436,0.260994046693552
"98",98,"4645",0.251529201110921,0.450281701338721,0.492668317238152,0.410414282132892
"99",99,"4816",-0.844158626331797,1.40468285306336,1.2912203525477,-0.424075989294885
"100",100,"4267",0.385723267551561,0.36407107011115,1.01234301084684,-0.271386654217625
"101",101,"4263",0.452423441779918,0.508725672327539,0.545704158630827,-0.0433122398867771
"102",102,"4269",-0.147575059620635,1.14476139028705,0.636835171689155,-0.282324329101838
"103",103,"4327",0.478277377585998,0.453654454011983,0.566134737043273,0.338598892085937
"104",104,"4337",1.18439566209469,0.239124861330397,0.398885837149605,1.04179570497349
"105",105,"4356",-0.333848936118276,0.903450103836626,0.698152940526509,0.262375286947806
"106",106,"4406",0.0496966165212284,0.245390724443968,0.765717039894638,0.188164110832463
"107",107,"4664",0.38961982997662,0.62261398910089,0.383529159915976,-0.00197793270388733
"108",108,"4311",0.489375608037422,0.66365327215566,-0.0588171751549518,0.750143974925525
"109",109,"4818",0.580320165645716,0.19711938992435,0.628650072798907,0.828607649917106
"110",110,"4884",-0.718143015829963,0.670236471505605,0.984004076309913,0.418147091171496
"111",111,"4922",0.257946144805969,0.618698080450814,0.343194328607505,0.306034401872797
"112",112,"4948",0.50292639859705,0.764317939097873,0.0992615721297199,0.35816949810195
"113",113,"4420",0.654961970035713,0.323939164412604,0.384958027928528,0.164326340550988
"114",114,"4289",-0.550783676892736,0.602947607126387,0.985700986431774,-0.180316421468644
"115",115,"4507",1.19280729780101,0.276039116785066,0.0397892386012878,1.02369204679506
"116",116,"4492",1.20604693732559,0.482882438096923,-0.07160193607893,1.01616300667779
"117",117,"4317",0.010200376324222,0.527208840745368,0.683269185385567,-0.249062277124015
"118",118,"4623",-0.625681002563579,0.727745383083198,1.03203105346343,0.104888579147216
"119",119,"4691",0.544498663566862,0.384865628566945,0.715903453824886,-0.258872947310214
"120",120,"4730",1.0442965667756,0.0889601864636558,-0.01730024946863,0.648342873073332
"121",121,"4931",0.773681123192097,0.461380507031061,0.125920126216008,0.569103349007555
"122",122,"4224",0.66958983839888,0.0542521466330295,0.485808939884523,0.432625736984657
"123",123,"4291F",0.152787890938569,0.439367426690955,0.308920079909638,0.407570652784148
"124",124,"4249",0.421373963305585,0.136204792214545,0.423594488807277,0.505549254460829
"125",125,"4304",-0.349342950153338,0.609141865037614,0.588083652870503,0.0972016784693838
"126",126,"4348",0.57871234254685,0.0455615094575257,0.367139665627093,0.819148281854359
"127",127,"4382",-0.389295496978682,0.465502255746192,0.687493849465388,-0.178889670884858
"128",128,"4449",0.963413943427851,0.0580545076285096,0.372752880772502,0.455306777057421
"129",129,"4447",0.251787437984972,0.703957990832475,0.0831161493597573,0.6765087655181
"130",130,"4522",0.360787682856587,0.122279347650414,0.660021553196916,0.050635417586071
"131",131,"4245",0.732107228194499,0.493655476139211,-0.174696921741065,0.544896459547589
"132",132,"4759",0.272229505675446,0.195962804780576,0.288930636699077,0.439799237963567
"133",133,"4771",-1.27021609077402,0.667781401398651,1.47316784444013,0.0686991657614564
"134",134,"4789",0.328723170834198,0.347003546175021,0.340651604935463,0.723611390998975
"135",135,"4857",0.261472902976446,0.0604121396955346,0.485741693993882,0.420632596080681
"136",136,"4898",0.781661079879527,0.637001064569114,0.275445148746452,-0.21797931941717
"137",137,"4253",-0.0119283037933663,0.628417783849339,0.287280977835736,0.159708524274042
"138",138,"4285",0.299376481158272,-0.0188258695783078,0.347444284248952,0.72387959239318
"139",139,"4308",-0.601535709064757,0.778725449304196,0.583971876229669,0.229299749002043
"140",140,"4294",-0.747771144533498,1.37622164009919,1.20310788422013,-0.720905684539178
"141",141,"4282K",-0.569336337991128,0.889961830396374,0.870380698027483,-0.436186106670757
"142",142,"4443",0.0362886007938333,0.790316597476201,0.583963796840192,-0.369335724101507
"143",143,"4353",-0.812327582722356,0.85594186195163,1.08685889415685,-0.405180327051502
"144",144,"4428",-0.699934865533081,0.869671076702553,0.860549256976349,-0.402498108849456
"145",145,"4476",0.716019754607597,0.21504196326578,0.215998525007069,0.562065089019771
"146",146,"4550",0.376878992765716,0.399897453249246,-0.0488829386864087,0.469320133925393
"147",147,"4281",-0.452531494750815,0.717267985536743,0.945227844696103,-0.414106956549793
"148",148,"4372",0.424142959130543,0.189105737282665,0.398869131690458,0.116873322415144
"149",149,"4599",-0.0634125452346124,0.339303237126315,0.429176148746138,0.175444726065952
"150",150,"4607",0.497416149962636,-0.248983651067318,0.538411355008222,0.524459912391344
"151",151,"4796",-0.359199074749251,0.261167127640725,0.592179093790153,0.288179511417131
"152",152,"4912",0.410548169792512,0.166204506316361,0.427763418292368,0.162502096194099
"153",153,"4275",0.582874752149278,0.479084136989606,0.05768437802715,0.299437983172654
"154",154,"4273",0.94301989218959,-0.087124434004793,-0.0329001389144511,0.37683876820618
"155",155,"4401",0.474152564479555,0.32712852115975,0.0611753956058574,0.290766268732531
"156",156,"4465",0.0749062484771793,0.807900321831509,0.105408288554591,-0.0962054608806858
"157",157,"4554",1.21280520812441,0.39019229140834,-0.704277241239745,0.986634152327812
"158",158,"4381",0.0835543693653284,0.854180768622317,-0.107595344309288,0.203360981123406
"159",159,"4643",-0.0747842888896119,0.379088644142526,0.621919653408084,0.0514653646960377
"160",160,"4673",-0.135002551623576,0.878586444524491,0.319598917091604,-0.288857280720512
"161",161,"4589",-0.282483202115879,0.585466527422059,0.48428109021569,-0.192779768642829
"162",162,"4598",0.40494261601611,0.582135446582869,0.115641345176806,-0.0559381270570801
"163",163,"4746B",0.467691488643697,0.515728593500431,-0.247949981592618,0.296838693589854
"164",164,"4858",0.0194612861660399,0.626179392014255,0.29713025135098,-0.0846151919958849
"165",165,"4900",0.0145263165523343,0.596329828798975,0.525988424329618,-0.249521390393411
"166",166,"4293F",0.107377162263241,0.317869243115386,0.00818419397640422,0.22453748047853
"167",167,"4315",1.17616986321067,-0.118205687285142,-0.206075362875269,1.01574654951723
"168",168,"4309",1.17643117485322,-0.123593819988718,-0.235448801433027,1.01435759363536
"169",169,"4302",-0.435501937727649,0.294815879275305,0.389773370225085,-0.069658211437333
"170",170,"4424",0.474367491390092,-0.155410894804405,0.243170990208227,0.470933982905659
"171",171,"4458",0.605661758878317,0.419178458666708,0.167827377770835,-0.0659109597897004
"172",172,"4498",0.662769918843879,0.318501862801908,-0.165414944775523,0.305281851150283
"173",173,"4531",0.950602528631748,0.104938833104906,-0.0837474300895399,0.366642973057657
"174",174,"4545",1.02465805640536,-0.272603302275874,0.0794128574087326,0.654924312435586
"175",175,"4768",0.3209888445229,0.1601902185312,0.126127807176034,0.259528122732398
"176",176,"4810",0.0395541111336423,0.33576402794093,0.317962084641151,-0.109611544068006
"177",177,"4845",0.00906041557423675,0.692140724110419,0.30807115149782,-0.151544945574032
"178",178,"4752",-0.940483025138865,0.616227360745392,0.707255510684617,0.0378576700007445
"179",179,"4914",-0.329479039049147,0.480139157530152,0.559735219838729,0.130772528400669
"180",180,"4945",-0.0543108519210287,0.545980303189549,0.3765772589164,-0.130916458698446
"181",181,"4225",0.657070827804973,-0.00828273422982315,-0.0325342623969208,0.181744820318144
"182",182,"4303",-0.134723903312965,0.884698823414742,0.334106356370524,-0.33769944677163
"183",183,"4352",-0.210488535602014,0.565663140069354,0.0921840545269848,0.1097631008538
"184",184,"4407",0.432083994135948,0.249066718327682,-0.253760184072746,0.479664092359112
"185",185,"4442",0.661358295621868,-0.0117577307867036,-0.165800469770389,0.823168816659779
"186",186,"4451",1.18213947585712,-0.0858729680553306,-0.439855374259489,1.00405549339358
"187",187,"4457",-0.128389077208774,0.259026571665165,0.27350060428127,-0.175696858317634
"188",188,"4341",0.404669667557109,0.84064698693636,-0.191440211944952,-0.0215667560099541
"189",189,"4562",-0.199151825093367,0.387800136685714,0.431780916624491,-0.310111545808227
"190",190,"4358",1.19281579306881,0.0888047565327798,-0.514705445763294,0.998565615428794
"191",191,"4653",-0.00593573730221812,0.366456899350718,0.393822405744705,-0.0884732418297061
"192",192,"4464",-0.712919022498229,0.744049728927316,0.726903564427069,-0.467860972864226
"193",193,"4723",0.573317614541781,-0.243150773111648,0.0755051145174105,0.810743046072901
"194",194,"4720",0.669699985352724,0.14781788310846,-0.394693605936335,0.810149609548027
"195",195,"4728",0.644247115436055,-0.0538686606580355,-0.0563261730948706,0.297586571314311
"196",196,"4762",-0.0209633119952415,0.281454994562283,0.323940136316638,-0.120390201123092
"197",197,"4822",0.304110979870905,0.00963014375456408,-0.0824411835534641,0.704263540489924
"198",198,"4870",-0.319076912541676,0.373266150612472,0.818371937686237,-0.385575382494003
"199",199,"4921",-0.2786490355446,0.308589469102635,0.53210092077362,-0.140443176676014
"200",200,"4232",-0.162785889013803,-0.00193245981377124,0.417496516698118,-0.0174488937577568
"201",201,"4261",0.176065534032537,-0.121283000341495,0.326353183819992,0.205129429640727
"202",202,"4252",-0.156981959477973,-0.00949214034149909,0.390442003427072,0.0188723851369664
"203",203,"4292F",0.199684624073652,0.228914272881859,-0.201680887375545,0.242349926447219
"204",204,"4307",0.448246145132278,-0.289042839259871,0.300843019583505,0.287505373279488
"205",205,"4379",0.532993037672493,0.0511402184777166,0.196478800353097,-0.145910275343118
"206",206,"4404",0.167659825260915,0.429281563563326,0.295074572795536,-0.327009016178206
"207",207,"4490",0.785692132612202,0.399275085527741,-0.184246245073773,-0.213052426295534
"208",208,"4335",-0.597109536766109,0.765686550121637,0.523990386449299,-0.468662696337932
"209",209,"4358F",0.508082890303801,-0.185776249688571,0.155874651246018,0.52600644688292
"210",210,"4574",-0.163573157273611,-0.0132253930895484,0.479105643111958,-0.0150595489911514
"211",211,"4668",-0.30265308129598,0.496994800768215,0.347090610194074,-0.316661043197676
"212",212,"4746",-0.208047165421611,0.304489228060344,0.441165729017206,-0.354885349288249
"213",213,"4878",0.491424053210429,0.024996577485959,-0.389407839597183,0.752165414702503
"214",214,"4928",-0.048300289780841,0.419118181785966,0.130033600555464,-0.274003386657877
"215",215,"4271",0.484153490845276,-0.0971273311130676,-0.216947908436499,0.371393922000509
"216",216,"4330",0.00305964628339487,0.180557888719143,0.262320695660816,-0.115161220622615
"217",217,"4373",-0.694582997668376,0.050626169026535,0.49819519713136,0.41925968076721
"218",218,"4399",0.0449851017732468,-0.0880859999148179,0.259776384410518,-0.116985471612008
"219",219,"4446",-0.728421793202948,0.235305267617772,0.537502811153422,0.173947310987291
"220",220,"4517",-0.446298124517538,0.724275692244302,0.379862276810834,-0.429038791828068
"221",221,"4564",0.579638135262609,-0.525395386742393,0.221230541699012,0.133894789611086
"222",222,"4573",-1.69488396291359,1.59154472367511,1.71954428795259,-1.14143455009012
"223",223,"4419",0.677936252164989,0.261638602413243,-0.733221925357633,0.79300593238209
"224",224,"4761",0.709636450356656,-0.079799998481115,-0.0417926665033208,0.55661890491211
"225",225,"4779",0.209401629167709,-0.403743905881356,-0.0662702354402823,0.440739909875556
"226",226,"4813",0.187678716857254,0.0531515621067413,0.227564988087131,-0.361981417499104
"227",227,"4943",-0.445275046014071,0.372296636139759,0.540471359538974,-0.305761364803876
"228",228,"4244",-0.298977332074948,0.75947971112071,0.122624189687549,-0.456117964645478
"229",229,"4248",0.448773460727284,-0.313846249486999,-0.197276517832851,0.498671903726627
"230",230,"4393",-0.536682169965327,0.364617015114747,0.148407436617789,-0.113402280267937
"231",231,"4384",1.16048197595164,-0.478029939108196,-0.391457812563154,1.01050129983845
"232",232,"4423",0.23473722074172,-0.00366575093882948,-0.0892561776157982,0.681391993762344
"233",233,"4450",-0.197284311470482,0.17698212285608,0.125487069246718,-0.296074053752625
"234",234,"4646",-0.359409206973778,0.397044314482674,0.195150056622135,-0.0932780050512263
"235",235,"4626",0.212776105331243,-0.173133020617114,-0.0408666803698751,0.423297100066481
"236",236,"4681",-1.65512931613881,0.69804779125273,0.985841640948083,-0.569587891552937
"237",237,"4297",-0.429739307135514,0.718970289212795,0.140415495458766,-0.359936301271939
"238",238,"4736",-0.246465704048091,0.660645411922483,-0.0425764606086556,-0.163058133708557
"239",239,"4729",0.817411970378299,0.260136406357868,-0.318000122834093,-0.0991572803331703
"240",240,"4766",0.418125512823184,-0.125389656838859,-0.0520248949641121,0.0927203924533612
"241",241,"4824",0.193024850041345,0.213434105459571,0.0500930989294387,-0.37586141005812
"242",242,"4800",0.258301230718544,0.178590145292496,-0.75837547052558,0.400773335064014
"243",243,"4860",-0.105046964947573,0.028344889719288,0.107943856791656,-0.0150611664632744
"244",244,"4879F",-0.0310508003248459,0.317126322895043,-0.246820983626264,0.216309943857218
"245",245,"4230",0.390381123436307,1.25855440502761,0.761675205872058,-1.77557937962167
"246",246,"4251",-0.532260720458701,0.278471764516967,0.329782286818388,-0.257980643870835
"247",247,"4367",1.13978715249982,-0.846714946229001,-0.306692826635965,1.01861075115411
"248",248,"4430",1.03879382891983,-0.280925236217887,-0.605950431706907,0.631212484050043
"249",249,"4502",-0.556243152739188,0.589645599617695,0.223071730511295,-0.376167761490488
"250",250,"4558",0.170385048349858,-0.376437071281211,-0.00518729999780621,0.0813854715730888
"251",251,"4620",-0.411526037922946,0.479906008138983,-0.0536832943624702,-0.212171899333639
"252",252,"4667",0.648952570354241,-0.407232659762885,-0.234013244202348,0.826491090042759
"253",253,"4786",-0.650238094094117,0.0815698005991694,0.431202738248096,-0.0910724002801998
"254",254,"4902",-0.0749138995093863,0.533445009501365,0.142720255177204,-0.331296908134909
"255",255,"4957",-0.518353972022059,0.258861689081188,-0.00136717379725247,-0.0962752239340475
"256",256,"4932",0.550246913787571,-0.143513082972936,-0.283745819767251,0.387056003487566
"257",257,"4920",-0.0654704928171443,0.128548724908167,0.0685171621626495,-0.347961283702944
"258",258,"4936",-0.0654704928171443,0.128548724908167,0.0685171621626495,-0.347961283702944
"259",259,"4254",0.0264510965993976,0.0875406970589332,-0.137550135615242,-0.101675959743028
"260",260,"4346",-0.342805672104799,0.0719015737964438,0.349358498891042,-0.462658645110969
"261",261,"4433",0.456822603426848,-0.147617268561552,-0.844972796948089,0.723203962424927
"262",262,"4535",-0.13546783375233,-0.375236315001408,0.0925504832767446,0.580562062188367
"263",263,"4549",-0.141284787830249,-0.0322144164463476,0.346928600195398,-0.239368732526398
"264",264,"4578",-0.125228868639958,-0.411244005845615,-0.0654815916189421,0.57762903812844
"265",265,"4585",0.834299630645828,-0.577369392832666,-0.407032782561545,0.889227705674701
"266",266,"4595",-0.442568918640086,0.299402046997634,0.187205716070493,-0.475048527266564
"267",267,"4539",0.351288434669027,-0.189966218753049,-0.542609043035744,0.703471290400312
"268",268,"4726",-0.925968826584729,0.749079597538787,1.05735934402714,-1.23614812264375
"269",269,"4743",-0.751996216941214,0.340180102142499,0.914296068659788,-0.781836681286692
"270",270,"4770",0.327339209466996,-0.573025766272013,-0.160084089285366,0.426887090480895
"271",271,"4919",-0.669095576142835,0.667630657058588,0.493352321686836,-0.956155672108512
"272",272,"4887",-0.398579362829338,0.152261172569497,0.636948193728038,-0.717640266315199
"273",273,"4242",-0.612658125199969,0.821897292913676,0.185171296458103,-0.679219021983132
"274",274,"4288",0.313237991953559,0.00250707901336394,-0.383072044003127,0.047300453552817
"275",275,"4339",0.130558343765066,-0.181491735413163,-0.0317989106963911,-0.211535958326169
"276",276,"4239",0.0717911154985007,0.0848181848275692,-0.346975594777324,-0.117487714463027
"277",277,"4503",-0.00896379896747508,-0.0939780072328,-0.017827889750234,-0.0776461483735732
"278",278,"4520",-0.482933531610632,0.319326875165047,0.283408124878194,-0.612659567557364
"279",279,"4513",0.106200857883317,-0.258848713096552,-0.272976819959414,0.637735042846879
"280",280,"4314",0.0271792762012921,-0.532810790755796,-0.0570539223782348,0.219012117669966
"281",281,"4295",0.963611622642143,-0.41636880162102,-0.433555530735956,0.449074040990039
"282",282,"4579",0.582899704394602,-0.29496130746814,-0.890904018731736,0.767716567778968
"283",283,"4508",0.25739517646321,-0.265072925253032,0.200186569903875,-0.352457911468991
"284",284,"4684",-0.177122912678978,0.14123163387059,-0.0556644014020486,-0.234812681384282
"285",285,"4771F",0.553037528700434,-0.555552678375424,-0.663588689906428,0.775760573343036
"286",286,"4758",0.255063800474476,0.157039703948991,-0.60493976697431,0.0593667411920893
"287",287,"4756B",0.102194800164367,-0.16604080240966,-0.0237999236761224,0.0518674976555243
"288",288,"4834",-0.149847101187582,-0.123130562590745,0.255617998924468,-0.270469002454612
"289",289,"4826",0.574549657455922,-0.477182026791374,-0.645999343361876,0.78189577797831
"290",290,"4849",-0.0574855432331297,-0.0618620511686303,-0.17578940023399,-0.111074876027348
"291",291,"4933",-0.459621963865812,-0.00749729368781089,0.272299607032514,-0.189180516122003
"292",292,"4940",0.568542002945959,-0.571572762212759,-0.363531740687191,0.796291185643757
"293",293,"4264",-0.325068462878505,-0.142065618242287,-0.106755970165669,0.2796726593425
"294",294,"4290",0.53018554754015,-0.164936857756748,-0.278833077447422,-0.17105194411627
"295",295,"4322",-0.571015313651722,0.312214199143274,-0.128233483364102,-0.264948059276463
"296",296,"4343",0.960155679060275,-0.401452297660639,-0.945587582014454,0.387877471293287
"297",297,"4390",0.333661095540599,-0.130368321923277,-0.542336658654011,0.121733180376223
"298",298,"4383",0.0630440812125152,-0.758942269193924,0.0810181328919444,0.652938409166027
"299",299,"4452",0.994164377430761,-0.9739216274959,-0.573713828756281,0.607901806293263
"300",300,"4509",0.250888297333564,-0.441522663185462,-0.633900894993977,0.43099781545106
"301",301,"4499",-0.225134660177087,-0.216434161943648,-0.0467966530843614,0.133367258692518
"302",302,"4344",0.901622011922423,-0.297652886209331,-0.723314429690124,0.214952857804531
"303",303,"4560",-0.191215619067345,-0.534410415638901,0.0760515211542696,0.566412977046676
"304",304,"4668C",0.319990596750365,-0.312618727802489,-0.454592248094439,0.269131017586713
"305",305,"4635",-1.05855822624838,0.270131294447771,0.317896992843949,-0.202733173988814
"306",306,"4619",0.705454666604481,-0.5777386092057,-0.620911689438531,0.558810433281109
"307",307,"4669",-0.0778183996343563,-0.183754538429494,-0.341827679920145,0.13920273998448
"308",308,"4541",0.21375641876954,-0.180377851962717,-0.0741603401042312,-0.0430865302632436
"309",309,"4768B",0.853376834325347,-0.342881290871403,-0.935358517262475,0.0484168428450892
"310",310,"4755B",-0.580397844601389,0.550259236577341,-0.0633081218604486,-0.104818975761874
"311",311,"4782",0.00320734318615698,-0.217942224095154,0.242297119337342,-0.334616219405452
"312",312,"4836",0.277057631807895,-0.324403237284129,-0.139596263222914,0.105344387000244
"313",313,"4842",0.0715060586526564,-0.193128760644826,-0.332137015734551,0.209716503306348
"314",314,"4861",-0.63402260256163,0.175959522919941,-0.0640465567024077,0.0301486476531183
"315",315,"4950",-0.508744671886489,0.0884670228978048,-0.0767101342871424,0.0600283132406968
"316",316,"4241",0.576013333204498,-0.556158934401216,-0.975604411425122,0.768385247605594
"317",317,"4243",-0.260228376000509,0.206043902222,-0.119391770587057,-0.160427654832128
"318",318,"4260",0.275648480634205,-0.31141285943628,-0.45767270941373,0.0569345536055061
"319",319,"4296",-0.663755076060468,0.252899177474453,0.754141213214971,-0.923941005762095
"320",320,"4396",0.246281652637192,-0.505933234572873,-0.610240301122739,0.41769410045635
"321",321,"4448",0.27909975096511,-0.509387889934752,-0.00783625057186261,0.14539023835271
"322",322,"4459",0.849079396605039,-0.418553965483626,-0.960382558986083,0.0434232870862403
"323",323,"4456",-0.145829192799736,-0.197469796898637,-0.0606024468867108,-0.168611811163442
"324",324,"4484",-0.455372605147474,0.482964782433318,0.0170879656484024,-0.50035778510303
"325",325,"4350",-0.758189103258661,0.44656223372994,0.101464695264828,-0.509401670602438
"326",326,"4537",-0.322433513774342,-0.47254111495292,0.050327430066394,-0.183042726918078
"327",327,"4586",0.485682015012168,-0.779861547289091,-0.204273237310233,0.479785138891433
"328",328,"4670",-0.877246531846463,0.302348394775777,0.203611314603664,-0.565409513556386
"329",329,"4683",1.12425594788572,-1.25824719572451,-0.628378168110482,1.00746945985338
"330",330,"4714",-0.244583674030661,-0.236614627126222,-0.122861166097346,0.101071343319764
"331",331,"4820",-0.306368657542373,-0.239829120732208,0.115888556805625,-0.253138300229827
"332",332,"4825",-0.059766489888517,-0.166478290454811,-0.845148102982687,0.557413639547743
"333",333,"4837",0.116858840165605,-0.0848450993361593,0.344027205656631,-0.686899543074235
"334",334,"4874",-0.308559229063034,-0.10595324275097,0.120067980474725,-0.238272749098931
"335",335,"4909",-0.114310375386767,-0.0347592774221469,0.0310197608166253,-0.358241317776612
"336",336,"4886",0.413097903893606,-0.578004932633749,-0.424701315127468,0.306072215661264
"337",337,"4907",-0.0707895150299296,0.797943424383579,-0.307891604587023,-0.863958575268261
"338",338,"4929",0.353443384243374,-0.2126726784233,0.199792783649508,-0.537798237098313
"339",339,"4946",0.384452279176956,-0.163861000373384,-0.58516475103714,-0.00155447621887431
"340",340,"4227",-0.624321909306524,0.210412243271867,0.30474839194683,-0.663215137687921
"341",341,"4228",0.374452557134719,-0.582389100702837,-0.982270103412691,0.700777358971147
"342",342,"4226",0.811818201276103,-1.27411114367311,-0.645435472384821,0.888890722928618
"343",343,"4294F",0.407124945905032,-0.825236972344629,-0.545171461423402,0.438441767129333
"344",344,"4325",0.774445945348053,-0.183662843555149,-0.606924624177318,-0.205725401832746
"345",345,"4410",-0.315558265335899,-0.186767690311965,-0.0265588513079759,-0.185310688048364
"346",346,"4397",0.143068465787824,-0.414289850943408,-0.734882708727011,0.380577152875173
"347",347,"4429",0.0263107856755307,-0.641829549014602,-0.205243366424189,0.193697335916326
"348",348,"4515",-0.197299345308442,-0.193698525850028,-0.851711055508415,0.515660580906541
"349",349,"4672",-0.434680601083289,-0.335596802345409,0.195929670415166,-0.216493706430468
"350",350,"4602",-0.077323869147162,-0.827082900804754,-0.288736849309283,0.593084327615389
"351",351,"4608",0.943208685289843,-0.692823675127824,-1.04723182570248,0.370119013596156
"352",352,"4610",0.0648294595970273,-0.776659933108407,-0.140269129908522,0.643793798973178
"353",353,"4389",-0.860642734912612,-0.411804353194028,0.603205610708541,-0.550802766795804
"354",354,"4725",0.754570183432632,-0.699152262080606,-1.0377824884902,0.558617253901028
"355",355,"4788",0.673538295449261,-0.974381841216598,-1.13105688939916,0.806122299775461
"356",356,"4869",0.414987701353333,-0.5353628188148,-0.229903386473015,0.121700823405221
"357",357,"4913",-0.0990267805057774,-0.124233683297428,-0.144656544222216,-0.243404583702428
"358",358,"4917",0.135566292169007,-0.431417994149329,-0.642321434144543,0.200859102803298
"359",359,"4896",-0.906030797478357,0.216388271908604,-0.0515704622247355,-0.150611374978445
"360",360,"4287",-0.118662307750232,-0.733108601344537,-0.352173080687563,0.574954623566854
"361",361,"4318",-0.275679171498921,-0.0648475523762034,-0.0452808203136728,-0.458465013553613
"362",362,"4359",0.0223317952266972,-0.409250863861074,-0.0937921838150786,-0.230585773729737
"363",363,"4366",0.139304456089559,-0.619532977200638,-0.360287085976235,0.274106570865557
"364",364,"4386",0.404892001845807,-0.899766440205069,-0.584800296353164,0.73838743015888
"365",365,"4400",-0.300158458003048,-0.0934057151478272,-0.559379257874039,-0.300663931461994
"366",366,"4436",0.18500274890239,-0.38491885295787,-0.735870737463897,0.081063441075968
"367",367,"4500",-0.590421595447791,0.007983444068512,-0.0296211376734181,-0.261919518706799
"368",368,"4360",-0.340862941757336,0.616109134344327,-0.00631886687764871,-0.900049895800508
"369",369,"4553",0.263224191676929,-0.574724469788546,-0.402269751360018,0.214108651171958
"370",370,"4642",0.493784747876675,-0.83745923461748,-0.593451165230147,0.487312183158135
"371",371,"4652",0.238483169561471,-0.710603580433416,-0.652301623956299,0.43272132879008
"372",372,"4604",-1.20336160175372,0.589328989136142,0.42358972501878,-1.04000209681144
"373",373,"4739",-1.06537194880578,-0.0427485952511952,0.342291003439463,-0.304570058585218
"374",374,"4775",0.184597436302447,-0.706428397816548,-0.681861912294672,0.655806383026731
"375",375,"4833",-0.829021296066531,0.185476801396926,-0.136294581473008,-0.288902361171563
"376",376,"4846",0.845923096802363,-0.463722470542932,-0.97581930386955,0.0381859132873513
"377",377,"48982",-0.176940826311713,-0.265721229079194,-0.117105295695439,-0.248673060183453
"378",378,"4935",0.637280307842122,-0.967353072392356,-0.529668396553516,0.359342903599835
"379",379,"4234",-1.05977998711936,0.55572853180274,0.467573062578492,-0.949130945524871
"380",380,"4265",-0.815046146524037,0.0985753643470292,0.524170378046023,-1.15785523102275
"381",381,"4300",0.262919876258938,-0.787500183230611,-0.15812708848879,0.0939551007283547
"382",382,"4416",0.104446229413262,-0.761291442593463,-0.814842504852018,0.625257229400472
"383",383,"4460",-0.201326377829526,-0.454533153318487,-0.355960255054317,0.284713419362532
"384",384,"4326",0.245794761682341,-0.472966698237008,-0.956907736185762,0.277464911045604
"385",385,"4546",-0.0358080473258747,-0.294869702529423,-0.617633765644888,-0.163194697134695
"386",386,"4371",0.82243731622141,-1.19772572035945,-1.22656141386397,0.860523746602945
"387",387,"4588",-0.00873181361732528,-0.591043371152131,-0.196240992906634,-0.276305841018626
"388",388,"4506",-0.611053620518442,-0.363900512777517,-0.291270546206149,0.218476250620916
"389",389,"4702",-1.30605410233883,0.341525155657978,0.593272871445781,-1.00812248381256
"390",390,"4693",0.112323546715097,-0.474259576628099,-0.362813973219397,-0.0652026137313355
"391",391,"4737",-0.567863700350927,-0.0349199440700956,0.100597323480592,-0.462227063935936
"392",392,"4777",0.952185662744094,-0.993425817581884,-0.48126530647492,0.495044570194041
"393",393,"4764F",-1.27602062992132,0.442519630522486,0.23278415180746,-0.727905906135496
"394",394,"4783",-0.00771130933165642,0.319990075396408,-0.407558120831032,-0.764201035797262
"395",395,"4904",0.453563862384,-0.710567967041713,-0.699591653711321,0.278454454311106
"396",396,"4895",-0.489962334887038,-0.0154366780608848,-0.131876253888794,-0.32251517162794
"397",397,"4903",-0.131065268526411,-0.350423197388799,-0.311540612721639,-0.143947329687769
"398",398,"4255",0.451844910223398,-0.827959058544491,-1.08623275634035,0.346165174158712
"399",399,"4247",0.637550147857094,-0.803047139560904,-1.09036653026755,0.121387817795499
"400",400,"4268",-0.570475269803927,0.30450718403921,-0.329695831102602,-0.702247492434216
"401",401,"4291",0.00965589728978429,-0.195262570244403,-0.113298837642469,-0.567919251752149
"402",402,"4364",-0.0849734814574709,-0.212108930838838,-0.489496859750157,-0.414746441347681
"403",403,"4441",-0.861717624244922,0.0709624313841705,0.200818524053435,-0.647222541929815
"404",404,"4463",0.95870559592287,-1.19180630611176,-1.2456857009018,0.471336333556054
"405",405,"4566",-0.0827191369005023,-0.650111235996023,-0.384358504512579,0.13300436083499
"406",406,"4559",0.605089205275355,-0.699399596590145,-1.05574943811031,-0.0200559360657582
"407",407,"4374",-1.09869993479643,0.639264978414908,-0.303688142240824,-0.608754343454503
"408",408,"4292R",-0.507529978116069,-0.353061249582305,-0.271541653111092,0.0360405744059741
"409",409,"4648",-0.532675464194913,-0.0774450409319588,0.53914217014681,-1.34941112416664
"410",410,"4659",-0.164939616136807,-0.629698940923384,-0.0478169822804275,-0.286242556506173
"411",411,"4627",0.0692780242078076,-0.808816581525906,-0.658810509462639,0.622370117936042
"412",412,"4686",1.12235660471987,-1.56288408306465,-1.40403287745911,0.9734170192005
"413",413,"4657",-0.249545677735858,-0.381988071685076,-0.129528432028878,-0.165837796171967
"414",414,"4755",-0.803262372644008,-0.000735327827860921,0.525858845971842,-1.08378971944709
"415",415,"4817",1.12235660471987,-1.56288408306465,-1.40403287745911,0.9734170192005
"416",416,"4785",0.226006955493016,-0.707105479992318,-1.02415209209733,0.65342764870945
"417",417,"4801",-0.271829273049215,-0.469708290017687,-0.738393762490825,0.504647987365314
"418",418,"4956",-0.267448668634273,-0.455687457950088,-0.273142021995391,-0.0601739648224606
"419",419,"4937",0.0395262079838268,-0.39473862918706,-0.505759916971093,-0.175247779576598
"420",420,"4952",0.223085629965328,-0.836143601101669,-1.07150554936905,0.653613239723823
"421",421,"4276",0.408364320370693,-1.17550045869981,-0.938321616351801,0.4585055216793
"422",422,"4312",-1.13726337322882,-0.208982763982916,0.624128381232388,-0.838113491659725
"423",423,"4362",-0.592821130475899,-0.118261700697825,-0.421668837822581,-0.401818839832341
"424",424,"4355",-1.00196379857002,0.164277307072584,-0.0690799465682441,-0.462971975430869
"425",425,"4342",-0.239680414127649,-0.380105015632445,-0.919832587542994,0.153651158999559
"426",426,"4391",-0.742728683552796,0.441558289585111,-0.183993490635448,-0.702720429832389
"427",427,"4437",-0.273249746080151,-0.473016736218765,-0.236413895263883,-0.147207243260801
"428",428,"4510",-0.434807957003443,-0.577853730014329,-0.193218971125744,-0.332776061782779
"429",429,"4568",0.169810410863025,-0.658134746619773,-1.02881265593775,0.00903531208522747
"430",430,"4548",-0.931475490493757,0.0793076098952407,-0.319881734541141,-0.256423045745497
"431",431,"4305",-1.2052029276256,0.476949819324308,0.478329246887582,-1.12896998859937
"432",432,"4742",-1.06933038177064,-0.166058983618874,0.0770950084030646,-0.403281177411997
"433",433,"4812",-0.758701997704654,-0.113194586024517,0.0240230375895822,-0.660573271333457
"434",434,"4892",-0.247802062327578,-0.499787562273285,-0.293954718713416,-0.150435729470077
"435",435,"4421",-0.202542668293802,-0.924330870297378,-0.596762335520679,0.323043805835408
"436",436,"4426",0.0552008573923659,-1.02637769705284,-0.891652262643148,0.381593426234488
"437",437,"4632",-0.905636165479201,0.214340813281196,0.143287191213299,-1.31212502511159
"438",438,"4636",-0.616640976406382,-0.295430748135209,-0.267529818376293,0.0108963138049299
"439",439,"4581F",-0.168052245873337,-1.2257543842298,-0.441810343653967,0.344092560059308
"440",440,"4414",-1.03062135524641,-0.355165296178473,-0.219735309392781,0.116742239322716
"441",441,"4712",-0.160688913712497,-1.27701377456566,-0.569131650371752,0.565762475158195
"442",442,"4717",0.550009823303086,-1.58421037013702,-1.40582934830566,0.766599401824873
"443",443,"4731",0.942527937198847,-1.56858683511912,-1.42759174077728,0.460511708388605
"444",444,"4793",-0.762538771722049,-0.260230234151276,0.0786630247552524,-0.426940951911029
"445",445,"4831",0.660783776928579,-1.40968919094629,-1.01746212577239,0.308669981609975
"446",446,"4868",-0.0310041733688572,-0.947574166469251,-1.11083951043869,0.573970283413768
"447",447,"48991",-0.314861990934361,-0.379394613968678,-0.313279115556011,-0.410168247336499
"448",448,"4246",-0.166301685957089,-0.353905351711529,-0.933158945462537,-0.457738006627785
"449",449,"4413",-0.0847736874618803,-0.338018124318484,-0.633421256584245,-0.569005368772134
"450",450,"4572",-0.0319398179404213,-0.634862859146292,-0.793937435758685,0.0512008356002871
"451",451,"4631",0.0530117661017876,-1.11490808777889,-1.19149510455261,0.331413456637874
"452",452,"4611",-0.260614084777505,-0.93284997998861,-0.159804678696146,-0.572302476595132
"453",453,"4616",-0.318641969291553,-0.402472613603438,-0.938153058152394,-0.234045297722062
"454",454,"4656",-0.50938067304752,-0.889192579663188,-0.383682921149651,0.0536759396494701
"455",455,"4756",-1.42111929171608,0.457576056762464,0.291949405164217,-1.1498897637007
"456",456,"4799",-1.30498853818278,-0.0151493599758111,0.480516627139231,-1.16977233927062
"457",457,"4839",-1.12220866685264,0.532298370218902,0.124073492968259,-1.39318434115138
"458",458,"48994",-0.0243232158139901,-0.96983990547986,-0.713773153869424,-0.00241603419295251
"459",459,"4883",-0.486210746989416,-0.255402801298982,-0.293917598483251,-0.603956836024911
"460",460,"4908",0.111548312015411,-1.00494497693172,-0.897412021316413,0.00658650272313651
"461",461,"4277",-0.228216848267421,-0.636144814481965,-0.458062978235864,-0.433337782741008
"462",462,"4240",-1.31666029500038,0.65857446875566,0.572943341832966,-1.71439748890997
"463",463,"4365",0.0525112773741353,-0.571037236087259,-0.5800672013814,-0.330608665179627
"464",464,"4345",-0.133334248044273,-1.07479318335435,-0.790957396441031,0.199019322606725
"465",465,"4540",0.827891183574345,-1.57206439492417,-1.44490770061258,0.0979004036603208
"466",466,"4533",0.0453463432872981,-1.43360448823842,-1.01068464426012,0.348916588459344
"467",467,"4665",-0.286415026356226,-0.191375865829773,-0.222975077919868,-0.649547131918672
"468",468,"4591",-1.61469667559012,0.527102294951177,-0.330171963123936,-0.514300077750101
"469",469,"4750",-0.442860863825399,0.216545276411182,0.32994428970241,-1.76869187290992
"470",470,"4827",-1.03349889703915,0.0429241372948277,0.0758017283282443,-0.96023921677754
"471",471,"4926",-1.01545222224169,0.0185980765025225,0.0435425152141233,-0.742262125251048
"472",472,"4524",0.0803547907130383,-0.903481829330965,-1.12249965597192,-0.074287588249378
"473",473,"4613",-1.35031497301797,0.607782557973693,-0.147438433248693,-1.2133714463165
"474",474,"4663",-0.802096462941025,-0.415055041127901,-0.493075890415247,-0.272738747392103
"475",475,"4866",-0.460754189162401,-0.742621367175768,-0.554285112101152,-0.237700623795572
"476",476,"4862",0.512531491721466,-1.32176748590712,-1.32214214566788,-0.174386967939304
"477",477,"4880",0.696660166548449,-1.33989859133792,-0.87798764148774,-0.333656267946893
"478",478,"4217",-1.35014236753702,-0.431793152130946,0.44402504790789,-1.09489777837896
"479",479,"4264F",0.459936021184597,-0.821965788740608,-1.12239240583269,-0.61576695891015
"480",480,"4272",-0.415561395344755,-0.850161159345721,-1.08112603944408,0.113584037607452
"481",481,"4283F",-1.19935861242727,-0.884686230302366,-0.371049383082454,0.26324993957038
"482",482,"4432",-0.977583187290342,-0.283325935154681,-0.318237400106852,-0.534680353374648
"483",483,"4501",-0.93709729593854,-0.399975346704072,-0.588135437042217,-0.344620330062797
"484",484,"4678",0.202646723716396,-1.2111362718283,-1.26412305105914,-0.243501192840333
"485",485,"4676",0.0156842206287233,-1.15592987224112,-0.940833592376502,-0.143350226771584
"486",486,"4666",0.1982806373465,-1.20972265673448,-0.962712968192732,-0.235826301339399
"487",487,"4617",-1.11511590365705,-0.401035926257757,-0.199023812313411,-0.504710775836989
"488",488,"4707",-0.0698897388505574,-0.92276268112418,-1.12510771770181,-0.0539760604392146
"489",489,"4697",-0.667246782797874,-0.248847037384349,-0.394058330613045,-0.920760776246234
"490",490,"4718",-0.272118450241992,-0.844366689840216,-1.09367054267428,-0.167482797820982
"491",491,"4733",0.0059957673819916,-0.960167965390575,-0.77143752356842,-0.397984625168169
"492",492,"4809",-0.583913744081128,-0.433407393971998,-0.945800815492143,-0.337398362734331
"493",493,"4864",0.118994879454519,-1.59956702014756,-1.42773611891458,0.214350061530667
"494",494,"4901",-0.628078429262757,-0.289433739971954,-0.306234829511257,-0.733693778123248
"495",495,"4924",-0.991827448984238,0.0702000241789874,-0.318620873506069,-0.621821438726239
"496",496,"4942",-0.304757388874316,-0.783380772089207,-0.588838227954667,-0.332293406588082
"497",497,"4036",-0.865146904007805,-0.411260927568063,0.0638689738673395,-0.971110686241541
"498",498,"4454",-0.433064431010603,-0.437736000514436,-0.439661236567503,-0.874718344955867
"499",499,"4310",-0.590233323833837,0.194078556096478,-0.0774356709265497,-1.42020968364086
"500",500,"4637",-0.955987562548135,-0.817877987360836,-0.214337993684489,-0.330440769670985
"501",501,"4763",-0.839663403146167,-0.582353503719597,-0.777315753800153,-0.31513651272514
"502",502,"4784",-0.676152057392302,-0.377615125106394,-0.73510063220542,-0.53416372660739
"503",503,"4795",-0.617799862120456,-0.182319362799115,-0.687437705628677,-0.824103051820795
"504",504,"4829",0.0603025539421057,-1.60140956261096,-1.43649927864673,0.0301434940697514
"505",505,"4863",0.0320557888394014,-1.60248233000879,-1.43834039650911,-0.0132505703424956
"506",506,"4911",-0.0124030746094325,-1.29490708744997,-1.28973948960042,-0.114571722882363
"507",507,"4284",-0.965963077554333,-0.255173171722418,-0.144873909562309,-0.890884878927004
"508",508,"4283",-0.544947928059147,-0.531770071966228,-0.373593260799621,-0.954408660592787
"509",509,"4321",-0.282914100134872,-0.843170590334438,-1.10347498506607,-0.433983065986238
"510",510,"4328",0.265858759972875,-1.07745527109841,-0.675305035350227,-0.546000256656622
"511",511,"4408",-0.229415834295787,-0.951979463320224,-0.71853655076057,-0.526539888960202
"512",512,"4334",-0.483925674337004,-0.166629134162943,0.0733690727625707,-1.57876672699191
"513",513,"4600",-0.454807843029423,-0.59960233103023,-1.01538311538511,-0.612644186017165
"514",514,"4653F",-1.26083202407542,-0.682806120130943,0.241208199450547,-0.865766176309251
"515",515,"4828",-0.910436742195679,-0.514096309457458,-0.43597870128003,-0.706689130694861
"516",516,"4855",-0.329994424016699,-1.23223634973467,-0.491919747503676,-0.519501716518637
"517",517,"4859",0.567630481721361,-0.68715887009484,-1.08537742562339,-0.934011942788847
"518",518,"48981",-0.883794807594739,-0.21946529704508,-0.0414247123692826,-0.984545397048527
"519",519,"4313",-0.794252788941518,-0.453023103123521,-0.235868244595787,-0.863652304263628
"520",520,"4435",-0.940348794212674,-0.485175918371615,-0.29986875693885,-0.809802081519093
"521",521,"4780",-0.343994447635051,-1.02897287155453,-0.907174813853581,-0.466070180742446
"522",522,"4791",-1.07242754159298,-0.53568273258845,-0.171630187922901,-0.691546571553604
"523",523,"4808",-1.07242754159298,-0.53568273258845,-0.171630187922901,-0.691546571553604
"524",524,"4838",-1.03940031102171,-0.243061362333055,-0.202948426064238,-0.853740326675851
"525",525,"4856",-0.92602768857195,-0.261129878207713,-0.29163564570886,-1.07936224863639
"526",526,"4927",-1.33381491188836,-0.199705147976273,-0.133616711489525,-0.781567835758696
"527",527,"4434",-1.25321861941061,-0.544909670740004,-0.490970424775625,-0.505882993394409
"528",528,"4440",-0.461231247895628,-0.569268967402746,-1.01184046946748,-0.811692853580743
"529",529,"4316",-0.964887971576147,-0.717859374808266,-0.447302713364463,-0.492530054245208
"530",530,"4329",-1.12117314818785,-0.585111032871649,-0.442400063304964,-0.740726291296699
"531",531,"4601",-0.0377467800460144,-1.10663756982421,-1.2284843751541,-0.649822846373553
"532",532,"4781",-0.0639906491504871,-1.07225483605283,-1.21215464357628,-0.63580662863385
"533",533,"4835",-0.537144330696962,-0.86277726426321,-0.341224683609184,-0.8444136118065
"534",534,"4850",-1.18776324315446,-0.189528934923047,-0.320927727017272,-0.998637189356006
"535",535,"4897",-0.429610465526292,-1.2771860078542,-1.26967662743892,-0.139976787759726
"536",536,"4292BM",-0.73008898936167,-1.30491798439515,-0.637272060496125,-0.372205019927504
"537",537,"4703",-0.430170103259259,-1.01487395822913,-0.905397532118344,-0.599120246171799
"538",538,"4787",-1.15023342272767,-0.446503970188793,-0.603110340867685,-0.754584937246442
"539",539,"4806",-0.852983324228354,-0.93599753698253,-0.614838393790361,-0.556516453258148
"540",540,"4910",-0.952651497295349,-0.849844025579456,-1.0840464606152,-0.321311043680024
"541",541,"4332",-0.465439781960919,-1.62114496785173,-1.45010778352645,-0.380757968904302
"542",542,"4455",-0.361036194315627,-1.0240375450362,-1.1931310834135,-0.871522082723979
"543",543,"4453",-0.446571638905646,-1.14821227970632,-0.267664124112033,-0.894386695110085
"544",544,"4754",-1.14767545531084,-0.399180675347283,0.113159405621414,-1.45809025200155
"545",545,"4852",-1.1975144497821,-0.249343922730012,-0.891089874551692,-0.874439758214852
"546",546,"4873",-0.91931856615462,-1.00865036880078,-1.14545812084703,-0.268143862151774
"547",547,"4536",-0.48418428432827,-1.62172610103285,-1.45627421129359,-0.500616260778353
"548",548,"4803",-1.32543619096704,-0.54420617364879,-0.098389966603885,-1.06098273828053
"549",549,"4438",-0.909768789972829,-1.63904909650696,-1.43414460721921,-0.205116094069473
"550",550,"4518",-0.291445952343605,-0.890296235869329,-1.15095641410921,-1.14442664635015
"551",551,"45719",-1.27833670551001,-0.273227011046638,-0.293731612653883,-1.32746283038894
"552",552,"46571",-0.903507354194564,-1.39679801687319,-0.870358876296859,-0.576510143405998
"553",553,"4677",-0.916936120110078,-0.955882707833681,-0.768188381153678,-0.929805702476918
"554",554,"4583",-1.00125136143684,-1.03514249840799,-1.16831400838738,-0.612334267000928
"555",555,"4581",-0.256287516984895,-1.61263035469641,-1.46822693922182,-0.65579815842564
"556",556,"4278",-0.650190622623976,-0.931082992168062,-0.880028450155217,-1.0513925895244
"557",557,"4472",-0.921080768099463,-0.49114874898658,-0.665114875816388,-1.49052049258898
"558",558,"4767",-1.00780413139854,-0.463704517643168,-0.979648926775409,-1.30184780950154
"559",559,"4286",-0.902336542085438,-1.63793001644729,-1.4551347001577,-0.590046912466208
"560",560,"4411",-1.1460633352183,-1.24920743702003,-1.26358628660448,-0.759815593266014
"561",561,"4370",-1.17082886741258,-0.0404297993242297,-0.344242242789129,-1.83240752468408
"562",562,"4830",-1.60291796593078,-0.526978860421038,0.410684930360213,-1.76495135069257
"563",563,"4802",-0.973579147362662,-1.64063797008923,-1.46190412851923,-0.745129035870927
"564",564,"4431",-0.867159817918713,-1.63630232025034,-1.46878898968116,-0.844443354250578
"565",565,"4527",-1.29520114522642,-1.37451965013054,-1.3188343059837,-0.796252471035692
"566",566,"4805",-1.60710347077546,-0.737335248582099,-1.05324564901584,-1.05671274302512
"567",567,"4216",-2.48110964947584,-0.259673815569997,0.0652786964245464,-1.70514107465761
"568",568,"4569",-1.54800414730621,-1.14994470345864,-1.21304301111592,-0.882646699420229
"569",569,"4375",-1.78245395532753,-0.100406305675711,-0.261969866476379,-2.31458825842468
