"","ID","Gender","Q01","Q02","Q03","Q04","Q05","Q06","Q07","Q08","Q09","Q10","Q11","Q12","Q13","Q14","Q15","Q16","Q17","Q18","Q19","score","Q01_imp","Q02_imp","Q03_imp","Q04_imp","Q05_imp","Q06_imp","Q07_imp","Q08_imp","Q09_imp","Q10_imp","Q11_imp","Q12_imp","Q13_imp","Q14_imp","Q15_imp","Q16_imp","Q17_imp","Q18_imp","Q19_imp"
"1","4217","Male",3,2,3,4,3,4,5,1,3,4,1,5,2,1,1,1,2,3,5,54,3,2,3,4,3,4,5,1,3,4,1,5,2,1,1,1,2,3,5
"2","4216","Male",1,2,3,2,3,2,3,2,3,2,4,2,3,1,1,1,1,1,1,40,1,2,3,2,3,2,3,2,3,2,4,2,3,1,1,1,1,1,1
"3","4232","Male",4,5,4,4,5,4,3,3,3,3,3,3,3,3,4,4,4,4,4,73,4,5,4,4,5,4,3,3,3,3,3,3,3,3,4,4,4,4,4
"4","4233","Male",5,5,5,5,5,5,5,5,4,5,4,5,4,4,3,3,3,4,4,87,5,5,5,5,5,5,5,5,4,5,4,5,4,4,3,3,3,4,4
"5","4235","Male",5,5,5,5,3,3,2,4,4,5,4,5,4,4,5,5,5,4,4,86,5,5,5,5,3,3,2,4,4,5,4,5,4,4,5,5,5,4,4
"6","4230","Female",1,1,1,1,1,1,1,5,5,5,5,5,5,5,5,5,5,5,5,73,1,1,1,1,1,1,1,5,5,5,5,5,5,5,5,5,5,5,5
"7","4420","Male",4,5,4,5,4,3,3,3,3,3,4,3,4,4,5,4,5,5,5,83,4,5,4,5,4,3,3,3,3,3,4,3,4,4,5,4,5,5,5
"8","4421","Male",5,5,4,5,5,2,1,3,1,1,3,1,1,1,5,3,4,5,2,65,5,5,4,5,5,2,1,3,1,1,3,1,1,1,5,3,4,5,2
"9","4234","Female",5,3,1,4,2,5,3,1,4,2,5,3,5,3,1,3,2,5,3,69,5,3,1,4,2,5,3,1,4,2,5,3,5,3,1,3,2,5,3
"10","4219","Male",5,5,5,5,5,5,5,5,5,5,5,5,5,5,5,5,5,5,5,105,5,5,5,5,5,5,5,5,5,5,5,5,5,5,5,5,5,5,5
"11","4229","Female",5,5,5,5,5,5,5,5,5,5,5,5,5,5,5,5,5,5,5,106,5,5,5,5,5,5,5,5,5,5,5,5,5,5,5,5,5,5,5
"12","4236","Male",5,4,5,5,4,5,5,5,5,4,5,1,5,1,5,3,5,5,5,94,5,4,5,5,4,5,5,5,5,4,5,1,5,1,5,3,5,5,5
"13","4227","Female",NA,NA,NA,NA,NA,NA,NA,NA,NA,NA,NA,NA,NA,NA,NA,NA,NA,NA,NA,13,4,4,3,3,3,3,3,2,3,3,4,2,4,4,4,3,3,3,4
"14","4228","Female",5,5,5,5,5,1,1,1,1,1,3,1,5,1,3,4,5,5,5,76,5,5,5,5,5,1,1,1,1,1,3,1,5,1,3,4,5,5,5
"15","4224","Female",5,5,3,5,5,4,4,3,3,3,5,1,4,1,4,5,5,5,5,90,5,5,3,5,5,4,4,3,3,3,5,1,4,1,4,5,5,5,5
"16","4226","Female",5,5,5,5,NA,1,1,5,1,1,1,1,1,1,5,4,5,5,5,73,5,5,5,5,5,1,1,5,1,1,1,1,1,1,5,4,5,5,5
"17","4225","Female",5,2,5,5,NA,5,5,1,1,1,4,1,5,2,5,4,5,5,5,83,5,2,5,5,5,5,5,1,1,1,4,1,5,2,5,4,5,5,5
"18","4254","Female",4,5,3,5,4,3,3,1,2,1,4,3,3,4,3,4,5,5,4,84,4,5,3,5,4,3,3,1,2,1,4,3,3,4,3,4,5,5,4
"19","4267","Female",3,5,2,4,5,5,5,1,5,5,3,5,5,1,5,3,5,5,5,96,3,5,2,4,5,5,5,1,5,5,3,5,5,1,5,3,5,5,5
"20","4255","Female",5,5,5,5,3,1,1,1,1,1,3,1,3,1,3,5,5,5,5,79,5,5,5,5,3,1,1,1,1,1,3,1,3,1,3,5,5,5,5
"21","4261","Female",5,4,5,5,4,3,3,3,3,3,4,2,1,3,5,4,5,4,4,91,5,4,5,5,4,3,3,3,3,3,4,2,1,3,5,4,5,4,4
"22","4246","Male",3,3,5,4,4,1,1,1,1,1,3,3,3,3,3,3,5,4,5,78,3,3,5,4,4,1,1,1,1,1,3,3,3,3,3,3,5,4,5
"23","4251","Female",3,4,5,4,5,1,4,2,3,4,3,3,5,4,4,2,3,4,4,90,3,4,5,4,5,1,4,2,3,4,3,3,5,4,4,2,3,4,4
"24","4241","Male",5,5,5,5,5,1,1,1,1,1,3,1,3,3,4,4,5,5,5,87,5,5,5,5,5,1,1,1,1,1,3,1,3,3,4,4,5,5,5
"25","4247","Male",4,5,4,4,5,1,1,1,1,1,3,3,1,1,5,4,5,5,5,84,4,5,4,4,5,1,1,1,1,1,3,3,1,1,5,4,5,5,5
"26","4256","Female",5,5,5,5,5,3,5,3,5,5,5,5,5,5,3,5,5,5,5,115,5,5,5,5,5,3,5,3,5,5,5,5,5,5,3,5,5,5,5
"27","4253","Female",5,4,4,5,5,2,2,3,3,3,5,5,4,4,4,2,5,5,4,101,5,4,4,5,5,2,2,3,3,3,5,5,4,4,4,2,5,5,4
"28","4263","Female",4,4,4,5,4,5,5,4,3,1,5,3,5,2,5,3,5,5,5,105,4,4,4,5,4,5,5,4,3,1,5,3,5,2,5,3,5,5,5
"29","4244","Male",3,4,3,5,4,1,1,4,3,2,5,5,5,4,3,3,5,4,4,97,3,4,3,5,4,1,1,4,3,2,5,5,5,4,3,3,5,4,4
"30","4252","Female",5,4,3,5,5,2,5,3,3,3,3,3,3,3,4,4,4,4,4,100,5,4,3,5,5,2,5,3,3,3,3,3,3,3,4,4,4,4,4
"31","4257","Female",5,4,5,5,4,5,5,5,3,3,5,3,3,2,4,4,5,5,5,111,5,4,5,5,4,5,5,5,3,3,5,3,3,2,4,4,5,5,5
"32","4264F","Female",3,3,3,5,2,1,1,1,1,1,3,1,3,1,5,4,5,5,5,85,3,3,3,5,2,1,1,1,1,1,3,1,3,1,5,4,5,5,5
"33","4259","Female",5,5,5,5,5,4,4,3,3,4,4,4,5,2,5,4,5,5,5,115,5,5,5,5,5,4,4,3,3,4,4,4,5,2,5,4,5,5,5
"34","4242","Male",2,2,5,5,4,3,1,1,3,3,5,4,5,5,3,3,4,3,4,99,2,2,5,5,4,3,1,1,3,3,5,4,5,5,3,3,4,3,4
"35","4265","Female",3,2,3,2,3,3,4,5,3,3,3,4,2,4,3,2,4,3,4,95,3,2,3,2,3,3,4,5,3,3,3,4,2,4,3,2,4,3,4
"36","4282A","Male",2,5,5,5,5,4,5,5,5,5,5,5,1,5,5,5,5,5,5,123,2,5,5,5,5,4,5,5,5,5,5,5,1,5,5,5,5,5,5
"37","4276","Male",5,5,5,5,4,2,1,1,1,1,2,1,1,1,5,4,5,4,5,95,5,5,5,5,4,2,1,1,1,1,2,1,1,1,5,4,5,4,5
"38","4272","Female",5,5,3,5,5,1,1,1,1,1,3,1,3,1,3,1,5,5,3,91,5,5,3,5,5,1,1,1,1,1,3,1,3,1,3,1,5,5,3
"39","4284","Female",3,4,2,3,4,2,1,3,2,2,4,2,2,2,3,4,4,2,2,90,3,4,2,3,4,2,1,3,2,2,4,2,2,2,3,4,4,2,2
"40","4292F","Female",3,5,5,5,5,3,3,2,1,1,4,1,5,5,5,4,5,4,4,110,3,5,5,5,5,3,3,2,1,1,4,1,5,5,5,4,5,4,4
"41","4280","Male",4,5,5,5,5,4,4,5,5,5,5,5,5,5,3,5,5,5,5,131,4,5,5,5,5,4,4,5,5,5,5,5,5,5,3,5,5,5,5
"42","4294F","Female",5,4,5,5,5,2,2,2,1,1,2,1,3,1,5,4,5,4,5,104,5,4,5,5,5,2,2,2,1,1,2,1,3,1,5,4,5,4,5
"43","4287","Female",5,5,5,5,5,3,3,2,1,1,2,2,2,1,2,2,5,5,5,104,5,5,5,5,5,3,3,2,1,1,2,2,2,1,2,2,5,5,5
"44","4275","Male",4,5,5,5,4,2,1,1,3,3,5,2,5,4,5,5,5,5,4,117,4,5,5,5,4,2,1,1,3,3,5,2,5,4,5,5,5,5,4
"45","4273","Male",4,5,5,4,5,4,3,4,1,1,3,1,4,4,5,5,5,5,5,118,4,5,5,4,5,4,3,4,1,1,3,1,4,4,5,5,5,5,5
"46","4289","Female",4,5,4,3,5,5,5,3,5,3,4,5,4,4,3,3,4,3,4,122,4,5,4,3,5,5,5,3,5,3,4,5,4,4,3,3,4,3,4
"47","4291F","Female",4,5,5,5,5,5,4,2,2,2,5,1,5,4,4,3,5,5,4,122,4,5,5,5,5,5,4,2,2,2,5,1,5,4,4,3,5,5,4
"48","4277","Male",3,NA,3,5,5,2,2,1,1,2,3,3,1,1,4,4,4,4,4,100,3,3,3,5,5,2,2,1,1,2,3,3,1,1,4,4,4,4,4
"49","4286","Female",3,3,3,5,5,1,1,1,1,1,1,1,1,1,3,3,3,3,3,92,3,3,3,5,5,1,1,1,1,1,1,1,1,1,3,3,3,3,3
"50","4285","Female",5,5,5,5,5,3,3,3,3,3,3,3,3,3,4,4,5,4,5,124,5,5,5,5,5,3,3,3,3,3,3,3,3,3,4,4,5,4,5
"51","4270","Male",5,5,3,5,4,5,4,3,5,5,5,5,5,3,4,3,5,4,5,134,5,5,3,5,4,5,4,3,5,5,5,5,5,3,4,3,5,4,5
"52","4293F","Female",3,5,5,5,5,5,3,1,1,2,3,3,5,5,5,3,3,5,5,124,3,5,5,5,5,5,3,1,1,2,3,3,5,5,5,3,3,5,5
"53","4243","Female",3,5,3,5,5,3,1,1,3,1,5,1,5,3,3,3,3,5,5,116,3,5,3,5,5,3,1,1,3,1,5,1,5,3,3,3,3,5,5
"54","4271","Male",5,5,5,5,3,2,2,5,1,1,4,1,3,4,4,4,5,5,5,123,5,5,5,5,3,2,2,5,1,1,4,1,3,4,4,4,5,5,5
"55","4264","Male",4,5,5,5,5,2,2,2,2,2,3,1,4,4,3,2,4,4,5,119,4,5,5,5,5,2,2,2,2,2,3,1,4,4,3,2,4,4,5
"56","4268","Female",3,3,5,3,3,1,5,1,1,1,5,3,3,5,3,1,3,5,5,115,3,3,5,3,3,1,5,1,1,1,5,3,3,5,3,1,3,5,5
"57","4258","Male",5,3,5,5,5,5,5,5,5,5,5,5,5,5,5,3,3,4,5,145,5,3,5,5,5,5,5,5,5,5,5,5,5,5,5,3,3,4,5
"58","4249","Female",5,5,4,5,5,3,3,4,3,3,5,1,3,3,5,4,4,5,5,133,5,5,4,5,5,3,3,4,3,3,5,1,3,3,5,4,4,5,5
"59","4240","Male",3,1,1,3,1,5,3,3,3,3,5,1,5,5,3,3,3,1,3,114,3,1,1,3,1,5,3,3,3,3,5,1,5,5,3,3,3,1,3
"60","4260","Male",5,5,4,4,4,2,2,2,1,1,3,1,4,3,4,3,5,5,5,123,5,5,4,4,4,2,2,2,1,1,3,1,4,3,4,3,5,5,5
"61","4269","Female",4,4,3,5,4,4,4,3,3,3,5,5,5,5,4,3,4,4,5,138,4,4,3,5,4,4,4,3,3,3,5,5,5,5,4,3,4,4,5
"62","4248","Female",5,5,4,5,5,4,2,3,1,1,3,2,3,2,5,4,5,5,4,130,5,5,4,5,5,4,2,3,1,1,3,2,3,2,5,4,5,5,4
"63","4290","Male",3,4,4,5,4,2,1,1,2,2,3,3,3,3,4,5,5,5,5,127,3,4,4,5,4,2,1,1,2,2,3,3,3,3,4,5,5,5,5
"64","4283","Male",3,2,2,5,3,2,3,1,1,2,3,4,1,1,2,3,4,5,4,115,3,2,2,5,3,2,3,1,1,2,3,4,1,1,2,3,4,5,4
"65","4288","Male",4,4,5,5,4,2,1,1,2,1,5,3,3,2,4,5,4,5,5,130,4,4,5,5,4,2,1,1,2,1,5,3,3,2,4,5,4,5,5
"66","4321","Female",3,3,5,5,3,1,1,1,1,1,3,1,3,1,3,3,5,5,3,117,3,3,5,5,3,1,1,1,1,1,3,1,3,1,3,3,5,5,3
"67","4300","Female",3,5,5,5,4,1,1,3,3,2,1,1,2,2,4,3,5,5,5,127,3,5,5,5,4,1,1,3,3,2,1,1,2,2,4,3,5,5,5
"68","4304","Male",5,5,4,4,5,4,2,4,3,4,5,5,4,3,5,3,4,3,3,143,5,5,4,4,5,4,2,4,3,4,5,5,4,3,5,3,4,3,3
"69","4303","Female",5,3,5,3,3,3,2,2,3,3,5,4,5,5,3,3,5,4,5,140,5,3,5,3,3,3,2,2,3,3,5,4,5,5,3,3,5,4,5
"70","4312","Male",3,3,3,4,4,4,4,2,5,3,2,3,3,2,2,1,4,3,3,128,3,3,3,4,4,4,4,2,5,3,2,3,3,2,2,1,4,3,3
"71","4322","Female",4,3,5,4,5,4,2,1,1,2,5,4,4,3,3,4,3,4,3,135,4,3,5,4,5,4,2,1,1,2,5,4,4,3,3,4,3,4,3
"72","4313","Female",3,2,4,5,2,1,2,2,2,2,3,1,2,3,4,3,3,4,2,122,3,2,4,5,2,1,2,2,2,2,3,1,2,3,4,3,3,4,2
"73","4315","Male",5,5,5,5,5,3,5,1,1,1,5,1,2,3,5,5,5,5,5,145,5,5,5,5,5,3,5,1,1,1,5,1,2,3,5,5,5,5,5
"74","4319","Female",4,5,5,4,5,5,3,4,5,4,5,2,5,5,4,3,4,4,4,154,4,5,5,4,5,5,3,4,5,4,5,2,5,5,4,3,4,4,4
"75","4318","Female",3,NA,NA,NA,NA,NA,NA,NA,NA,NA,NA,NA,NA,NA,NA,NA,NA,NA,NA,78,3,4,4,4,4,2,3,2,2,2,4,3,3,2,3,2,5,5,4
"76","4296","Female",3,3,1,5,3,3,5,3,5,3,5,1,5,1,3,3,3,5,3,139,3,3,1,5,3,3,5,3,5,3,5,1,5,1,3,3,3,5,3
"77","4308","Female",5,5,4,5,5,3,3,2,3,5,5,5,5,3,3,3,3,4,3,151,5,5,4,5,5,3,3,2,3,5,5,5,5,3,3,3,3,4,3
"78","4036","Male",3,3,3,4,2,1,3,2,3,3,2,2,3,2,3,4,2,4,3,130,3,3,3,4,2,1,3,2,3,3,2,2,3,2,3,4,2,4,3
"79","4307","Female",5,5,4,4,5,3,3,3,3,3,3,1,3,2,4,4,5,5,5,149,5,5,4,4,5,3,3,3,3,3,3,1,3,2,4,4,5,5,5
"80","4301","Female",5,5,3,5,5,5,4,3,2,2,5,1,5,5,5,5,5,5,5,160,5,5,3,5,5,5,4,3,2,2,5,1,5,5,5,5,5,5,5
"81","4294","Male",3,5,2,4,3,5,5,1,5,5,5,5,5,5,3,2,3,3,5,155,3,5,2,4,3,5,5,1,5,5,5,5,5,5,3,2,3,3,5
"82","4299","Male",4,3,4,5,4,5,5,3,5,4,5,4,4,4,4,4,5,5,5,164,4,3,4,5,4,5,5,3,5,4,5,4,4,4,4,4,5,5,5
"83","4309","Male",5,5,5,5,5,1,3,5,1,1,5,1,1,4,5,5,5,5,5,155,5,5,5,5,5,1,3,5,1,1,5,1,1,4,5,5,5,5,5
"84","4302","Female",4,5,4,5,4,4,4,5,2,2,3,3,5,4,5,4,5,2,2,156,4,5,4,5,4,4,4,5,2,2,3,3,5,4,5,4,5,2,2
"85","4278","Male",3,3,2,4,2,1,1,2,1,1,2,1,3,1,4,2,4,4,3,129,3,3,2,4,2,1,1,2,1,1,2,1,3,1,4,2,4,4,3
"86","4291","Male",3,4,4,3,3,4,2,1,1,3,5,1,1,3,4,2,5,5,5,145,3,4,4,3,3,4,2,1,1,3,5,1,1,3,4,2,5,5,5
"87","4282K","Male",4,5,3,3,4,5,3,4,3,5,5,5,5,3,3,2,3,4,5,161,4,5,3,3,4,5,3,4,3,5,5,5,5,3,3,2,3,4,5
"88","4293","Male",4,4,5,5,4,5,5,4,3,5,4,5,4,3,4,4,4,4,5,169,4,4,5,5,4,5,5,4,3,5,4,5,4,3,4,4,4,4,5
"89","4443","Male",3,3,3,5,5,4,4,3,3,3,5,2,5,5,3,3,5,5,5,163,3,3,3,5,5,4,4,3,3,3,5,2,5,5,3,3,5,5,5
"90","4327","Male",3,5,5,5,5,3,2,3,4,4,5,3,4,3,4,4,5,5,5,167,3,5,5,5,5,3,2,3,4,4,5,3,4,3,4,4,5,5,5
"91","4330","Male",3,3,5,5,5,1,3,3,5,1,3,2,4,5,3,4,5,4,5,160,3,3,5,5,5,1,3,3,5,1,3,2,4,5,3,4,5,4,5
"92","4337","Male",5,5,5,5,5,1,2,3,4,4,5,1,3,4,5,5,5,5,5,169,5,5,5,5,5,1,2,3,4,4,5,1,3,4,5,5,5,5,5
"93","4343","Female",4,5,4,5,5,1,1,1,1,1,3,2,4,2,5,5,5,5,5,157,4,5,4,5,5,1,1,1,1,1,3,2,4,2,5,5,5,5,5
"94","4328","Male",3,3,3,5,3,1,1,1,2,1,2,1,1,1,4,4,5,5,5,145,3,3,3,5,3,1,1,1,2,1,2,1,1,1,4,4,5,5,5
"95","4324","Male",5,5,5,5,5,5,5,3,2,2,2,3,4,5,4,4,5,5,5,174,5,5,5,5,5,5,5,3,2,2,2,3,4,5,4,4,5,5,5
"96","4348","Female",5,5,5,5,5,5,3,1,3,3,4,3,2,3,4,4,5,5,5,171,5,5,5,5,5,5,3,1,3,3,4,3,2,3,4,4,5,5,5
"97","4338","Female",4,5,4,5,4,3,4,3,4,4,5,3,5,4,5,4,4,5,4,176,4,5,4,5,4,3,4,3,4,4,5,3,5,4,5,4,4,5,4
"98","4332","Male",4,4,4,4,4,1,1,1,1,1,1,1,1,1,3,3,4,4,4,145,4,4,4,4,4,1,1,1,1,1,1,1,1,1,3,3,4,4,4
"99","4346","Female",3,4,4,4,4,3,3,3,3,3,3,3,3,4,4,4,4,4,3,165,3,4,4,4,4,3,3,3,3,3,3,3,3,4,4,4,4,4,3
"100","4347","Female",4,4,4,5,5,4,4,5,5,4,3,3,3,2,4,4,5,5,5,178,4,4,4,5,5,4,4,5,5,4,3,3,3,2,4,4,5,5,5
"101","4339","Female",3,5,3,5,4,3,4,2,2,1,3,2,3,3,4,4,5,4,5,166,3,5,3,5,4,3,4,2,2,1,3,2,3,3,4,4,5,4,5
"102","4353","Male",3,5,3,4,5,5,5,3,4,5,5,3,5,4,3,2,4,3,3,176,3,5,3,4,5,5,5,3,4,5,5,3,5,4,3,2,4,3,3
"103","4367","Female",5,5,5,5,5,5,3,1,1,1,1,1,1,3,5,5,5,5,5,170,5,5,5,5,5,5,3,1,1,1,1,1,1,3,5,5,5,5,5
"104","4365","Female",3,5,3,5,3,1,1,1,2,1,3,1,4,1,4,2,5,5,5,159,3,5,3,5,3,1,1,1,2,1,3,1,4,1,4,2,5,5,5
"105","4357","Male",4,5,5,4,5,5,5,3,5,5,5,5,5,5,3,2,5,5,5,191,4,5,5,4,5,5,5,3,5,5,5,5,5,5,3,2,5,5,5
"106","4373","Female",5,5,5,5,5,4,4,3,3,3,4,3,3,2,3,2,3,4,3,175,5,5,5,5,5,4,4,3,3,3,4,3,3,2,3,2,3,4,3
"107","4359","Male",4,3,3,5,5,2,2,3,2,2,3,2,3,1,4,3,5,5,4,168,4,3,3,5,5,2,2,3,2,2,3,2,3,1,4,3,5,5,4
"108","4352","Male",5,4,4,5,5,3,2,2,3,1,5,5,4,4,3,3,5,4,4,179,5,4,4,5,5,3,2,2,3,1,5,5,4,4,3,3,5,4,4
"109","4362","Male",3,4,4,5,4,2,2,2,1,1,3,2,4,4,4,4,3,3,3,167,3,4,4,5,4,2,2,2,1,1,3,2,4,4,4,4,3,3,3
"110","4363","Female",5,5,5,5,5,5,5,5,5,5,5,5,5,5,4,4,5,5,5,203,5,5,5,5,5,5,5,5,5,5,5,5,5,5,4,4,5,5,5
"111","4366","Female",5,5,5,3,5,1,3,1,1,3,3,1,3,1,3,3,5,5,5,172,5,5,5,3,5,1,3,1,1,3,3,1,3,1,3,3,5,5,5
"112","4356","Male",5,4,5,5,5,3,3,3,4,4,5,3,5,5,4,3,4,3,4,189,5,4,5,5,5,3,3,3,4,4,5,3,5,5,4,3,4,3,4
"113","4364","Female",3,4,3,5,4,2,1,1,1,2,3,2,4,3,5,4,4,4,4,172,3,4,3,5,4,2,1,1,1,2,3,2,4,3,5,4,4,4,4
"114","4355","Male",4,3,4,5,4,2,2,2,2,2,5,1,4,4,3,3,3,3,2,172,4,3,4,5,4,2,2,2,2,2,5,1,4,4,3,3,3,3,2
"115","4325","Male",4,4,3,3,5,1,1,1,1,2,4,3,2,3,5,5,5,5,5,177,4,4,3,3,5,1,1,1,1,2,4,3,2,3,5,5,5,5,5
"116","4342","Female",5,5,3,5,5,1,1,1,1,1,4,3,2,2,3,4,3,5,4,174,5,5,3,5,5,1,1,1,1,1,4,3,2,2,3,4,3,5,4
"117","4391","Male",4,4,3,3,3,1,1,2,2,2,5,3,4,5,4,3,3,3,3,175,4,4,3,3,3,1,1,2,2,2,5,3,4,5,4,3,3,3,3
"118","4393","Female",4,4,4,5,5,3,3,2,1,4,4,3,5,4,3,3,3,4,4,186,4,4,4,5,5,3,3,2,1,4,4,3,5,4,3,3,3,4,4
"119","4390","Male",4,5,5,3,5,2,2,1,1,1,5,3,1,3,4,5,5,4,5,183,4,5,5,3,5,2,2,1,1,1,5,3,1,3,4,5,5,4,5
"120","4385","Male",4,3,4,5,5,5,5,5,5,5,5,5,5,5,4,3,3,3,3,202,4,3,4,5,5,5,5,5,5,5,5,5,5,5,4,3,3,3,3
"121","4384","Female",5,5,5,5,5,3,2,2,1,1,3,2,3,1,5,5,5,5,5,189,5,5,5,5,5,3,2,2,1,1,3,2,3,1,5,5,5,5,5
"122","4392","Female",4,5,5,5,5,5,4,4,3,3,4,1,5,4,4,4,5,5,4,201,4,5,5,5,5,5,4,4,3,3,4,1,5,4,4,4,5,5,4
"123","4380","Female",4,5,4,5,5,4,4,3,3,3,4,1,5,5,5,5,5,5,5,203,4,5,4,5,5,4,4,3,3,3,4,1,5,5,5,5,5,5,5
"124","4386","Male",5,5,5,5,5,3,2,1,1,1,2,2,1,1,4,3,5,5,5,185,5,5,5,5,5,3,2,1,1,1,2,2,1,1,4,3,5,5,5
"125","4394","Female",5,5,5,5,5,3,4,3,2,2,4,3,5,3,5,5,5,5,5,204,5,5,5,5,5,3,4,3,2,2,4,3,5,3,5,5,5,5,5
"126","4383","Male",5,5,5,5,5,1,5,1,3,3,1,1,1,3,3,2,5,5,5,190,5,5,5,5,5,1,5,1,3,3,1,1,1,3,3,2,5,5,5
"127","4382","Female",5,4,3,5,4,5,5,4,2,4,4,5,2,5,2,3,5,5,3,202,5,4,3,5,4,5,5,4,2,4,4,5,2,5,2,3,5,5,3
"128","4379","Female",4,3,4,5,4,2,2,3,3,3,3,3,3,4,4,5,5,5,5,198,4,3,4,5,4,2,2,3,3,3,3,3,3,4,4,5,5,5,5
"129","4376","Male",5,5,5,5,5,3,3,3,3,3,5,3,5,5,5,5,5,5,5,212,5,5,5,5,5,3,3,3,3,3,5,3,5,5,5,5,5,5,5
"130","4404","Female",4,3,2,5,5,4,2,2,2,4,5,3,5,2,3,4,5,5,5,200,4,3,2,5,5,4,2,2,2,4,5,3,5,2,3,4,5,5,5
"131","4410","Female",4,3,4,5,5,2,2,2,2,3,3,2,4,2,4,4,3,4,4,193,4,3,4,5,5,2,2,2,2,3,3,2,4,2,4,4,3,4,4
"132","4411","Female",3,3,3,5,4,1,1,1,1,1,1,1,3,1,3,1,3,3,3,174,3,3,3,5,4,1,1,1,1,1,1,1,3,1,3,1,3,3,3
"133","4406","Male",4,5,5,4,5,4,5,4,4,3,4,2,NA,4,4,4,3,5,5,207,4,5,5,4,5,4,5,4,4,3,4,2,3,4,4,4,3,5,5
"134","4400","Female",4,4,4,5,3,3,1,1,1,1,2,5,4,4,3,3,4,4,5,195,4,4,4,5,3,3,1,1,1,1,2,5,4,4,3,3,4,4,5
"135","4396","Female",4,5,5,5,5,2,2,1,1,1,2,3,3,2,4,4,5,4,5,198,4,5,5,5,5,2,2,1,1,1,2,3,3,2,4,4,5,4,5
"136","4407","Male",5,5,4,5,5,2,2,1,2,1,3,3,5,5,5,4,4,5,5,207,5,5,4,5,5,2,2,1,2,1,3,3,5,5,5,4,4,5,5
"137","4399","Male",3,4,4,5,5,4,4,2,2,3,2,2,4,4,4,3,5,5,4,206,3,4,4,5,5,4,4,2,2,3,2,2,4,4,4,3,5,5,4
"138","4413","Female",2,3,4,4,5,1,1,1,1,2,3,1,5,2,4,4,5,4,4,194,2,3,4,4,5,1,1,1,1,2,3,1,5,2,4,4,5,4,4
"139","4401","Male",4,5,4,5,5,2,3,2,1,4,5,4,5,1,4,4,5,5,5,212,4,5,4,5,5,2,3,2,1,4,5,4,5,1,4,4,5,5,5
"140","4397","Female",5,5,5,5,4,2,1,1,1,1,2,2,5,2,4,3,5,5,4,202,5,5,5,5,4,2,1,1,1,1,2,2,5,2,4,3,5,5,4
"141","4416","Female",5,5,5,5,5,2,1,1,1,1,2,1,3,2,4,4,5,4,4,201,5,5,5,5,5,2,1,1,1,1,2,1,3,2,4,4,5,4,4
"142","4429","Female",4,5,4,5,5,3,3,2,1,2,3,2,1,1,4,4,5,4,4,204,4,5,4,5,5,3,3,2,1,2,3,2,1,1,4,4,5,4,4
"143","4442","Female",5,5,5,5,5,3,3,3,1,1,5,1,5,1,5,3,5,5,5,214,5,5,5,5,5,3,3,3,1,1,5,1,5,1,5,3,5,5,5
"144","4428","Male",3,4,4,5,4,4,4,4,4,4,5,4,5,4,4,3,3,3,3,218,3,4,4,5,4,4,4,4,4,4,5,4,5,4,4,3,3,3,3
"145","4424","Male",5,4,5,5,5,3,4,3,2,3,4,1,3,2,3,5,5,5,5,217,5,4,5,5,5,3,4,3,2,3,4,1,3,2,3,5,5,5,5
"146","4433","Male",5,5,5,5,5,1,1,1,1,1,5,3,4,1,4,5,5,4,5,212,5,5,5,5,5,1,1,1,1,1,5,3,4,1,4,5,5,4,5
"147","4283F","Female",5,5,5,5,5,3,3,2,1,1,3,1,1,1,3,3,2,2,2,200,5,5,5,5,5,3,3,2,1,1,3,1,1,1,3,3,2,2,2
"148","4423","Male",5,5,5,5,5,3,2,1,2,2,5,2,3,2,3,3,5,5,5,216,5,5,5,5,5,3,2,1,2,2,5,2,3,2,3,3,5,5,5
"149","4436","Female",4,5,3,5,5,2,1,1,1,1,3,3,2,3,4,4,4,5,5,210,4,5,3,5,5,2,1,1,1,1,3,3,2,3,4,4,4,5,5
"150","4430","Female",4,5,5,5,5,1,1,3,1,1,4,2,4,1,5,5,5,5,5,217,4,5,5,5,5,1,1,3,1,1,4,2,4,1,5,5,5,5,5
"151","4431","Female",4,3,3,2,4,1,1,1,1,1,1,1,1,1,2,1,4,5,3,191,4,3,3,2,4,1,1,1,1,1,1,1,1,1,2,1,4,5,3
"152","4441","Female",3,4,4,3,4,1,3,3,3,3,4,3,3,3,3,2,3,4,3,211,3,4,4,3,4,1,3,3,3,3,4,3,3,3,3,2,3,4,3
"153","4437","Female",5,3,3,5,5,2,2,1,2,2,3,3,2,1,3,3,3,5,5,211,5,3,3,5,5,2,2,1,2,2,3,3,2,1,3,3,3,5,5
"154","4434","Female",5,3,3,4,5,2,2,2,1,1,3,1,3,2,2,2,3,2,3,203,5,3,3,4,5,2,2,2,1,1,3,1,3,2,2,2,3,2,3
"155","4427","Female",5,5,3,5,5,3,3,3,3,1,5,5,5,5,5,5,3,5,5,234,5,5,3,5,5,3,3,3,3,1,5,5,5,5,5,5,3,5,5
"156","4426","Female",5,5,4,5,5,2,1,1,1,1,2,1,2,1,4,4,4,5,4,213,5,5,4,5,5,2,1,1,1,1,2,1,2,1,4,4,4,5,4
"157","4440","Male",2,3,4,2,5,1,1,1,1,1,3,2,4,1,5,2,5,3,3,206,2,3,4,2,5,1,1,1,1,1,3,2,4,1,5,2,5,3,3
"158","4446","Male",5,4,5,5,5,3,3,4,3,4,5,1,3,4,1,3,3,5,3,227,5,4,5,5,5,3,3,4,3,4,5,1,3,4,1,3,3,5,3
"159","4432","Female",4,5,3,4,3,2,1,3,1,2,3,2,3,3,3,2,4,3,2,212,4,5,3,4,3,2,1,3,1,2,3,2,3,3,3,2,4,3,2
"160","4438","Female",4,4,4,5,5,1,1,1,1,1,1,1,1,1,2,1,4,3,4,205,4,4,4,5,5,1,1,1,1,1,1,1,1,1,2,1,4,3,4
"161","4449","Female",5,3,5,5,5,2,2,2,4,4,2,2,4,5,5,5,5,5,5,236,5,3,5,5,5,2,2,2,4,4,2,2,4,5,5,5,5,5,5
"162","4435","Female",3,2,5,4,3,2,1,3,2,1,3,2,3,1,4,3,2,3,3,212,3,2,5,4,3,2,1,3,2,1,3,2,3,1,4,3,2,3,3
"163","4448","Female",4,5,5,5,3,2,1,2,3,3,3,1,3,1,4,3,5,5,5,226,4,5,5,5,3,2,1,2,3,3,3,1,3,1,4,3,5,5,5
"164","4455","Female",2,2,3,4,5,1,1,1,1,1,1,1,1,4,4,2,4,5,4,211,2,2,3,4,5,1,1,1,1,1,1,1,1,4,4,2,4,5,4
"165","4451","Female",5,5,5,5,5,2,1,3,1,1,3,2,3,5,5,5,5,5,5,236,5,5,5,5,5,2,1,3,1,1,3,2,3,5,5,5,5,5,5
"166","4447","Female",5,5,5,5,5,3,2,2,2,2,5,3,5,5,3,3,5,5,5,241,5,5,5,5,5,3,2,2,2,2,5,3,5,5,3,3,5,5,5
"167","4459","Female",4,4,3,5,5,1,1,1,1,1,2,4,3,3,5,5,5,5,5,230,4,4,3,5,5,1,1,1,1,1,2,4,3,3,5,5,5,5,5
"168","4457","Female",3,4,5,4,5,4,4,3,2,2,4,4,3,4,4,3,5,4,4,239,3,4,5,4,5,4,4,3,2,2,4,4,3,4,4,3,5,4,4
"169","4456","Female",4,4,4,5,4,2,3,2,2,2,3,2,3,3,4,4,4,5,3,232,4,4,4,5,4,2,3,2,2,2,3,2,3,3,4,4,4,5,3
"170","4454","Female",5,1,3,3,3,1,3,3,1,1,4,1,1,3,3,5,3,5,3,222,5,1,3,3,3,1,3,3,1,1,4,1,1,3,3,5,3,5,3
"171","4458","Female",4,5,3,5,3,4,3,2,2,2,5,1,5,4,5,4,5,5,5,243,4,5,3,5,3,4,3,2,2,2,5,1,5,4,5,4,5,5,5
"172","4460","Female",5,4,5,5,5,2,2,1,2,1,3,2,2,2,3,3,4,5,4,232,5,4,5,5,5,2,2,1,2,1,3,2,2,2,3,3,4,5,4
"173","4450","Female",3,4,3,5,5,3,3,3,2,2,3,4,4,4,4,4,4,4,4,241,3,4,3,5,5,3,3,3,2,2,3,4,4,4,4,4,4,4,4
"174","4453","Female",2,3,4,4,2,1,1,1,3,3,1,1,1,1,3,4,4,4,4,221,2,3,4,4,2,1,1,1,3,3,1,1,1,1,3,4,4,4,4
"175","4452","Female",5,5,5,4,5,1,5,1,1,1,1,1,3,1,5,5,5,5,5,239,5,5,5,4,5,1,5,1,1,1,1,1,3,1,5,5,5,5,5
"176","4239","Male",3,3,5,5,5,3,1,1,1,2,4,2,5,3,5,5,4,4,4,241,3,3,5,5,5,3,1,1,1,2,4,2,5,3,5,5,4,4,4
"177","4408","Female",3,4,3,5,3,2,2,1,1,1,1,1,2,2,3,4,5,4,4,228,3,4,3,5,3,2,2,1,1,1,1,1,2,2,3,4,5,4,4
"178","4490","Male",4,3,5,4,3,4,1,3,1,1,5,2,4,5,5,5,5,5,5,248,4,3,5,4,3,4,1,3,1,1,5,2,4,5,5,5,5,5,5
"179","4465","Male",4,5,3,5,4,3,3,2,1,3,5,4,5,5,4,3,5,5,4,252,4,5,3,5,4,3,3,2,1,3,5,4,5,5,4,3,5,5,4
"180","4467","Male",5,5,5,5,5,5,5,5,5,5,5,5,5,5,5,5,5,5,5,275,5,5,5,5,5,5,5,5,5,5,5,5,5,5,5,5,5,5,5
"181","4472","Female",1,1,1,5,3,3,1,1,1,1,3,1,5,1,3,5,4,3,1,225,1,1,1,5,3,3,1,1,1,1,3,1,5,1,3,5,4,3,1
"182","4507","Male",5,5,5,5,5,2,2,2,2,3,4,3,5,3,5,5,5,5,5,258,5,5,5,5,5,2,2,2,2,3,4,3,5,3,5,5,5,5,5
"183","4518","Female",2,2,2,4,3,1,1,1,1,1,2,2,1,2,4,3,5,4,4,228,2,2,2,4,3,1,1,1,1,1,2,2,1,2,4,3,5,4,4
"184","4503","Female",5,3,5,3,5,3,1,3,3,1,3,1,3,5,5,5,5,3,3,249,5,3,5,3,5,3,1,3,3,1,3,1,3,5,5,5,5,3,3
"185","4479","Female",5,5,5,5,5,5,5,3,5,5,5,3,5,5,3,3,5,5,5,272,5,5,5,5,5,5,5,3,5,5,5,3,5,5,3,3,5,5,5
"186","4524","Female",3,5,5,5,3,1,1,1,1,1,3,2,1,1,5,3,5,5,3,240,3,5,5,5,3,1,1,1,1,1,3,2,1,1,5,3,5,5,3
"187","4485","Male",5,5,4,5,3,5,5,5,4,5,5,4,5,5,3,5,5,4,5,274,5,5,4,5,3,5,5,5,4,5,5,4,5,5,3,5,5,4,5
"188","4476","Female",4,5,5,5,5,3,1,2,2,5,5,2,5,1,4,5,5,5,5,262,4,5,5,5,5,3,1,2,2,5,5,2,5,1,4,5,5,5,5
"189","4483","Male",4,4,5,4,4,3,4,4,5,5,5,4,5,4,4,3,5,5,5,271,4,4,5,4,4,3,4,4,5,5,5,4,5,4,4,3,5,5,5
"190","4510","Male",4,5,3,4,4,3,3,4,1,1,3,1,3,1,4,3,4,4,3,248,4,5,3,4,4,3,3,4,1,1,3,1,3,1,4,3,4,4,3
"191","4482","Female",5,5,5,5,5,5,5,5,5,5,5,5,5,5,5,5,5,5,5,286,5,5,5,5,5,5,5,5,5,5,5,5,5,5,5,5,5,5,5
"192","4520","Female",3,3,NA,NA,NA,NA,NA,NA,NA,NA,NA,NA,NA,NA,NA,NA,NA,NA,NA,198,3,3,4,4,4,3,4,2,3,2,4,3,5,3,3,3,4,4,4
"193","4498","Female",5,4,4,5,5,2,2,2,2,1,5,5,3,3,4,5,5,5,5,265,5,4,4,5,5,2,2,2,2,1,5,5,3,3,4,5,5,5,5
"194","4500","Female",3,4,4,5,5,2,3,2,2,2,5,1,5,1,4,3,2,4,4,255,3,4,4,5,5,2,3,2,2,2,5,1,5,1,4,3,2,4,4
"195","4513","Female",5,5,5,5,5,1,1,2,2,2,3,2,3,3,4,4,4,5,4,260,5,5,5,5,5,1,1,2,2,2,3,2,3,3,4,4,4,5,4
"196","4484","Male",3,3,4,4,5,1,2,1,2,4,5,1,5,5,4,3,3,4,4,259,3,3,4,4,5,1,2,1,2,4,5,1,5,5,4,3,3,4,4
"197","4492","Female",5,5,5,5,5,3,1,3,2,1,5,1,5,5,5,5,5,5,5,273,5,5,5,5,5,3,1,3,2,1,5,1,5,5,5,5,5,5,5
"198","4522","Female",5,5,3,3,5,3,3,5,3,5,3,1,5,3,5,5,5,5,3,273,5,5,3,3,5,3,3,5,3,5,3,1,5,3,5,5,5,5,3
"199","4461","Male",5,1,1,3,5,5,5,4,4,4,4,4,4,4,5,5,5,5,5,277,5,1,1,3,5,5,5,4,4,4,4,4,4,4,5,5,5,5,5
"200","4494","Female",5,4,5,4,5,5,5,5,5,4,5,3,5,2,4,5,5,5,5,286,5,4,5,4,5,5,5,5,5,4,5,3,5,2,4,5,5,5,5
"201","4514","Female",5,5,5,5,5,5,5,5,4,5,5,5,5,4,4,5,5,4,5,292,5,5,5,5,5,5,5,5,4,5,5,5,5,4,4,5,5,4,5
"202","4517","Female",4,4,3,5,3,3,3,2,3,3,5,4,5,4,3,3,4,4,4,271,4,4,3,5,3,3,3,2,3,3,5,4,5,4,3,3,4,4,4
"203","4515","Female",5,5,5,5,5,1,1,1,1,1,4,3,4,2,3,4,4,4,4,265,5,5,5,5,5,1,1,1,1,1,4,3,4,2,3,4,4,4,4
"204","4488","Male",5,5,3,5,5,5,3,3,5,5,5,3,5,5,5,5,5,5,5,291,5,5,3,5,5,5,3,3,5,5,5,3,5,5,5,5,5,5,5
"205","4478","Female",5,5,4,5,5,1,1,1,5,4,5,3,5,5,5,4,5,5,5,283,5,5,4,5,5,1,1,1,5,4,5,3,5,5,5,4,5,5,5
"206","4502","Female",3,4,3,5,5,3,3,3,3,1,5,3,5,4,3,3,3,5,3,273,3,4,3,5,5,3,3,3,3,1,5,3,5,4,3,3,3,5,3
"207","4521","Male",5,4,4,5,5,5,4,4,2,2,5,3,5,3,4,4,5,4,5,285,5,4,4,5,5,5,4,4,2,2,5,3,5,3,4,4,5,4,5
"208","4509","Male",5,5,4,5,5,1,1,3,1,1,1,3,2,5,4,4,5,4,5,272,5,5,4,5,5,1,1,3,1,1,1,3,2,5,4,4,5,4,5
"209","4501","Female",3,4,4,5,5,2,2,1,1,1,3,3,4,1,2,2,4,3,3,262,3,4,4,5,5,2,2,1,1,1,3,3,4,1,2,2,4,3,3
"210","4499","Female",5,5,4,5,4,3,2,2,2,2,3,3,3,2,3,3,4,5,4,274,5,5,4,5,4,3,2,2,2,2,3,3,3,2,3,3,4,5,4
"211","4505","Male",5,5,5,5,5,5,5,3,5,5,5,1,5,5,5,5,5,5,5,300,5,5,5,5,5,5,5,3,5,5,5,1,5,5,5,5,5,5,5
"212","4495","Female",3,5,5,5,5,5,5,3,5,5,5,5,5,3,5,3,5,5,5,299,3,5,5,5,5,5,5,3,5,5,5,5,5,3,5,3,5,5,5
"213","4344","Female",3,5,5,5,4,2,1,1,1,1,4,1,1,5,5,5,5,5,5,277,3,5,5,5,4,2,1,1,1,1,4,1,1,5,5,5,5,5,5
"214","4292BM","Male",3,5,4,3,5,2,2,2,1,1,1,1,1,1,3,3,3,4,3,262,3,5,4,3,5,2,2,2,1,1,1,1,1,1,3,3,3,4,3
"215","4279","Male",5,5,5,5,5,4,4,2,2,2,5,4,4,4,4,4,5,5,5,294,5,5,5,5,5,4,4,2,2,2,5,4,4,4,4,4,5,5,5
"216","4341","Male",3,5,3,5,5,1,1,1,3,1,5,5,5,5,3,5,5,5,5,287,3,5,3,5,5,1,1,1,3,1,5,5,5,5,3,5,5,5,5
"217","4279F","Female",4,5,5,5,5,4,3,4,5,4,5,4,5,5,5,5,5,5,5,305,4,5,5,5,5,4,3,4,5,4,5,4,5,5,5,5,5,5,5
"218","4281F","Female",5,5,4,5,5,3,2,5,5,2,5,5,5,5,3,3,4,3,4,296,5,5,4,5,5,3,2,5,5,2,5,5,5,5,3,3,4,3,4
"219","4245","Female",4,5,5,5,5,3,4,1,1,1,5,3,5,4,4,5,5,5,5,294,4,5,5,5,5,3,4,1,1,1,5,3,5,4,4,5,5,5,5
"220","4335","Female",4,3,5,3,4,4,3,3,3,3,5,4,5,4,4,4,3,3,3,290,4,3,5,3,4,4,3,3,3,3,5,4,5,4,4,4,3,3,3
"221","4326","Male",5,5,3,5,5,1,1,1,1,1,5,1,3,1,4,4,5,5,4,281,5,5,3,5,5,1,1,1,1,1,5,1,3,1,4,4,5,5,4
"222","4334","Male",1,2,3,1,1,3,2,2,3,2,2,4,3,3,3,2,4,5,5,273,1,2,3,1,1,3,2,2,3,2,2,4,3,3,3,2,4,5,5
"223","4370","Male",1,1,1,3,2,1,1,1,3,1,4,1,3,5,2,1,2,5,4,265,1,1,1,3,2,1,1,1,3,1,4,1,3,5,2,1,2,5,4
"224","4360","Male",1,3,3,5,3,1,1,1,3,3,5,5,5,3,1,3,5,5,5,285,1,3,3,5,3,1,1,1,3,3,5,5,5,3,1,3,5,5,5
"225","4345","Male",5,5,3,5,5,1,3,1,1,1,1,1,3,1,3,1,5,5,5,280,5,5,3,5,5,1,3,1,1,1,1,1,3,1,3,1,5,5,5
"226","4350","Male",3,5,4,3,4,3,2,3,2,2,5,3,5,3,3,3,2,4,4,289,3,5,4,3,4,3,2,3,2,2,5,3,5,3,3,3,2,4,4
"227","4463","Male",5,5,3,5,5,1,1,1,1,1,1,1,3,1,NA,5,5,5,5,281,5,5,3,5,5,1,1,1,1,1,1,1,3,1,5,5,5,5,5
"228","4562","Female",4,4,4,4,4,4,3,1,3,4,4,4,4,4,4,4,4,4,4,299,4,4,4,4,4,4,3,1,3,4,4,4,4,4,4,4,4,4,4
"229","4563","Male",5,5,3,5,5,5,5,5,5,5,5,5,5,5,5,5,5,5,5,322,5,5,3,5,5,5,5,5,5,5,5,5,5,5,5,5,5,5,5
"230","4564","Male",4,5,5,4,4,4,4,4,2,2,3,1,2,1,4,5,5,5,5,299,4,5,5,4,4,4,4,4,2,2,3,1,2,1,4,5,5,5,5
"231","4537","Male",3,3,5,5,5,5,5,3,1,1,3,1,1,3,3,5,5,3,3,294,3,3,5,5,5,5,5,3,1,1,3,1,1,3,3,5,5,3,3
"232","4558","Male",5,3,4,5,5,4,5,3,1,1,3,1,2,3,3,5,5,5,4,299,5,3,4,5,5,4,5,3,1,1,3,1,2,3,3,5,5,5,4
"233","4550","Female",5,5,4,5,5,3,3,2,1,2,4,4,5,4,4,3,5,5,5,307,5,5,4,5,5,3,3,2,1,2,4,4,5,4,4,3,5,5,5
"234","4573","Female",1,3,3,3,5,5,5,5,5,5,5,5,5,5,1,1,3,1,3,303,1,3,3,3,5,5,5,5,5,5,5,5,5,5,1,1,3,1,3
"235","4536","Male",3,4,3,5,4,1,1,1,1,1,1,1,1,1,3,3,4,4,4,281,3,4,3,5,4,1,1,1,1,1,1,1,1,1,3,3,4,4,4
"236","45710","Female",3,3,5,5,5,5,5,3,5,5,5,5,3,5,3,3,5,5,5,319,3,3,5,5,5,5,5,3,5,5,5,5,3,5,3,3,5,5,5
"237","45719","Female",1,2,2,4,4,2,1,1,2,2,3,2,3,3,2,3,3,2,3,282,1,2,2,4,4,2,1,1,2,2,3,2,3,3,2,3,3,2,3
"238","4566","Male",4,4,5,5,5,2,1,2,2,1,2,2,3,1,3,3,4,5,5,297,4,4,5,5,5,2,1,2,2,1,2,2,3,1,3,3,4,5,5
"239","4546","Male",3,4,5,5,4,1,3,1,1,1,4,1,4,2,4,4,4,4,5,299,3,4,5,5,4,1,3,1,1,1,4,1,4,2,4,4,4,4,5
"240","4554","Female",5,5,5,5,5,1,1,1,1,1,5,5,3,5,5,5,5,5,5,313,5,5,5,5,5,1,1,1,1,1,5,5,3,5,5,5,5,5,5
"241","4535","Female",5,5,5,5,5,3,2,3,2,3,3,2,3,1,5,3,3,5,3,307,5,5,5,5,5,3,2,3,2,3,3,2,3,1,5,3,3,5,3
"242","4553","Male",4,5,5,4,5,1,3,1,2,1,3,1,2,2,5,3,5,5,4,303,4,5,5,4,5,1,3,1,2,1,3,1,2,2,5,3,5,5,4
"243","4540","Male",3,5,5,5,3,1,1,1,1,1,1,1,1,1,5,5,5,5,5,298,3,5,5,5,3,1,1,1,1,1,1,1,1,1,5,5,5,5,5
"244","4358F","Female",5,5,4,5,5,3,3,2,3,2,4,2,3,1,4,4,5,5,5,314,5,5,4,5,5,3,3,2,3,2,4,2,3,1,4,4,5,5,5
"245","4572","Female",4,5,5,5,3,1,2,1,1,1,5,1,1,1,3,2,5,5,5,301,4,5,5,5,3,1,2,1,1,1,5,1,1,1,3,2,5,5,5
"246","4549","Female",4,5,4,3,4,3,2,2,4,3,3,4,3,2,3,3,5,4,5,312,4,5,4,3,4,3,2,2,4,3,3,4,3,2,3,3,5,4,5
"247","4568","Male",4,4,5,5,4,1,1,1,1,1,3,1,2,3,4,4,4,5,5,305,4,4,5,5,4,1,1,1,1,1,3,1,2,3,4,4,4,5,5
"248","4543","Male",5,5,5,5,5,5,4,4,4,5,5,1,5,3,5,5,5,5,5,334,5,5,5,5,5,5,4,4,4,5,5,1,5,3,5,5,5,5,5
"249","4569","Female",3,5,3,3,3,1,1,1,1,1,3,1,1,1,1,1,3,3,2,287,3,5,3,3,3,1,1,1,1,1,3,1,1,1,1,1,3,3,2
"250","4574","Male",5,4,4,5,4,3,3,3,4,3,2,2,5,3,4,4,4,4,4,320,5,4,4,5,4,3,3,3,4,3,2,2,5,3,4,4,4,4,4
"251","4560","Male",5,5,5,5,5,4,4,1,3,1,4,1,1,1,3,4,3,5,4,315,5,5,5,5,5,4,4,1,3,1,4,1,1,1,3,4,3,5,4
"252","4527","Male",3,3,3,4,5,1,1,1,1,1,1,1,2,1,1,2,2,3,4,292,3,3,3,4,5,1,1,1,1,1,1,1,2,1,1,2,2,3,4
"253","4548","Male",5,5,3,5,3,3,3,1,1,1,5,3,3,3,3,2,3,3,3,311,5,5,3,5,3,3,3,1,1,1,5,3,3,3,3,2,3,3,3
"254","4559","Male",4,3,5,5,4,1,1,1,1,1,3,1,4,1,5,4,5,5,5,313,4,3,5,5,4,1,1,1,1,1,3,1,4,1,5,4,5,5,5
"255","4531","Male",4,4,5,5,5,2,2,2,2,2,3,3,5,3,5,5,5,5,5,327,4,4,5,5,5,2,2,2,2,2,3,3,5,3,5,5,5,5,5
"256","4545","Male",4,5,5,5,5,4,3,2,2,2,3,3,3,1,5,5,5,5,5,328,4,5,5,5,5,4,3,2,2,2,3,3,3,1,5,5,5,5,5
"257","4533","Male",5,5,5,4,5,2,1,1,1,1,1,1,1,1,4,4,5,4,4,312,5,5,5,4,5,2,1,1,1,1,1,1,1,1,4,4,5,4,4
"258","4480","Female",3,3,3,5,5,4,5,5,5,5,5,4,4,2,4,4,5,5,5,339,3,3,3,5,5,4,5,5,5,5,5,4,4,2,4,4,5,5,5
"259","4358","Male",5,5,5,5,5,3,1,1,1,1,5,3,5,1,5,5,5,5,5,330,5,5,5,5,5,3,1,1,1,1,5,3,5,1,5,5,5,5,5
"260","4381","Male",3,5,5,5,5,3,1,1,1,3,5,5,5,5,3,4,5,4,5,333,3,5,5,5,5,3,1,1,1,3,5,5,5,5,3,4,5,4,5
"261","4374","Male",4,3,2,5,5,3,2,1,1,1,5,4,5,5,2,2,3,4,2,320,4,3,2,5,5,3,2,1,1,1,5,4,5,5,2,2,3,4,2
"262","4317","Male",4,4,3,4,5,3,4,5,3,4,4,3,5,4,4,3,4,5,5,338,4,4,3,4,5,3,4,5,3,4,4,3,5,4,4,3,4,5,5
"263","4314","Male",3,5,5,5,5,3,5,2,1,2,3,1,3,1,5,5,3,5,3,328,3,5,5,5,5,3,5,2,1,2,3,1,3,1,5,5,3,5,3
"264","4305","Female",3,2,4,3,2,3,3,2,4,3,5,4,4,3,2,2,3,3,3,322,3,2,4,3,2,3,3,2,4,3,5,4,4,3,2,2,3,3,3
"265","4326F","Female",5,5,5,5,5,3,3,5,3,2,5,4,5,5,3,3,4,5,5,345,5,5,5,5,5,3,3,5,3,2,5,4,5,5,3,3,4,5,5
"266","4281","Male",4,4,3,5,3,3,3,4,5,5,5,4,4,4,3,3,4,4,4,340,4,4,3,5,3,3,3,4,5,5,5,4,4,4,3,3,4,4,4
"267","4316","Female",5,4,3,5,2,1,1,2,1,3,1,1,3,3,3,1,3,3,4,316,5,4,3,5,2,1,1,2,1,3,1,1,3,3,3,1,3,3,4
"268","4372","Male",4,5,4,5,4,3,3,2,3,4,3,3,4,4,4,4,5,5,5,342,4,5,4,5,4,3,3,2,3,4,3,3,4,4,4,4,5,5,5
"269","4292R","Male",4,4,5,5,5,2,1,3,2,1,3,2,3,2,3,3,4,4,3,328,4,4,5,5,5,2,1,3,2,1,3,2,3,2,3,3,4,4,3
"270","4329","Female",4,2,3,4,5,3,1,3,1,1,2,2,4,1,2,1,3,4,3,319,4,2,3,4,5,3,1,3,1,1,2,2,4,1,2,1,3,4,3
"271","4375","Female",1,1,1,1,1,1,1,1,2,3,5,3,3,1,4,1,1,3,1,306,1,1,1,1,1,1,1,1,2,3,5,3,3,1,4,1,1,3,1
"272","4310","Female",3,2,1,2,2,4,1,1,2,2,5,2,4,3,3,2,4,4,5,324,3,2,1,2,2,4,1,1,2,2,5,2,4,3,3,2,4,4,5
"273","4353F","Female",4,5,5,5,5,4,3,3,3,4,5,4,5,4,5,5,5,5,5,357,4,5,5,5,5,4,3,3,3,4,5,4,5,4,5,5,5,5,5
"274","4371","Male",5,5,5,5,5,1,1,1,1,1,1,1,3,1,5,4,5,5,5,334,5,5,5,5,5,1,1,1,1,1,1,1,3,1,5,4,5,5,5
"275","4648","Male",1,1,2,2,5,5,5,3,2,4,4,1,3,2,4,5,3,3,4,334,1,1,2,2,5,5,5,3,2,4,4,1,3,2,4,5,3,3,4
"276","4632","Male",1,2,3,2,4,3,5,3,2,1,4,5,4,2,3,4,2,4,3,333,1,2,3,2,4,3,5,3,2,1,4,5,4,2,3,4,2,4,3
"277","4664","Female",3,5,3,5,5,3,5,5,1,3,5,1,5,5,3,5,5,5,5,354,3,5,3,5,5,3,5,5,1,3,5,1,5,5,3,5,5,5,5
"278","4636","Male",4,4,5,5,5,1,1,1,2,3,4,2,1,3,3,2,4,4,3,335,4,4,5,5,5,1,1,1,2,3,4,2,1,3,3,2,4,4,3
"279","4668C","Male",5,3,5,5,5,2,2,2,1,1,3,1,4,3,4,3,5,5,5,343,5,3,5,5,5,2,2,2,1,1,3,1,4,3,4,3,5,5,5
"280","4295","Male",3,5,5,5,5,3,1,1,1,2,4,1,1,3,5,5,5,5,5,345,3,5,5,5,5,3,1,1,1,2,4,1,1,3,5,5,5,5,5
"281","4639","Female",5,5,5,5,5,3,5,4,4,4,5,3,5,3,4,3,5,4,5,363,5,5,5,5,5,3,5,4,4,4,5,3,5,3,4,3,5,4,5
"282","4631","Male",5,4,5,5,5,1,1,1,1,1,2,1,2,1,4,4,5,4,4,338,5,4,5,5,5,1,1,1,1,1,2,1,2,1,4,4,5,4,4
"283","4650","Female",5,5,5,5,5,5,5,3,5,5,5,1,5,3,4,4,5,5,3,366,5,5,5,5,5,5,5,3,5,5,5,1,5,3,4,4,5,5,3
"284","4635","Female",4,5,4,5,4,4,4,2,2,3,5,2,4,3,2,2,3,3,3,348,4,5,4,5,4,4,4,2,2,3,5,2,4,3,2,2,3,3,3
"285","4643","Male",4,5,3,5,5,3,3,3,4,4,5,1,4,4,2,3,5,5,5,358,4,5,3,5,5,3,3,3,4,4,5,1,4,4,2,3,5,5,5
"286","4659","Female",4,4,3,4,5,3,3,2,2,2,1,2,2,2,4,3,4,5,4,345,4,4,3,4,5,3,3,2,2,2,1,2,2,2,4,3,4,5,4
"287","4642","Female",5,5,5,5,4,2,1,1,1,2,2,1,3,1,4,4,5,5,5,348,5,5,5,5,4,2,1,1,1,2,2,1,3,1,4,4,5,5,5
"288","4665","Male",2,3,5,2,5,1,1,1,3,2,4,1,5,1,4,1,5,4,5,343,2,3,5,2,5,1,1,1,3,2,4,1,5,1,4,1,5,4,5
"289","46571","Female",3,3,3,5,5,3,1,1,1,1,1,1,1,1,3,3,3,3,3,334,3,3,3,5,5,3,1,1,1,1,1,1,1,1,3,3,3,3,3
"290","4677","Male",2,3,1,5,5,1,1,3,1,1,1,1,4,1,3,2,3,4,3,335,2,3,1,5,5,1,1,3,1,1,1,1,4,1,3,2,3,4,3
"291","4673","Male",3,4,3,5,5,3,4,2,2,3,5,4,5,5,4,3,4,5,4,364,3,4,3,5,5,3,4,2,2,3,5,4,5,5,4,3,4,5,4
"292","4672","Female",3,4,4,5,5,3,3,3,3,2,3,1,3,2,3,3,4,4,4,354,3,4,4,5,5,3,3,3,3,2,3,1,3,2,3,3,4,4,4
"293","4660","Female",5,5,5,5,5,5,5,5,5,5,5,5,5,5,4,4,5,4,4,384,5,5,5,5,5,5,5,5,5,5,5,5,5,5,4,4,5,4,4
"294","4678","Female",4,3,4,4,5,1,1,1,1,1,1,1,3,1,4,3,5,5,5,347,4,3,4,4,5,1,1,1,1,1,1,1,3,1,4,3,5,5,5
"295","4676","Female",4,3,5,4,5,1,2,1,1,1,1,1,1,2,4,3,5,4,5,348,4,3,5,4,5,1,2,1,1,1,1,1,1,2,4,3,5,4,5
"296","4666","Female",4,3,4,4,5,1,2,1,1,1,1,1,2,1,4,3,5,5,5,349,4,3,4,4,5,1,2,1,1,1,1,1,2,1,4,3,5,5,5
"297","4646","Female",4,4,5,4,5,3,3,2,2,3,5,1,5,4,4,2,3,5,4,365,4,4,5,4,5,3,3,2,2,3,5,1,5,4,4,2,3,5,4
"298","4611","Male",3,2,4,5,4,4,4,3,1,1,2,1,1,1,4,4,4,4,4,354,3,2,4,5,4,4,4,3,1,1,2,1,1,1,4,4,4,4,4
"299","4602","Female",5,5,5,5,5,4,4,1,1,1,3,1,1,1,4,4,4,4,4,361,5,5,5,5,5,4,4,1,1,1,3,1,1,1,4,4,4,4,4
"300","4626","Male",4,5,5,5,5,3,2,2,2,2,4,3,3,1,5,4,4,5,4,368,4,5,5,5,5,3,2,2,2,2,4,3,3,1,5,4,4,5,4
"301","4589","Female",4,4,4,5,4,3,3,4,3,3,5,5,4,3,3,3,4,4,5,374,4,4,4,5,4,3,3,4,3,3,5,5,4,3,3,3,4,4,5
"302","4586","Female",5,5,5,4,5,3,2,1,2,2,3,1,1,1,4,4,5,5,5,365,5,5,5,4,5,3,2,1,2,2,3,1,1,1,4,4,5,5,5
"303","4581F","Female",5,5,4,5,5,3,3,2,1,1,1,1,1,1,3,3,5,5,3,360,5,5,4,5,5,3,3,2,1,1,1,1,1,1,3,3,5,5,3
"304","4591","Female",2,4,5,5,5,1,1,1,1,3,5,3,5,5,2,1,2,2,2,359,2,4,5,5,5,1,1,1,1,3,5,3,5,5,2,1,2,2,2
"305","4627","Female",5,5,5,5,5,2,1,2,1,1,3,1,2,1,3,2,5,5,5,364,5,5,5,5,5,2,1,2,1,1,3,1,2,1,3,2,5,5,5
"306","4623","Male",5,5,3,5,5,3,3,5,5,5,5,3,5,3,3,3,4,3,3,382,5,5,3,5,5,3,3,5,5,5,5,3,5,3,3,3,4,3,3
"307","4601","Female",3,3,2,5,4,1,1,1,1,1,3,1,1,1,3,3,5,5,5,356,3,3,2,5,4,1,1,1,1,1,3,1,1,1,3,3,5,5,5
"308","4600","Female",3,4,2,5,4,1,1,1,1,1,3,3,3,1,4,2,4,4,4,359,3,4,2,5,4,1,1,1,1,1,3,3,3,1,4,2,4,4,4
"309","4608","Female",4,5,5,5,4,1,1,1,1,1,3,1,4,1,5,5,5,5,5,371,4,5,5,5,4,1,1,1,1,1,3,1,4,1,5,5,5,5,5
"310","4599","Male",4,5,4,5,5,4,4,3,3,2,4,4,5,2,3,3,4,5,5,384,4,5,4,5,5,4,4,3,3,2,4,4,5,2,3,3,4,5,5
"311","4610","Female",5,5,5,5,5,1,5,1,3,1,3,1,1,1,3,2,5,5,5,373,5,5,5,5,5,1,5,1,3,1,3,1,1,1,3,2,5,5,5
"312","4609","Male",3,4,4,5,3,5,5,5,5,5,5,5,5,5,4,4,5,4,5,398,3,4,4,5,3,5,5,5,5,5,5,5,5,5,4,4,5,4,5
"313","4607","Female",4,5,5,5,5,4,4,3,3,4,3,1,4,1,4,4,5,5,5,387,4,5,5,5,5,4,4,3,3,4,3,1,4,1,4,4,5,5,5
"314","4578","Female",5,5,5,5,5,5,3,3,1,1,3,1,3,2,3,2,4,5,5,380,5,5,5,5,5,5,3,3,1,1,3,1,3,2,3,2,4,5,5
"315","4588","Male",4,4,4,4,4,2,4,1,1,3,2,2,3,1,4,3,4,5,5,375,4,4,4,4,4,2,4,1,1,3,2,2,3,1,4,3,4,5,5
"316","4617","Female",3,4,5,4,4,2,3,2,2,1,2,2,4,2,2,2,3,3,3,369,3,4,5,4,4,2,3,2,2,1,2,2,4,2,2,2,3,3,3
"317","4613","Female",1,3,2,5,3,5,2,1,1,1,5,3,5,5,1,3,3,3,2,371,1,3,2,5,3,5,2,1,1,1,5,3,5,5,1,3,3,3,2
"318","4583","Female",3,3,3,5,5,1,1,1,1,1,2,1,3,1,2,2,3,3,4,363,3,3,3,5,5,1,1,1,1,1,2,1,3,1,2,2,3,3,4
"319","4585","Male",5,5,5,5,5,3,2,2,1,1,3,2,2,1,5,4,5,5,5,385,5,5,5,5,5,3,2,2,1,1,3,2,2,1,5,4,5,5,5
"320","4616","Male",4,4,4,4,5,1,1,1,1,1,4,1,5,1,3,4,3,4,5,376,4,4,4,4,5,1,1,1,1,1,4,1,5,1,3,4,3,4,5
"321","4595","Male",4,3,4,4,4,4,2,2,2,3,3,4,4,5,4,3,4,4,3,387,4,3,4,4,4,4,2,2,2,3,3,4,4,5,4,3,4,4,3
"322","4619","Male",5,5,4,5,5,1,2,2,1,1,3,1,4,1,4,5,5,5,5,386,5,5,4,5,5,1,2,2,1,1,3,1,4,1,4,5,5,5,5
"323","4579","Male",5,5,5,5,5,1,1,1,1,1,3,2,5,2,4,4,5,5,5,388,5,5,5,5,5,1,1,1,1,1,3,2,5,2,4,4,5,5,5
"324","4620","Female",4,4,3,5,5,2,3,3,1,2,5,5,5,2,3,3,4,4,4,391,4,4,3,5,5,2,3,3,1,2,5,5,5,2,3,3,4,4,4
"325","4592","Male",4,5,5,5,5,5,5,2,3,2,5,5,5,5,5,4,5,5,5,410,4,5,5,5,5,5,5,2,3,2,5,5,5,5,5,4,5,5,5
"326","4598","Female",3,4,4,5,5,3,2,3,2,2,5,3,5,4,4,4,5,5,5,399,3,4,4,5,5,3,2,3,2,2,5,3,5,4,4,4,5,5,5
"327","4663","Female",5,3,3,5,5,3,2,1,1,1,3,2,3,2,3,2,3,4,3,381,5,3,3,5,5,3,2,1,1,1,3,2,3,2,3,2,3,4,3
"328","4670","Female",4,2,3,5,5,3,3,4,2,2,4,2,5,4,3,3,3,3,3,391,4,2,3,5,5,3,3,4,2,2,4,2,5,4,3,3,3,3,3
"329","4652","Male",5,5,4,5,5,2,2,1,1,1,2,1,3,2,4,4,4,5,5,390,5,5,4,5,5,2,2,1,1,1,2,1,3,2,4,4,4,5,5
"330","4419","Male",5,5,5,5,5,1,1,1,1,1,5,1,5,5,5,3,5,5,5,399,5,5,5,5,5,1,1,1,1,1,5,1,5,5,5,3,5,5,5
"331","4653","Male",3,5,3,5,5,3,3,3,3,3,5,1,5,3,5,5,5,3,3,402,3,5,3,5,5,3,3,3,3,3,5,1,5,3,5,5,5,3,3
"332","4669","Male",5,4,4,5,5,3,2,2,1,1,3,2,3,4,4,3,5,4,4,396,5,4,4,5,5,3,2,2,1,1,3,2,3,4,4,3,5,4,4
"333","4389","Female",3,3,4,4,5,4,5,5,3,3,1,1,4,2,3,2,4,4,2,395,3,3,4,4,5,4,5,5,3,3,1,1,4,2,3,2,4,4,2
"334","4667","Female",5,5,5,5,5,3,2,2,1,2,3,2,2,2,5,3,5,5,5,401,5,5,5,5,5,3,2,2,1,2,3,2,2,2,5,3,5,5,5
"335","4541","Male",3,5,3,5,5,1,3,1,3,2,3,1,5,2,3,4,5,5,5,399,3,5,3,5,5,1,3,1,3,2,3,1,5,2,3,4,5,5,5
"336","4686","Male",5,5,5,5,5,1,1,1,1,1,1,1,1,1,5,5,5,5,5,395,5,5,5,5,5,1,1,1,1,1,1,1,1,1,5,5,5,5,5
"337","4542","Female",3,4,4,5,5,5,4,5,5,4,5,4,4,4,3,4,4,5,5,419,3,4,4,5,5,5,4,5,5,4,5,4,4,4,3,4,4,5,5
"338","4645","Male",5,4,5,5,5,5,3,2,3,3,4,3,4,5,4,4,5,4,5,416,5,4,5,5,5,5,3,2,3,3,4,3,4,5,4,4,5,4,5
"339","4656","Female",5,4,4,5,5,3,3,2,1,1,2,1,2,1,3,2,4,3,5,395,5,4,4,5,5,3,3,2,1,1,2,1,2,1,3,2,4,3,5
"340","4395","Male",5,5,4,5,5,5,5,5,5,5,5,5,4,3,5,5,5,5,5,431,5,5,4,5,5,5,5,5,5,5,5,5,4,3,5,5,5,5,5
"341","4681","Male",4,3,3,5,5,5,5,5,4,3,5,5,4,3,3,1,1,3,1,409,4,3,3,5,5,5,5,5,4,3,5,5,4,3,3,1,1,3,1
"342","4414","Female",5,5,4,5,5,3,2,2,1,2,3,2,3,2,3,2,3,2,3,399,5,5,4,5,5,3,2,2,1,2,3,2,3,2,3,2,3,2,3
"343","4508","Male",5,3,3,2,5,4,2,2,2,4,2,2,4,2,5,4,5,4,5,408,5,3,3,2,5,4,2,2,2,4,2,2,4,2,5,4,5,4,5
"344","4464","Male",5,4,3,3,4,4,3,5,3,4,5,3,5,4,2,2,3,4,5,415,5,4,3,3,4,4,3,5,3,4,5,3,5,4,2,2,3,4,5
"345","4683","Male",5,5,5,5,5,1,5,1,1,1,1,1,1,1,5,5,5,5,5,408,5,5,5,5,5,1,5,1,1,1,1,1,1,1,5,5,5,5,5
"346","4539","Female",5,5,5,5,5,2,2,1,1,1,4,1,4,3,5,3,5,4,5,412,5,5,5,5,5,2,2,1,1,1,4,1,4,3,5,3,5,4,5
"347","4653F","Female",3,3,3,4,4,4,4,3,2,3,2,1,1,2,1,1,4,3,3,398,3,3,3,4,4,4,4,3,2,3,2,1,1,2,1,1,4,3,3
"348","4657","Female",4,4,3,5,5,2,2,1,2,3,4,3,1,1,4,2,4,5,4,407,4,4,3,5,5,2,2,1,2,3,4,3,1,1,4,2,4,5,4
"349","4506","Female",5,5,4,5,5,4,3,1,1,1,3,2,3,2,4,3,3,3,3,409,5,5,4,5,5,4,3,1,1,1,3,2,3,2,4,3,3,3,3
"350","4668","Male",4,3,4,5,4,5,3,2,2,3,5,5,5,1,3,3,4,4,5,420,4,3,4,5,4,5,3,2,2,3,5,5,5,1,3,3,4,4,5
"351","4684","Female",4,5,3,5,3,4,2,1,1,3,4,3,5,2,2,4,4,5,5,416,4,5,3,5,3,4,2,1,1,3,4,3,5,2,2,4,4,5,5
"352","4637","Female",3,4,4,5,5,3,3,1,1,3,2,2,1,1,2,2,3,4,3,404,3,4,4,5,5,3,3,1,1,3,2,2,1,1,2,2,3,4,3
"353","4311","Male",5,5,5,5,5,3,3,3,1,1,5,3,5,5,5,5,5,3,5,430,5,5,5,5,5,3,3,3,1,1,5,3,5,5,5,5,5,3,5
"354","4297","Male",3,3,4,5,5,3,3,2,2,2,5,3,5,5,4,3,3,4,4,422,3,3,4,5,5,3,3,2,2,2,5,3,5,5,4,3,3,4,4
"355","4707","Female",5,5,4,5,2,1,1,1,1,1,2,1,2,2,4,3,5,5,3,408,5,5,4,5,2,1,1,1,1,1,2,1,2,2,4,3,5,5,3
"356","4698","Female",4,5,5,4,5,5,3,5,3,2,4,4,5,4,5,5,5,5,5,439,4,5,5,4,5,5,3,5,3,2,4,4,5,4,5,5,5,5,5
"357","4703","Female",4,1,3,5,5,1,2,1,1,1,3,1,1,1,2,1,5,5,5,405,4,1,3,5,5,1,2,1,1,1,3,1,1,1,2,1,5,5,5
"358","4712","Female",5,5,5,5,5,3,3,1,1,1,1,1,1,1,3,3,5,3,5,415,5,5,5,5,5,3,3,1,1,1,1,1,1,1,3,3,5,3,5
"359","4702","Female",3,2,3,4,4,4,3,3,4,3,4,3,4,4,2,1,3,3,3,419,3,2,3,4,4,4,3,3,4,3,4,3,4,4,2,1,3,3,3
"360","4691","Female",3,5,3,4,4,4,3,5,5,2,4,1,5,4,5,4,5,5,5,436,3,5,3,4,4,4,3,5,5,2,4,1,5,4,5,4,5,5,5
"361","4693","Female",5,3,3,5,5,2,1,2,2,1,3,1,2,3,5,4,4,4,5,421,5,3,3,5,5,2,1,2,2,1,3,1,2,3,5,4,4,4,5
"362","4704","Female",3,4,4,4,5,5,5,4,4,5,5,4,5,5,5,4,5,3,5,446,3,4,4,4,5,5,5,4,4,5,5,4,5,5,5,4,5,3,5
"363","4736","Female",3,5,3,5,5,1,3,1,1,4,5,3,5,5,3,3,5,3,5,431,3,5,3,5,5,1,3,1,1,4,5,3,5,5,3,3,5,3,5
"364","4771F","Female",5,5,5,5,5,1,3,1,1,1,1,1,3,5,3,5,5,5,5,429,5,5,5,5,5,1,3,1,1,1,1,1,3,5,3,5,5,5,5
"365","4697","Female",2,2,3,4,5,3,3,1,1,1,4,2,4,1,3,2,5,2,5,418,2,2,3,4,5,3,3,1,1,1,4,2,4,1,3,2,5,2,5
"366","4717","Female",5,5,5,5,5,1,1,1,1,1,1,1,1,1,4,4,5,5,5,423,5,5,5,5,5,1,1,1,1,1,1,1,1,1,4,4,5,5,5
"367","4723","Female",5,5,5,5,5,3,3,3,2,2,3,2,3,2,4,4,5,5,5,438,5,5,5,5,5,3,3,3,2,2,3,2,3,2,4,4,5,5,5
"368","4726","Female",4,2,1,3,2,5,4,4,5,4,5,4,4,4,3,1,4,3,4,434,4,2,1,3,2,5,4,4,5,4,5,4,4,4,3,1,4,3,4
"369","4714","Female",4,5,5,4,5,2,2,2,2,2,3,3,3,2,4,3,4,4,4,432,4,5,5,4,5,2,2,2,2,2,3,3,3,2,4,3,4,4,4
"370","4716","Female",5,5,5,5,5,5,5,3,3,3,5,5,3,3,3,3,5,5,5,451,5,5,5,5,5,5,5,3,3,3,5,5,3,3,3,3,5,5,5
"371","4718","Female",5,3,3,5,5,1,1,1,1,1,3,1,3,1,3,3,3,5,5,424,5,3,3,5,5,1,1,1,1,1,3,1,3,1,3,3,3,5,5
"372","4730","Female",4,5,5,5,5,3,4,4,1,1,3,3,4,4,5,5,5,5,5,448,4,5,5,5,5,3,4,4,1,1,3,3,4,4,5,5,5,5,5
"373","4725","Female",5,5,4,5,5,1,1,1,1,1,3,1,4,1,5,4,5,5,5,435,5,5,4,5,5,1,1,1,1,1,3,1,4,1,5,4,5,5,5
"374","4720","Female",5,5,5,5,5,2,1,3,1,1,4,3,5,3,5,3,5,5,5,445,5,5,5,5,5,2,1,3,1,1,4,3,5,3,5,3,5,5,5
"375","4728","Female",5,4,5,5,4,3,3,3,1,2,4,3,3,2,4,5,5,5,5,446,5,4,5,5,4,3,3,3,1,2,4,3,3,2,4,5,5,5,5
"376","4606","Female",4,3,5,5,5,4,4,4,4,4,5,5,5,5,4,5,5,5,5,462,4,3,5,5,5,4,4,4,4,4,5,5,5,5,4,5,5,5,5
"377","4733","Female",3,3,4,5,4,1,1,3,1,1,3,1,1,1,3,3,5,5,5,430,3,3,4,5,4,1,1,3,1,1,3,1,1,1,3,3,5,5,5
"378","4731","Female",5,5,5,3,5,1,1,1,1,1,1,1,1,1,5,5,5,5,5,435,5,5,5,3,5,1,1,1,1,1,1,1,1,1,5,5,5,5,5
"379","4727","Female",5,5,4,5,5,4,4,4,4,5,5,4,4,4,5,4,4,4,4,462,5,5,4,5,5,4,4,4,4,5,5,4,4,4,5,4,4,4,4
"380","4729","Female",3,3,4,5,5,2,2,1,1,2,5,1,4,5,5,5,5,5,5,448,3,3,4,5,5,2,2,1,1,2,5,1,4,5,5,5,5,5,5
"381","4722","Female",5,5,5,1,5,4,5,5,5,5,5,4,5,3,5,5,5,5,5,468,5,5,5,1,5,4,5,5,5,5,5,4,5,3,5,5,5,5,5
"382","4753B","Male",5,4,5,5,5,3,3,3,4,4,5,4,5,4,4,5,5,5,5,465,5,4,5,5,5,3,3,3,4,4,5,4,5,4,4,5,5,5,5
"383","4604","Male",3,3,3,3,3,3,3,3,3,3,3,5,5,5,3,2,3,2,3,444,3,3,3,3,3,3,3,3,3,3,3,5,5,5,3,2,3,2,3
"384","4737","Male",4,3,5,3,4,3,3,1,3,2,4,3,2,3,4,2,3,4,4,444,4,3,5,3,4,3,3,1,3,2,4,3,2,3,4,2,3,4,4
"385","4746B","Male",5,3,5,5,5,5,1,1,1,1,5,5,3,5,3,5,5,5,5,458,5,3,5,5,5,5,1,1,1,1,5,5,3,5,3,5,5,5,5
"386","4763B","Male",4,4,3,5,3,4,5,5,5,5,5,5,5,5,5,5,5,5,5,474,4,4,3,5,3,4,5,5,5,5,5,5,5,5,5,5,5,5,5
"387","4759","Male",5,5,5,5,4,3,3,4,2,3,4,3,3,4,4,4,5,5,4,462,5,5,5,5,4,3,3,4,2,3,4,3,3,4,4,4,5,5,4
"388","4766","Male",5,4,4,5,4,4,2,3,1,2,4,2,3,2,4,4,5,5,5,456,5,4,4,5,4,4,2,3,1,2,4,2,3,2,4,4,5,5,5
"389","4768B","Male",3,3,5,5,5,1,1,1,1,1,1,5,5,2,5,5,5,5,5,453,3,3,5,5,5,1,1,1,1,1,1,5,5,2,5,5,5,5,5
"390","4762","Male",3,3,5,5,5,5,3,3,3,1,5,3,3,3,3,5,5,3,5,461,3,3,5,5,5,5,3,3,3,1,5,3,3,3,3,5,5,3,5
"391","4764","Male",4,4,4,5,4,5,5,5,5,5,5,5,5,5,4,4,4,4,4,477,4,4,4,5,4,5,5,5,5,5,5,5,5,5,4,4,4,4,4
"392","4758","Male",4,3,5,5,5,1,1,2,1,1,5,1,4,5,3,4,5,5,5,457,4,3,5,5,5,1,1,2,1,1,5,1,4,5,3,4,5,5,5
"393","4769B","Male",5,5,5,5,5,3,5,5,5,5,5,3,3,3,5,5,5,5,5,480,5,5,5,5,5,3,5,5,5,5,5,3,3,3,5,5,5,5,5
"394","4754B","Male",5,5,5,4,5,5,3,5,1,1,5,5,5,5,4,5,5,5,5,477,5,5,5,4,5,5,3,5,1,1,5,5,5,5,4,5,5,5,5
"395","4761","Male",4,5,5,5,5,3,1,1,3,2,5,3,1,2,4,5,5,5,5,464,4,5,5,5,5,3,1,1,3,2,5,3,1,2,4,5,5,5,5
"396","4756B","Male",5,3,5,5,4,3,2,1,2,3,4,3,3,1,3,3,5,5,5,461,5,3,5,5,4,3,2,1,2,3,4,3,3,1,3,3,5,5,5
"397","4755B","Male",5,3,4,5,5,1,2,2,3,1,5,2,5,5,2,1,5,5,3,461,5,3,4,5,5,1,2,2,3,1,5,2,5,5,2,1,5,5,3
"398","4710","Female",5,5,5,5,5,5,5,5,5,5,5,5,5,5,5,5,5,5,5,493,5,5,5,5,5,5,5,5,5,5,5,5,5,5,5,5,5,5,5
"399","4746","Male",1,5,5,5,3,3,3,4,3,3,4,4,4,3,4,4,4,4,4,469,1,5,5,5,3,3,3,4,3,3,4,4,4,3,4,4,4,4,4
"400","4739","Male",3,5,5,3,5,3,3,3,3,3,3,3,3,3,3,1,3,3,3,461,3,5,5,3,5,3,3,3,3,3,3,3,3,3,3,1,3,3,3
"401","4754","Male",1,2,NA,NA,NA,NA,NA,NA,NA,NA,NA,NA,NA,NA,NA,NA,NA,NA,NA,404,1,2,2,3,3,3,3,2,3,2,2,2,3,2,3,2,3,3,3
"402","4755","Male",3,5,1,3,1,5,3,3,5,1,3,5,1,3,3,5,1,3,5,461,3,5,1,3,1,5,3,3,5,1,3,5,1,3,3,5,1,3,5
"403","4742","Male",5,5,1,4,5,1,3,5,3,1,3,5,3,1,1,3,5,3,1,461,5,5,1,4,5,1,3,5,3,1,3,5,3,1,1,3,5,3,1
"404","4750","Male",1,1,1,3,1,1,5,3,3,3,5,1,3,4,5,5,3,4,3,459,1,1,1,3,1,1,5,3,3,3,5,1,3,4,5,5,3,4,3
"405","4748","Male",5,5,4,5,5,5,5,5,5,5,5,5,5,5,5,5,5,5,4,498,5,5,4,5,5,5,5,5,5,5,5,5,5,5,5,5,5,5,4
"406","4753","Male",5,5,5,5,5,5,5,5,5,5,5,5,5,5,NA,NA,NA,NA,5,481,5,5,5,5,5,5,5,5,5,5,5,5,5,5,4,4,5,4,5
"407","4743","Female",5,3,1,3,4,5,4,3,4,5,5,3,2,3,3,2,5,1,5,473,5,3,1,3,4,5,4,3,4,5,5,3,2,3,3,2,5,1,5
"408","4760","Female",5,4,4,5,5,5,4,4,5,5,5,5,5,5,3,4,5,5,5,496,5,4,4,5,5,5,4,4,5,5,5,5,5,5,3,4,5,5,5
"409","4767","Male",2,1,3,4,3,1,1,1,1,1,3,3,3,2,4,3,2,3,3,453,2,1,3,4,3,1,1,1,1,1,3,3,3,2,4,3,2,3,3
"410","4778","Female",5,5,5,5,5,5,4,5,5,5,5,5,5,5,5,4,5,5,5,503,5,5,5,5,5,5,4,5,5,5,5,5,5,5,5,4,5,5,5
"411","4777","Male",5,5,3,5,5,1,1,1,2,2,1,1,1,2,5,5,5,5,5,471,5,5,3,5,5,1,1,1,2,2,1,1,1,2,5,5,5,5,5
"412","4763","Female",4,3,5,5,4,2,1,1,1,1,2,1,3,4,3,3,4,3,2,464,4,3,5,5,4,2,1,1,1,1,2,1,3,4,3,3,4,3,2
"413","4768","Male",4,5,4,5,5,3,3,3,2,2,4,3,4,3,4,3,5,5,5,485,4,5,4,5,5,3,3,3,2,2,4,3,4,3,4,3,5,5,5
"414","4773","Male",5,5,5,5,5,4,5,5,5,5,5,3,5,3,4,4,5,5,5,502,5,5,5,5,5,4,5,5,5,5,5,3,5,3,4,4,5,5,5
"415","4765","Female",5,5,5,5,5,5,5,5,5,5,5,5,5,5,5,5,5,5,5,510,5,5,5,5,5,5,5,5,5,5,5,5,5,5,5,5,5,5,5
"416","4764F","Female",3,5,3,4,3,3,2,2,2,4,4,5,5,3,2,2,3,2,3,476,3,5,3,4,3,3,2,2,2,4,4,5,5,3,2,2,3,2,3
"417","4770","Female",5,4,5,5,5,3,2,2,1,3,2,1,2,3,5,5,4,5,4,483,5,4,5,5,5,3,2,2,1,3,2,1,2,3,5,5,4,5,4
"418","4775","Female",5,5,5,5,5,3,1,1,1,1,3,3,1,1,4,3,5,5,4,479,5,5,5,5,5,3,1,1,1,1,3,3,1,1,4,3,5,5,4
"419","4769","Male",5,5,4,5,5,5,5,3,4,3,5,1,4,4,4,4,5,4,4,498,5,5,4,5,5,5,5,3,4,3,5,1,4,4,4,4,5,4,4
"420","4771","Female",5,4,5,5,5,5,5,5,5,5,4,1,5,5,2,1,3,3,2,495,5,4,5,5,5,5,5,5,5,5,4,1,5,5,2,1,3,3,2
"421","4740","Male",5,5,5,5,5,5,5,3,3,3,5,5,5,5,3,3,3,3,5,502,5,5,5,5,5,5,5,3,3,3,5,5,5,5,3,3,3,3,5
"422","4824","Male",2,3,5,5,4,2,3,3,NA,2,4,4,3,4,4,3,5,5,5,488,2,3,5,5,4,2,3,3,2,2,4,4,3,4,4,3,5,5,5
"423","4816","Male",4,4,4,4,4,4,4,5,5,5,5,5,5,5,3,3,3,3,3,501,4,4,4,4,4,4,4,5,5,5,5,5,5,5,3,3,3,3,3
"424","4820","Male",5,5,3,4,3,2,5,3,2,2,3,2,2,3,3,3,4,4,5,487,5,5,3,4,3,2,5,3,2,2,3,2,2,3,3,3,4,4,5
"425","4817","Male",5,5,5,5,5,1,1,1,1,1,1,1,1,1,5,5,5,5,5,484,5,5,5,5,5,1,1,1,1,1,1,1,1,1,5,5,5,5,5
"426","4824I","Male",4,5,5,5,3,5,5,4,3,3,5,5,5,5,4,4,4,5,4,509,4,5,5,5,3,5,5,4,3,3,5,5,5,5,4,4,4,5,4
"427","4815","Male",5,5,5,5,5,3,2,4,4,4,5,4,5,5,5,5,5,5,5,513,5,5,5,5,5,3,2,4,4,4,5,4,5,5,5,5,5,5,5
"428","4825","Male",5,5,5,5,5,1,1,1,1,1,4,1,5,3,4,4,4,4,4,491,5,5,5,5,5,1,1,1,1,1,4,1,5,3,4,4,4,4,4
"429","4819","Male",5,5,4,5,5,4,3,3,4,3,5,2,5,5,5,5,4,5,5,511,5,5,4,5,5,4,3,3,4,3,5,2,5,5,5,5,4,5,5
"430","4822","Female",5,5,5,5,5,3,3,1,1,3,4,3,3,3,4,4,5,4,5,501,5,5,5,5,5,3,3,1,1,3,4,3,3,3,4,4,5,4,5
"431","4821","Female",5,5,5,5,4,5,4,4,5,4,4,4,4,4,4,3,4,5,5,514,5,5,5,5,4,5,4,4,5,4,4,4,4,4,4,3,4,5,5
"432","4818","Male",5,5,5,5,5,3,3,2,4,5,5,1,4,2,4,4,5,5,5,509,5,5,5,5,5,3,3,2,4,5,5,1,4,2,4,4,5,5,5
"433","4781","Male",3,3,4,4,3,1,1,1,1,1,2,2,1,1,4,3,5,4,5,482,3,3,4,4,3,1,1,1,1,1,2,2,1,1,4,3,5,4,5
"434","4789","Male",5,5,5,5,5,4,1,3,3,3,5,1,5,3,4,4,5,5,4,509,5,5,5,5,5,4,1,3,3,3,5,1,5,3,4,4,5,5,4
"435","4782","Female",4,4,3,3,5,3,3,2,3,3,3,1,3,3,4,3,5,5,4,499,4,4,3,3,5,3,3,2,3,3,3,1,3,3,4,3,5,5,4
"436","4786","Male",5,4,3,5,5,4,4,2,3,3,3,3,4,3,3,2,3,4,4,503,5,4,3,5,5,4,4,2,3,3,3,3,4,3,3,2,3,4,4
"437","4783","Male",4,3,3,2,3,1,4,1,1,1,5,2,4,5,4,2,5,5,5,497,4,3,3,2,3,1,4,1,1,1,5,2,4,5,4,2,5,5,5
"438","4787","Female",3,3,3,5,4,2,2,1,1,1,3,2,3,2,2,2,3,3,3,486,3,3,3,5,4,2,2,1,1,1,3,2,3,2,2,2,3,3,3
"439","4785","Male",5,5,5,5,5,1,1,1,1,1,5,1,1,1,3,3,5,5,5,498,5,5,5,5,5,1,1,1,1,1,5,1,1,1,3,3,5,5,5
"440","4780","Female",3,4,3,5,4,1,2,1,1,1,2,1,2,1,3,3,4,4,5,490,3,4,3,5,4,1,2,1,1,1,2,1,2,1,3,3,4,4,5
"441","4788","Male",5,5,5,5,5,1,1,1,1,1,1,5,1,1,5,5,5,5,4,503,5,5,5,5,5,1,1,1,1,1,1,5,1,1,5,5,5,5,4
"442","4784","Male",3,4,2,5,5,2,1,1,1,1,3,2,4,2,2,1,4,5,4,494,3,4,2,5,5,2,1,1,1,1,3,2,4,2,2,1,4,5,4
"443","4779","Male",5,5,4,5,5,2,3,5,1,2,1,3,5,1,5,5,4,5,3,512,5,5,4,5,5,2,3,5,1,2,1,3,5,1,5,5,4,5,3
"444","4756","Male",1,5,1,2,5,1,5,5,3,1,5,5,5,1,1,3,5,1,1,500,1,5,1,2,5,1,5,5,3,1,5,5,5,1,1,3,5,1,1
"445","4795","Male",4,3,2,3,4,1,1,2,1,1,4,4,4,1,3,2,4,4,4,497,4,3,2,3,4,1,1,2,1,1,4,4,4,1,3,2,4,4,4
"446","4805","Male",3,3,3,4,3,1,1,1,1,1,4,2,1,1,2,2,1,3,2,485,3,3,3,4,3,1,1,1,1,1,4,2,1,1,2,2,1,3,2
"447","4799","Male",2,3,3,4,2,5,4,2,3,3,3,4,2,3,1,5,2,2,3,503,2,3,3,4,2,5,4,2,3,3,3,4,2,3,1,5,2,2,3
"448","4796","Female",4,5,5,5,5,4,5,3,3,3,4,3,4,3,3,4,4,4,3,522,4,5,5,5,5,4,5,3,3,3,4,3,4,3,3,4,4,4,3
"449","4791","Male",NA,NA,NA,NA,NA,NA,NA,NA,NA,NA,NA,NA,NA,NA,NA,NA,NA,NA,NA,449,3,4,4,4,3,3,2,1,2,2,3,1,2,2,3,3,2,3,3
"450","4808","Male",3,4,4,4,3,3,2,1,2,2,3,1,2,2,3,3,2,3,3,500,3,4,4,4,3,3,2,1,2,2,3,1,2,2,3,3,2,3,3
"451","4806","Male",4,3,4,4,4,2,3,1,1,1,3,1,1,1,3,2,4,3,3,499,4,3,4,4,4,2,3,1,1,1,3,1,1,1,3,2,4,3,3
"452","4793","Female",3,3,5,4,5,5,1,1,3,2,4,4,1,1,1,1,5,5,3,509,3,3,5,4,5,5,1,1,3,2,4,4,1,1,1,1,5,5,3
"453","4809","Male",4,5,3,5,3,1,1,1,1,1,3,2,4,2,3,4,4,3,3,506,4,5,3,5,3,1,1,1,1,1,3,2,4,2,3,4,4,3,3
"454","4807","Male",4,4,5,4,5,4,5,4,4,4,5,4,4,4,4,5,4,4,5,536,4,4,5,4,5,4,5,4,4,4,5,4,4,4,4,5,4,4,5
"455","4800","Male",4,5,5,5,5,1,1,1,1,1,3,4,5,5,4,4,4,5,5,523,4,5,5,5,5,1,1,1,1,1,3,4,5,5,4,4,4,5,5
"456","4812","Female",3,4,3,4,4,3,3,2,2,2,3,3,3,3,3,3,3,4,3,514,3,4,3,4,4,3,3,2,2,2,3,3,3,3,3,3,3,4,3
"457","4810","Female",3,5,4,5,4,5,4,1,2,3,4,3,5,3,4,3,5,4,5,529,3,5,4,5,4,5,4,1,2,3,4,3,5,3,4,3,5,4,5
"458","4803","Female",3,3,3,3,3,3,2,2,2,2,2,2,2,2,2,1,3,3,3,504,3,3,3,3,3,3,2,2,2,2,2,2,2,2,2,1,3,3,3
"459","4802","Female",5,3,2,5,2,1,1,1,1,1,1,1,1,1,3,4,2,3,3,500,5,3,2,5,2,1,1,1,1,1,1,1,1,1,3,4,2,3,3
"460","4813","Male",3,2,4,5,5,3,5,3,2,2,3,4,5,1,4,3,5,5,5,529,3,2,4,5,5,3,5,3,2,2,3,4,5,1,4,3,5,5,5
"461","4801","Female",5,5,5,5,5,2,1,1,1,1,4,1,4,1,3,2,4,5,4,520,5,5,5,5,5,2,1,1,1,1,4,1,4,1,3,2,4,5,4
"462","4836","Male",5,4,3,5,5,2,2,2,2,2,4,2,1,2,5,5,4,5,4,526,5,4,3,5,5,2,2,2,2,2,4,2,1,2,5,5,4,5,4
"463","4832","Female",5,5,3,5,5,5,5,5,5,5,5,5,5,5,3,4,3,4,4,549,5,5,3,5,5,5,5,5,5,5,5,5,5,5,3,4,3,4,4
"464","4838","Male",3,2,4,4,4,2,1,2,2,2,5,1,2,2,3,2,3,3,3,514,3,2,4,4,4,2,1,2,2,2,5,1,2,2,3,2,3,3,3
"465","4833","Male",3,5,3,5,5,3,3,3,1,1,5,1,5,3,3,3,3,3,3,526,3,5,3,5,5,3,3,3,1,1,5,1,5,3,3,3,3,3,3
"466","4828","Male",3,3,3,4,5,3,3,1,1,1,3,1,2,3,3,3,3,3,3,517,3,3,3,4,5,3,3,1,1,1,3,1,2,3,3,3,3,3,3
"467","4831","Female",5,4,4,5,5,2,1,1,1,1,1,1,1,1,5,4,5,5,5,524,5,4,4,5,5,2,1,1,1,1,1,1,1,1,5,4,5,5,5
"468","4834","Male",4,5,3,4,4,3,2,3,3,3,3,1,4,3,3,3,4,5,5,533,4,5,3,4,4,3,2,3,3,3,3,1,4,3,3,3,4,5,5
"469","4835","Female",3,3,2,4,4,2,2,2,2,1,2,1,2,1,3,3,4,4,4,518,3,3,2,4,4,2,2,2,2,1,2,1,2,1,3,3,4,4,4
"470","4826","Male",5,5,5,5,5,1,3,1,1,1,3,1,5,1,4,4,5,5,5,535,5,5,5,5,5,1,3,1,1,1,3,1,5,1,4,4,5,5,5
"471","4827","Male",3,2,2,5,4,3,2,2,2,3,4,3,4,2,2,2,4,3,3,526,3,2,2,5,4,3,2,2,2,3,4,3,4,2,2,2,4,3,3
"472","4829","Female",3,5,4,5,5,1,1,1,1,1,1,1,1,1,4,3,5,5,4,524,3,5,4,5,5,1,1,1,1,1,1,1,1,1,4,3,5,5,4
"473","4837","Male",3,3,3,4,3,2,1,3,4,4,3,1,4,3,4,3,5,5,5,536,3,3,3,4,3,2,1,3,4,4,3,1,4,3,4,3,5,5,5
"474","4830","Male",2,2,2,1,1,2,3,3,4,4,1,2,2,2,2,2,2,2,3,516,2,2,2,1,1,2,3,3,4,4,1,2,2,2,2,2,2,2,3
"475","4846","Male",4,3,4,5,5,1,1,1,1,1,4,1,3,2,5,5,5,5,5,536,4,3,4,5,5,1,1,1,1,1,4,1,3,2,5,5,5,5,5
"476","4847","Male",3,4,5,4,5,5,5,3,5,5,5,5,5,3,5,4,5,5,5,562,3,4,5,4,5,5,5,3,5,5,5,5,5,3,5,4,5,5,5
"477","4855","Male",3,5,1,5,4,1,4,3,1,1,1,1,1,1,4,3,4,5,3,528,3,5,1,5,4,1,4,3,1,1,1,1,1,1,4,3,4,5,3
"478","4850","Male",2,3,2,4,5,2,1,2,2,1,3,2,4,3,2,2,3,3,3,527,2,3,2,4,5,2,1,2,2,1,3,2,4,3,2,2,3,3,3
"479","4581","Male",5,4,3,2,2,1,1,1,1,1,1,1,1,1,3,4,4,5,4,524,5,4,3,2,2,1,1,1,1,1,1,1,1,1,3,4,4,5,4
"480","4849","Male",3,5,3,5,5,3,4,2,1,1,3,3,4,3,3,2,5,5,5,545,3,5,3,5,5,3,4,2,1,1,3,3,4,3,3,2,5,5,5
"481","4845","Female",4,4,4,4,5,3,2,2,3,3,5,2,5,5,4,4,3,5,5,553,4,4,4,4,5,3,2,2,3,3,5,2,5,5,4,4,3,5,5
"482","4848","Female",4,5,4,5,5,4,4,4,4,5,5,3,5,5,5,5,5,5,5,569,4,5,4,5,5,4,4,4,4,5,5,3,5,5,5,5,5,5,5
"483","4839","Female",2,1,3,4,2,3,4,2,1,3,5,3,4,5,2,3,4,3,2,539,2,1,3,4,2,3,4,2,1,3,5,3,4,5,2,3,4,3,2
"484","4857","Female",5,4,5,5,5,3,5,3,3,3,4,3,4,1,4,4,5,5,4,559,5,4,5,5,5,3,5,3,3,3,4,3,4,1,4,4,5,5,4
"485","4856","Male",2,3,4,3,2,3,3,2,1,1,3,2,2,4,3,2,4,3,3,535,2,3,4,3,2,3,3,2,1,1,3,2,2,4,3,2,4,3,3
"486","4842","Male",5,3,5,5,5,1,1,1,1,4,3,3,5,1,5,3,4,5,4,550,5,3,5,5,5,1,1,1,1,4,3,3,5,1,5,3,4,5,4
"487","4852","Female",3,5,4,3,1,1,1,1,1,1,3,1,5,4,2,3,3,2,3,534,3,5,4,3,1,1,1,1,1,1,3,1,5,4,2,3,3,2,3
"488","4752","Male",5,5,5,5,3,5,3,5,3,3,5,3,5,3,3,3,2,3,3,560,5,5,5,5,3,5,3,5,3,3,5,3,5,3,3,3,2,3,3
"489","4859","Male",3,2,1,5,2,1,1,1,1,1,5,1,1,1,5,5,5,5,5,540,3,2,1,5,2,1,1,1,1,1,5,1,1,1,5,5,5,5,5
"490","4871","Female",4,5,3,5,5,5,5,5,5,5,5,5,5,4,4,2,4,5,5,576,4,5,3,5,5,5,5,5,5,5,5,5,5,4,4,2,4,5,5
"491","4873","Male",5,5,3,3,5,1,1,1,1,1,1,1,2,3,3,1,3,5,2,538,5,5,3,3,5,1,1,1,1,1,1,1,2,3,3,1,3,5,2
"492","4858","Male",5,3,3,5,5,4,5,1,3,1,5,3,5,4,3,4,5,NA,5,561,5,3,3,5,5,4,5,1,3,1,5,3,5,4,3,4,5,4,5
"493","4874","Male",4,5,5,3,3,3,2,3,2,3,4,1,4,2,4,4,4,4,3,556,4,5,5,3,3,3,2,3,2,3,4,1,4,2,4,4,4,4,3
"494","4863","Female",4,5,5,4,4,1,1,1,1,1,1,1,1,1,4,3,4,5,5,546,4,5,5,4,4,1,1,1,1,1,1,1,1,1,4,3,4,5,5
"495","4864","Female",3,5,5,5,5,1,1,1,1,1,1,1,1,1,3,3,5,5,5,548,3,5,5,5,5,1,1,1,1,1,1,1,1,1,3,3,5,5,5
"496","4860","Male",4,5,4,4,5,3,3,3,2,2,3,2,4,4,4,3,5,4,4,564,4,5,4,4,5,3,3,3,2,2,3,2,4,4,4,3,5,4,4
"497","4866","Male",3,4,4,5,5,3,1,2,1,1,3,1,1,2,3,4,4,3,4,551,3,4,4,5,5,3,1,2,1,1,3,1,1,2,3,4,4,3,4
"498","4869","Male",5,3,5,5,4,2,1,1,2,3,3,1,1,3,4,4,5,5,5,560,5,3,5,5,4,2,1,1,2,3,3,1,1,3,4,4,5,5,5
"499","4862","Female",3,3,5,5,4,1,1,1,1,1,1,1,2,1,4,5,5,5,5,553,3,3,5,5,4,1,1,1,1,1,1,1,2,1,4,5,5,5,5
"500","4870","Male",4,4,3,5,3,5,4,3,4,4,5,2,1,5,3,4,5,4,3,571,4,4,3,5,3,5,4,3,4,4,5,2,1,5,3,4,5,4,3
"501","4868","Female",5,5,5,5,5,1,1,1,1,1,3,1,2,1,4,3,4,4,5,558,5,5,5,5,5,1,1,1,1,1,3,1,2,1,4,3,4,4,5
"502","4861","Female",4,5,4,5,5,2,2,2,2,2,4,3,4,4,3,3,4,3,3,566,4,5,4,5,5,2,2,2,2,2,4,3,4,4,3,3,4,3,3
"503","4892","Male",3,5,3,5,5,1,1,1,1,5,3,1,4,1,3,2,4,5,5,561,3,5,3,5,5,1,1,1,1,5,3,1,4,1,3,2,4,5,5
"504","48982","Male",5,3,4,3,5,4,2,1,1,3,4,2,3,1,3,4,5,4,4,565,5,3,4,3,5,4,2,1,1,3,4,2,3,1,3,4,5,4,4
"505","48994","Female",3,4,5,5,5,2,2,1,1,1,2,1,2,1,4,4,4,4,5,561,3,4,5,5,5,2,2,1,1,1,2,1,2,1,4,4,4,4,5
"506","48981","Female",3,3,1,5,3,3,1,3,3,1,5,3,1,1,1,1,3,5,5,557,3,3,1,5,3,3,1,3,3,1,5,3,1,1,1,1,3,5,5
"507","4879F","Female",5,5,3,5,5,3,1,1,2,1,3,4,5,5,2,3,5,5,5,575,5,5,3,5,5,3,1,1,2,1,3,4,5,5,2,3,5,5,5
"508","4883","Female",3,4,2,5,4,3,1,1,1,3,3,2,4,2,3,3,4,4,4,564,3,4,2,5,4,3,1,1,1,3,3,2,4,2,3,3,4,4,4
"509","4919","Female",3,3,2,4,3,4,2,4,3,3,4,4,5,5,3,3,3,4,4,575,3,3,2,4,3,4,2,4,3,3,4,4,5,5,3,3,3,4,4
"510","4879","Male",5,5,5,5,5,1,1,3,3,3,5,5,5,5,5,5,5,5,5,591,5,5,5,5,5,1,1,3,3,3,5,5,5,5,5,5,5,5,5
"511","4913","Male",4,5,4,3,4,1,1,2,1,5,3,2,4,3,4,3,5,5,3,573,4,5,4,3,4,1,1,2,1,5,3,2,4,3,4,3,5,5,3
"512","4897","Male",5,5,5,3,3,1,1,1,1,1,1,1,1,2,3,3,3,4,5,561,5,5,5,3,3,1,1,1,1,1,1,1,1,2,3,3,3,4,5
"513","4911","Female",3,5,3,5,5,1,1,1,1,1,2,1,1,1,3,4,4,5,5,565,3,5,3,5,5,1,1,1,1,1,2,1,1,1,3,4,4,5,5
"514","4904","Male",5,5,4,5,4,1,1,1,1,2,3,1,3,1,4,4,5,5,5,574,5,5,4,5,4,1,1,1,1,2,3,1,3,1,4,4,5,5,5
"515","4895","Male",4,3,5,5,3,3,1,1,1,4,5,2,1,4,4,5,4,3,2,575,4,3,5,5,3,3,1,1,1,4,5,2,1,4,4,5,4,3,2
"516","4910","Female",4,5,3,5,4,1,1,1,1,1,2,1,3,2,3,2,3,3,3,564,4,5,3,5,4,1,1,1,1,1,2,1,3,2,3,2,3,3,3
"517","4901","Female",4,3,2,4,4,2,2,2,1,2,4,2,2,2,3,3,4,4,3,570,4,3,2,4,4,2,2,2,1,2,4,2,2,2,3,3,4,4,3
"518","4884","Female",5,5,5,5,5,5,3,5,5,3,5,3,3,5,3,3,3,3,3,595,5,5,5,5,5,5,3,5,5,3,5,3,3,5,3,3,3,3,3
"519","4898","Female",3,4,2,5,5,2,2,3,3,3,4,4,5,5,5,5,5,5,5,594,3,4,2,5,5,2,2,3,3,3,4,4,5,5,5,5,5,5,5
"520","4917","Male",5,5,4,5,4,1,3,1,1,1,1,2,4,4,3,3,5,5,5,582,5,5,4,5,4,1,3,1,1,1,1,2,4,4,3,3,5,5,5
"521","4924","Male",4,5,2,5,2,1,1,1,2,2,4,2,5,3,3,2,3,3,3,574,4,5,2,5,2,1,1,1,2,2,4,2,5,3,3,2,3,3,3
"522","4908","Female",4,4,5,5,4,2,1,1,1,1,3,1,1,1,4,5,5,4,4,578,4,4,5,5,4,2,1,1,1,1,3,1,1,1,4,5,5,4,4
"523","4900","Male",4,3,4,5,4,4,3,2,3,4,5,3,5,3,4,3,4,5,5,596,4,3,4,5,4,4,3,2,3,4,5,3,5,3,4,3,4,5,5
"524","4922","Female",5,5,3,5,5,3,3,5,3,1,5,4,5,3,4,4,5,5,4,601,5,5,3,5,5,3,3,5,3,1,5,4,5,3,4,4,5,5,4
"525","4906","Female",5,5,4,5,5,5,4,4,4,5,5,5,5,5,4,5,5,5,5,615,5,5,4,5,5,5,4,4,4,5,5,5,5,5,4,5,5,5,5
"526","48991","Female",3,5,3,3,5,3,1,1,1,3,3,1,3,3,3,3,3,5,5,583,3,5,3,3,5,3,1,1,1,3,3,1,3,3,3,3,3,5,5
"527","4885","Female",4,5,5,5,4,3,3,4,4,5,5,1,4,3,4,5,5,5,5,606,4,5,5,5,4,3,3,4,4,5,5,1,4,3,4,5,5,5,5
"528","4914","Female",3,5,5,5,5,2,3,3,4,4,5,1,4,5,3,2,4,5,4,600,3,5,5,5,5,2,3,3,4,4,5,1,4,5,3,2,4,5,4
"529","4921","Female",4,5,5,4,3,5,4,2,3,3,4,1,5,4,4,3,3,4,5,600,4,5,5,4,3,5,4,2,3,3,4,1,5,4,4,3,3,4,5
"530","4903","Female",4,5,3,4,5,2,2,2,1,2,3,2,3,2,4,3,4,5,4,590,4,5,3,4,5,2,2,2,1,2,3,2,3,2,4,3,4,5,4
"531","4902","Female",5,3,1,5,5,3,1,1,3,3,5,1,5,5,5,5,3,3,5,598,5,3,1,5,5,3,1,1,3,3,5,1,5,5,5,5,3,3,5
"532","4909","Female",5,4,3,3,4,3,2,3,2,2,4,1,4,3,4,2,5,5,4,595,5,4,3,3,4,3,2,3,2,2,4,1,4,3,4,2,5,5,4
"533","4912","Female",4,5,3,5,5,3,4,3,3,3,4,1,4,4,3,5,5,5,5,607,4,5,3,5,5,3,4,3,3,3,4,1,4,4,3,5,5,5,5
"534","4926","Female",4,4,3,3,3,3,3,2,2,2,5,2,3,2,2,2,3,3,4,589,4,4,3,3,3,3,3,2,2,2,5,2,3,2,2,2,3,3,4
"535","4886","Female",3,5,5,5,5,2,3,2,1,1,3,1,2,2,5,5,5,5,3,598,3,5,5,5,5,2,3,2,1,1,3,1,2,2,5,5,5,5,3
"536","4907","Male",3,3,2,4,3,1,1,1,1,3,5,5,5,5,4,3,5,4,5,599,3,3,2,4,3,1,1,1,1,3,5,5,5,5,4,3,5,4,5
"537","4888","Female",1,3,5,5,5,3,5,1,5,5,5,1,5,5,5,5,5,5,5,616,1,3,5,5,5,3,5,1,5,5,5,1,5,5,5,5,5,5,5
"538","4896","Female",5,5,3,5,4,3,3,1,1,3,5,5,3,2,2,2,3,4,3,600,5,5,3,5,4,3,3,1,1,3,5,5,3,2,2,2,3,4,3
"539","4927","Female",3,3,2,5,5,1,1,2,3,2,4,1,3,3,2,3,2,3,2,589,3,3,2,5,5,1,1,2,3,2,4,1,3,3,2,3,2,3,2
"540","4878","Female",5,5,5,5,5,2,2,2,1,1,4,3,4,3,5,4,5,4,5,610,5,5,5,5,5,2,2,2,1,1,4,3,4,3,5,4,5,4,5
"541","4923","Male",5,5,5,5,3,5,5,5,5,5,4,5,5,5,5,3,5,5,5,631,5,5,5,5,3,5,5,5,5,5,4,5,5,5,5,3,5,5,5
"542","4880","Male",3,5,3,4,3,3,1,1,1,1,1,1,1,1,5,5,5,5,5,596,3,5,3,4,3,3,1,1,1,1,1,1,1,1,5,5,5,5,5
"543","4920","Female",3,5,5,5,5,3,4,4,3,5,5,5,5,5,5,5,5,5,5,630,3,5,5,5,5,3,4,4,3,5,5,5,5,5,5,5,5,5,5
"544","4887","Male",3,4,4,3,2,3,3,4,4,4,3,3,4,3,5,4,3,3,4,610,3,4,4,3,2,3,3,4,4,4,3,3,4,3,5,4,3,3,4
"545","4929","Male",3,2,4,5,3,1,1,2,4,4,3,1,5,1,5,5,4,5,5,608,3,2,4,5,3,1,1,2,4,4,3,1,5,1,5,5,4,5,5
"546","4930","Female",5,5,5,3,5,5,5,5,5,5,5,1,5,5,5,5,5,5,5,635,5,5,5,3,5,5,5,5,5,5,5,1,5,5,5,5,5,5,5
"547","4957","Male",4,3,5,5,5,3,4,2,1,2,3,4,5,4,3,3,4,4,3,614,4,3,5,5,5,3,4,2,1,2,3,4,5,4,3,3,4,4,3
"548","4934","Male",5,5,5,5,5,3,5,3,3,3,3,1,5,5,5,5,5,5,3,627,5,5,5,5,5,3,5,3,3,3,3,1,5,5,5,5,5,5,3
"549","4954","Male",5,5,4,5,5,4,3,5,3,4,5,1,5,4,4,4,5,5,5,630,5,5,4,5,5,4,3,5,3,4,5,1,5,4,4,4,5,5,5
"550","4956","Male",4,5,5,4,4,2,2,2,2,1,3,3,1,2,4,4,3,5,3,609,4,5,5,4,4,2,2,2,2,1,3,3,1,2,4,4,3,5,3
"551","4948","Female",5,5,3,5,5,3,2,3,1,3,5,5,5,4,4,4,5,5,5,628,5,5,3,5,5,3,2,3,1,3,5,5,5,4,4,4,5,5,5
"552","4937","Male",4,5,1,5,5,2,1,3,1,1,3,2,2,3,4,3,5,5,4,611,4,5,1,5,5,2,1,3,1,1,3,2,2,3,4,3,5,5,4
"553","4950","Female",4,5,4,5,5,2,2,2,2,2,4,3,4,3,3,3,4,3,4,617,4,5,4,5,5,2,2,2,2,2,4,3,4,3,3,3,4,3,4
"554","4952","Female",5,5,5,5,5,1,1,1,1,1,3,1,3,1,3,3,5,5,5,613,5,5,5,5,5,1,1,1,1,1,3,1,3,1,3,3,5,5,5
"555","4928","Female",3,3,4,5,5,4,3,3,2,1,4,2,5,5,4,4,4,4,5,625,3,3,4,5,5,4,3,3,2,1,4,2,5,5,4,4,4,4,5
"556","4933","Female",3,5,3,5,5,3,4,1,3,3,3,1,5,3,5,3,2,3,5,621,3,5,3,5,5,3,4,1,3,3,3,1,5,3,5,3,2,3,5
"557","4943","Female",4,4,4,5,3,5,4,2,3,3,5,3,5,1,3,3,3,4,5,626,4,4,4,5,3,5,4,2,3,3,5,3,5,1,3,3,3,4,5
"558","4931","Male",4,5,5,5,5,2,3,2,2,3,5,4,5,2,5,4,5,5,5,634,4,5,5,5,5,2,3,2,2,3,5,4,5,2,5,4,5,5,5
"559","4941","Female",5,5,5,5,5,5,5,3,4,3,5,1,5,3,3,3,5,5,5,639,5,5,5,5,5,5,5,3,4,3,5,1,5,3,3,3,5,5,5
"560","4946","Female",3,5,5,5,3,1,1,3,1,1,5,3,3,1,3,5,5,5,5,623,3,5,5,5,3,1,1,3,1,1,5,3,3,1,3,5,5,5,5
"561","4947","Female",5,5,3,5,5,3,5,4,5,3,5,5,4,5,4,5,5,3,4,644,5,5,3,5,5,3,5,4,5,3,5,5,4,5,4,5,5,3,4
"562","4942","Female",4,3,4,4,5,2,1,1,1,2,3,1,2,1,3,3,5,4,4,615,4,3,4,4,5,2,1,1,1,2,3,1,2,1,3,3,5,4,4
"563","4945","Female",3,3,5,5,5,3,3,4,3,2,5,3,5,3,3,2,5,5,5,635,3,3,5,5,5,3,3,4,3,2,5,3,5,3,3,2,5,5,5
"564","4932","Male",5,5,5,5,3,1,3,1,1,3,3,1,5,3,5,3,5,5,5,631,5,5,5,5,3,1,3,1,1,3,3,1,5,3,5,3,5,5,5
"565","4935","Male",5,3,5,5,5,3,1,1,1,2,1,1,3,1,4,5,5,5,5,626,5,3,5,5,5,3,1,1,1,2,1,1,3,1,4,5,5,5,5
"566","4940","Female",5,5,5,5,5,2,3,1,1,2,3,2,2,1,4,4,5,5,5,631,5,5,5,5,5,2,3,1,1,2,3,2,2,1,4,4,5,5,5
"567","4955","Male",5,4,5,5,5,5,5,1,5,5,5,5,5,4,5,5,5,5,4,655,5,4,5,5,5,5,5,1,5,5,5,5,5,4,5,5,5,5,4
"568","4920","Female",NA,NA,NA,NA,NA,NA,NA,NA,NA,NA,NA,NA,NA,NA,NA,NA,NA,NA,NA,568,3,5,3,5,3,3,3,3,1,3,3,3,5,3,3,5,3,5,5
"569","4936","Female",3,5,3,5,3,3,3,3,1,3,3,3,5,3,3,5,3,5,5,636,3,5,3,5,3,3,3,3,1,3,3,3,5,3,3,5,3,5,5
