"","ID","SE_P","PAV","PAp","MG_P","SE_S","TV","MG_S"
"1","4219",1.24050976156106,1.7170759919448,1.77492486922034,1.09593808952923,0.954633848743219,0.669801970703643,0.899296515317599
"2","4224",0.66958983839888,0.0542521466330295,0.485808939884523,0.432625736984657,0.446503760370459,0.699867864155713,0.358041742245193
"3","4229",1.24050976156106,1.7170759919448,1.77492486922034,1.09593808952923,0.778624557468589,0.612361720940821,0.698335483337959
"4","4230",0.390381123436307,1.25855440502761,0.761675205872058,-1.77557937962167,0.672764238663077,-0.0179861737964614,0.13711767764309
"5","4232",-0.162785889013803,-0.00193245981377124,0.417496516698118,-0.0174488937577568,-0.351003351282885,-0.194091477972615,-0.588401395770294
"6","4235",0.335480864424464,0.551000086214245,0.724433244580487,0.354239385830545,-0.000152919570038099,0.518911074347604,-0.142152056108413
"7","4236",0.514987166327833,0.405192160427595,1.19592646802299,0.300417603925463,-0.272768145269553,-0.337211449354634,-0.389501598672413
"8","4240",-1.31666029500038,0.65857446875566,0.572943341832966,-1.71439748890997,-1.18649011302832,-2.07690702676355,-1.75755386981057
"9","4241",0.576013333204498,-0.556158934401216,-0.975604411425122,0.768385247605594,1.24132435142007,1.22711383213452,1.00422287750467
"10","4242",-0.612658125199969,0.821897292913676,0.185171296458103,-0.679219021983132,-2.99274816398913,-3.46546886290522,-3.56269960376151
"11","4243",-0.260228376000509,0.206043902222,-0.119391770587057,-0.160427654832128,-0.735393077431667,-0.613879455993296,-0.729150182021214
"12","4244",-0.298977332074948,0.75947971112071,0.122624189687549,-0.456117964645478,-0.717832968177611,-0.175788838431351,-0.536642658299147
"13","4245",0.732107228194499,0.493655476139211,-0.174696921741065,0.544896459547589,0.149574581959463,-0.208099282339474,-0.10315610542393
"14","4246",-0.166301685957089,-0.353905351711529,-0.933158945462537,-0.457738006627785,-0.379536785031877,-1.01778229430204,-1.00756474399584
"15","4247",0.637550147857094,-0.803047139560904,-1.09036653026755,0.121387817795499,0.906920510326873,0.0773868979615422,0.339085215915581
"16","4248",0.448773460727284,-0.313846249486999,-0.197276517832851,0.498671903726627,0.738531970419482,1.58763962732862,1.37963914862251
"17","4249",0.421373963305585,0.136204792214545,0.423594488807277,0.505549254460829,0.274277074895162,0.410682768265141,-0.157652158990946
"18","4251",-0.532260720458701,0.278471764516967,0.329782286818388,-0.257980643870835,-1.40247697033281,-1.79384839164024,-2.31634214556517
"19","4254",0.0264510965993976,0.0875406970589332,-0.137550135615242,-0.101675959743028,-0.02809562228132,0.289313644568081,0.21090157902666
"20","4257",0.455163040304896,0.326766785868963,0.79542904567527,0.275222166376903,0.876835613713928,-0.685045912065127,-0.395396716772976
"21","4258",-0.0680813295939825,1.65817502311461,1.75293471279289,0.21206071404827,0.365499103223046,0.692928007969045,0.389045987519778
"22","4259",0.857109168502157,0.408213599157126,0.631710862777093,0.92323738509392,0.655811331508427,1.22574644628133,0.645905543205924
"23","4260",0.275648480634205,-0.31141285943628,-0.45767270941373,0.0569345536055061,0.90109727664705,0.69718756330254,0.673446739570882
"24","4261",0.176065534032537,-0.121283000341495,0.326353183819992,0.205129429640727,0.0183781545205334,-0.440167804069749,-0.239748206125126
"25","4264",-0.325068462878505,-0.142065618242287,-0.106755970165669,0.2796726593425,-0.103751734163288,-0.336038153723175,0.0299487808642098
"26","4267",0.385723267551561,0.36407107011115,1.01234301084684,-0.271386654217625,-0.107034365071947,0.92249273054714,0.582752147064261
"27","4268",-0.570475269803927,0.30450718403921,-0.329695831102602,-0.702247492434216,-0.577262564718582,0.453791220021207,0.205033204790062
"28","4269",-0.147575059620635,1.14476139028705,0.636835171689155,-0.282324329101838,0.127054578123067,-0.586682928885474,-0.415417086410192
"29","4271",0.484153490845276,-0.0971273311130676,-0.216947908436499,0.371393922000509,-0.702603312246667,0.330127974642185,0.292140298246857
"30","4272",-0.415561395344755,-0.850161159345721,-1.08112603944408,0.113584037607452,-0.431733619191951,-0.334738519596931,-0.692717436858846
"31","4273",0.94301989218959,-0.087124434004793,-0.0329001389144511,0.37683876820618,0.312338427523404,0.557073302853732,0.564221077730742
"32","4275",0.582874752149278,0.479084136989606,0.05768437802715,0.299437983172654,0.532625300219718,0.794560435419203,0.681346188983145
"33","4276",0.408364320370693,-1.17550045869981,-0.938321616351801,0.4585055216793,-0.15038301547653,0.661109736288316,0.330243855244058
"34","4277",-0.228216848267421,-0.636144814481965,-0.458062978235864,-0.433337782741008,-0.0926006478031798,-0.862251046371348,-0.551242284983916
"35","4278",-0.650190622623976,-0.931082992168062,-0.880028450155217,-1.0513925895244,-1.3466594583496,-0.998670509081626,-1.20650716890446
"36","4279",0.59474882512831,0.531451250680687,0.25667651651144,0.805626045722252,-0.221534406122318,-0.564703687482485,-0.56156571846263
"37","4279F",1.07540421495096,1.14496057024508,0.967644889939981,0.67346081392736,0.393460140328597,0.325088981918865,0.760828673529528
"38","4281",-0.452531494750815,0.717267985536743,0.945227844696103,-0.414106956549793,-0.439745975811015,-0.386054973097451,-0.664683894254181
"39","4281F",-0.464108451233321,1.14531785144203,0.702643523498436,0.260994046693552,-0.169947817309281,0.17867474686338,0.184061153911463
"40","4283",-0.544947928059147,-0.531770071966228,-0.373593260799621,-0.954408660592787,-0.425435934407899,-0.179005983976027,-0.163371555717
"41","4284",-0.965963077554333,-0.255173171722418,-0.144873909562309,-0.890884878927004,-0.432111357093367,-0.74517059718829,-1.10372473541277
"42","4285",0.299376481158272,-0.0188258695783078,0.347444284248952,0.72387959239318,0.222881797110269,-0.0537891623176156,-0.174013845625741
"43","4286",-0.902336542085438,-1.63793001644729,-1.4551347001577,-0.590046912466208,-0.749025233030475,-0.946146867562899,-0.895128628286038
"44","4287",-0.118662307750232,-0.733108601344537,-0.352173080687563,0.574954623566854,0.695242171034526,0.764105450375817,0.197217095861354
"45","4288",0.313237991953559,0.00250707901336394,-0.383072044003127,0.047300453552817,0.36213677567794,0.457304866511678,0.190242720709249
"46","4289",-0.550783676892736,0.602947607126387,0.985700986431774,-0.180316421468644,-0.323312321648426,-0.448003137549519,-1.05223436824946
"47","4290",0.53018554754015,-0.164936857756748,-0.278833077447422,-0.17105194411627,0.42828356119845,-0.390307302956051,-0.334897136915261
"48","4291",0.00965589728978429,-0.195262570244403,-0.113298837642469,-0.567919251752149,-0.361868320178672,-1.43625513707089,-1.04845664045223
"49","4293",-0.0124702729600786,0.521956177827025,0.965470997800136,0.0106198889142051,-0.476832472299389,-0.384014299963767,-0.480755062271614
"50","4293F",0.107377162263241,0.317869243115386,0.00818419397640422,0.22453748047853,0.350096522939069,0.293471539856384,0.186943161568803
"51","4294",-0.747771144533498,1.37622164009919,1.20310788422013,-0.720905684539178,-0.661186033420358,-0.0424731781235229,-0.320186753152228
"52","4294F",0.407124945905032,-0.825236972344629,-0.545171461423402,0.438441767129333,0.687619166305174,0.380576118740117,0.428182292681541
"53","4295",0.963611622642143,-0.41636880162102,-0.433555530735956,0.449074040990039,-1.53156270314886,-1.22181633403279,-1.27482610764624
"54","4297",-0.429739307135514,0.718970289212795,0.140415495458766,-0.359936301271939,-0.42542549184802,-0.130865043463014,-0.408939806368089
"55","4299",0.367636097187264,0.784950230992328,1.1047654587048,-0.164968627180686,0.618850078985677,0.43102005153207,0.431953999719689
"56","4300",0.262919876258938,-0.787500183230611,-0.15812708848879,0.0939551007283547,-0.570281977259213,0.452674589584306,0.491566176451166
"57","4301",1.0102750568225,0.637485555567377,0.391919250260169,0.509549565961176,0.25650156057818,0.704108327743681,0.858253399431947
"58","4302",-0.435501937727649,0.294815879275305,0.389773370225085,-0.069658211437333,0.0326745285083719,0.127922448900791,0.204878243535456
"59","4304",-0.349342950153338,0.609141865037614,0.588083652870503,0.0972016784693838,0.568359509041649,0.127433000201114,-0.0302736257276916
"60","4305",-1.2052029276256,0.476949819324308,0.478329246887582,-1.12896998859937,-0.956738890392393,-1.09604087057189,-1.2831581870565
"61","4309",1.17643117485322,-0.123593819988718,-0.235448801433027,1.01435759363536,1.05891537622102,1.66967195326176,1.53885793386353
"62","4310",-0.590233323833837,0.194078556096478,-0.0774356709265497,-1.42020968364086,0.234377221129398,0.435859609689785,0.307303019781249
"63","4313",-0.794252788941518,-0.453023103123521,-0.235868244595787,-0.863652304263628,-1.16777133727552,-0.533326833262542,-1.06613104834178
"64","4314",0.0271792762012921,-0.532810790755796,-0.0570539223782348,0.219012117669966,-0.461930543316133,-0.822330464980532,-0.160147165020125
"65","4315",1.17616986321067,-0.118205687285142,-0.206075362875269,1.01574654951723,0.769896139259704,0.345738445241405,0.647363908675246
"66","4316",-0.964887971576147,-0.717859374808266,-0.447302713364463,-0.492530054245208,-0.961841595872402,-0.629972798411866,-1.23870715595212
"67","4318",-0.275679171498921,-0.0648475523762034,-0.0452808203136728,-0.458465013553613,-0.873709622544628,0.109506199518446,-0.419991234182864
"68","4319",-0.232153480707747,0.928985272380174,1.03589843812957,0.120177497971044,-0.0324227372591959,-0.00605838448127946,0.0744946929782403
"69","4321",-0.282914100134872,-0.843170590334438,-1.10347498506607,-0.433983065986238,-0.588244025822079,-0.256526080354122,-0.464434616133332
"70","4322",-0.571015313651722,0.312214199143274,-0.128233483364102,-0.264948059276463,-0.133433912318991,0.986067972594236,0.39275009538841
"71","4324",0.580632360242487,0.118524820096996,0.392517849597281,0.819046906541876,0.86905682380868,1.619685742039,1.44256083750767
"72","4326",0.245794761682341,-0.472966698237008,-0.956907736185762,0.277464911045604,-0.412482074371716,-0.359041580220018,0.312389068479682
"73","4327",0.478277377585998,0.453654454011983,0.566134737043273,0.338598892085937,0.0959636422180839,0.322164941864595,0.483706188502066
"74","4328",0.265858759972875,-1.07745527109841,-0.675305035350227,-0.546000256656622,0.64636199555582,0.191231334555699,0.667612810657158
"75","4334",-0.483925674337004,-0.166629134162943,0.0733690727625707,-1.57876672699191,0.436789347605494,-0.314918809114463,-0.293666973595329
"76","4335",-0.597109536766109,0.765686550121637,0.523990386449299,-0.468662696337932,-0.224205247440284,-0.488442983097618,-0.647177554705822
"77","4339",0.130558343765066,-0.181491735413163,-0.0317989106963911,-0.211535958326169,-0.421527958367024,-0.0407027374424665,-0.136106102234292
"78","4341",0.404669667557109,0.84064698693636,-0.191440211944952,-0.0215667560099541,0.820063958563119,0.312982860128197,0.0733549333454761
"79","4342",-0.239680414127649,-0.380105015632445,-0.919832587542994,0.153651158999559,0.364262401715307,0.345515485686674,0.180637472349803
"80","4343",0.960155679060275,-0.401452297660639,-0.945587582014454,0.387877471293287,0.890261221201725,1.37459672903815,1.32873055384692
"81","4344",0.901622011922423,-0.297652886209331,-0.723314429690124,0.214952857804531,0.804625846245098,-0.221640817832032,-0.000600120975546975
"82","4347",0.408701975643507,0.0609794003447143,0.935237340147201,0.115859291670274,0.557862214565739,0.962073990193636,0.749509127460629
"83","4348",0.57871234254685,0.0455615094575257,0.367139665627093,0.819148281854359,0.289391020613046,-0.309513081822129,0.181859416873483
"84","4350",-0.758189103258661,0.44656223372994,0.101464695264828,-0.509401670602438,0.190853455008708,-0.907719964377795,-0.62601371850031
"85","4352",-0.210488535602014,0.565663140069354,0.0921840545269848,0.1097631008538,1.50411941885496,1.80356089543206,1.78631270699341
"86","4353",-0.812327582722356,0.85594186195163,1.08685889415685,-0.405180327051502,0.459128443862069,0.815800123308876,0.826122126639897
"87","4355",-1.00196379857002,0.164277307072584,-0.0690799465682441,-0.462971975430869,-0.554570770664421,-1.03253522365188,-0.709675357499783
"88","4356",-0.333848936118276,0.903450103836626,0.698152940526509,0.262375286947806,-0.272541734480501,-0.0355316429748415,0.121657145623823
"89","4357",0.0112042999528884,1.49735499481467,1.42808376765717,0.177967570346085,0.00785662076893288,-0.37080220125197,-0.313294668350057
"90","4359",0.0223317952266972,-0.409250863861074,-0.0937921838150786,-0.230585773729737,0.242164592994941,-0.315658134423674,0.275102400086218
"91","4360",-0.340862941757336,0.616109134344327,-0.00631886687764871,-0.900049895800508,-0.79412652998142,-1.55878728448971,-1.30436854946777
"92","4362",-0.592821130475899,-0.118261700697825,-0.421668837822581,-0.401818839832341,-0.579131947254778,0.0759575891423923,0.0985449483403178
"93","4363",0.612702870327712,1.68610032954591,1.7702137702705,0.855779790488828,0.667115368844555,0.192763036556031,0.325083097476198
"94","4364",-0.0849734814574709,-0.212108930838838,-0.489496859750157,-0.414746441347681,-0.368523083530975,-0.596841890620121,-0.930266684610553
"95","4367",1.13978715249982,-0.846714946229001,-0.306692826635965,1.01861075115411,0.0223462789117786,0.450453168527043,0.00716459410828908
"96","4371",0.82243731622141,-1.19772572035945,-1.22656141386397,0.860523746602945,0.661781659572288,0.647686301770287,0.0333061454457874
"97","4372",0.424142959130543,0.189105737282665,0.398869131690458,0.116873322415144,-0.45976035669435,-0.338089692458146,-0.790902619318792
"98","4373",-0.694582997668376,0.050626169026535,0.49819519713136,0.41925968076721,-0.274951378035942,0.340621184405228,0.613641962242476
"99","4374",-1.09869993479643,0.639264978414908,-0.303688142240824,-0.608754343454503,-0.708715000878478,-0.201849741983501,-0.636135479363325
"100","4376",1.21697468821941,0.86468199025711,0.469924192202027,1.03889848863904,0.502734000344555,0.644650397590131,0.650618935972184
"101","4379",0.532993037672493,0.0511402184777166,0.196478800353097,-0.145910275343118,-0.174998884458098,-0.0689062059992993,-0.0716037510259111
"102","4380",0.967662943571468,0.460030237393179,0.539957730216782,0.424808685999439,0.628405760096636,0.463053346852824,0.624921994740124
"103","4381",0.0835543693653284,0.854180768622317,-0.107595344309288,0.203360981123406,-1.19786023344224,-1.15956646644414,-1.17850320586416
"104","4382",-0.389295496978682,0.465502255746192,0.687493849465388,-0.178889670884858,-0.819351542845969,-0.84821396105187,-0.883684128732549
"105","4383",0.0630440812125152,-0.758942269193924,0.0810181328919444,0.652938409166027,0.383934833009639,0.890762696695098,0.96183263873048
"106","4384",1.16048197595164,-0.478029939108196,-0.391457812563154,1.01050129983845,1.36701260159594,1.14418294767984,1.38311404732163
"107","4390",0.333661095540599,-0.130368321923277,-0.542336658654011,0.121733180376223,-0.455375096896891,0.0341511757729344,-0.24858237316152
"108","4391",-0.742728683552796,0.441558289585111,-0.183993490635448,-0.702720429832389,-0.988135240991364,-1.27123283875584,-1.25485415534004
"109","4394",1.19217205281161,0.322883772598282,0.214022363575232,1.03174440846407,1.10259450413856,1.03618359085878,1.24096289063476
"110","4396",0.246281652637192,-0.505933234572873,-0.610240301122739,0.41769410045635,0.515114650551557,1.13969379831877,0.826541325859922
"111","4397",0.143068465787824,-0.414289850943408,-0.734882708727011,0.380577152875173,-0.284935568507674,-0.291544976965829,0.208231393459141
"112","4400",-0.300158458003048,-0.0934057151478272,-0.559379257874039,-0.300663931461994,-0.525019324416371,-0.264616812151549,-0.403312839910683
"113","4404",0.167659825260915,0.429281563563326,0.295074572795536,-0.327009016178206,0.711814553557133,-1.21605792833462,-0.247849922488981
"114","4406",0.0496966165212284,0.245390724443968,0.765717039894638,0.188164110832463,0.0451476876071574,-0.232371775466795,-0.261704839361251
"115","4407",0.432083994135948,0.249066718327682,-0.253760184072746,0.479664092359112,0.0117640799979328,0.0641291947387905,-0.300892067622649
"116","4408",-0.229415834295787,-0.951979463320224,-0.71853655076057,-0.526539888960202,-0.602962084915957,-1.09427690387173,-0.815168080387246
"117","4410",-0.315558265335899,-0.186767690311965,-0.0265588513079759,-0.185310688048364,-0.00882461672283735,0.383803238227496,0.276590506008243
"118","4411",-1.1460633352183,-1.24920743702003,-1.26358628660448,-0.759815593266014,-0.468540426756131,-0.302242445843481,-0.409763449131157
"119","4413",-0.0847736874618803,-0.338018124318484,-0.633421256584245,-0.569005368772134,-0.416557530583905,-1.33201673671896,-0.58539643185231
"120","4419",0.677936252164989,0.261638602413243,-0.733221925357633,0.79300593238209,0.92953625280533,0.330779827398817,0.8979747877183
"121","4421",-0.202542668293802,-0.924330870297378,-0.596762335520679,0.323043805835408,0.0423243532040047,0.00205508034519739,-0.234097475304593
"122","4423",0.23473722074172,-0.00366575093882948,-0.0892561776157982,0.681391993762344,0.157647085808488,1.25792293990327,1.04327822830355
"123","4426",0.0552008573923659,-1.02637769705284,-0.891652262643148,0.381593426234488,-0.0134310252432708,0.041279707455748,-0.0629734651436602
"124","4428",-0.699934865533081,0.869671076702553,0.860549256976349,-0.402498108849456,0.230863523454967,-0.260413550713778,0.0222889684289354
"125","4429",0.0263107856755307,-0.641829549014602,-0.205243366424189,0.193697335916326,-0.317457969725969,-0.31915367975106,-0.636629907547483
"126","4430",1.03879382891983,-0.280925236217887,-0.605950431706907,0.631212484050043,0.243855556129768,-0.160413282996685,-0.234509311353043
"127","4431",-0.867159817918713,-1.63630232025034,-1.46878898968116,-0.844443354250578,-0.892849727031421,0.074485425026942,-0.652867914035398
"128","4432",-0.977583187290342,-0.283325935154681,-0.318237400106852,-0.534680353374648,-0.970279066043442,-1.11063343880802,-1.20465960646918
"129","4433",0.456822603426848,-0.147617268561552,-0.844972796948089,0.723203962424927,0.729400180967652,0.509945721960588,0.911267969725168
"130","4435",-0.940348794212674,-0.485175918371615,-0.29986875693885,-0.809802081519093,-1.15633172313393,-0.246084983528078,-1.04551011914913
"131","4436",0.18500274890239,-0.38491885295787,-0.735870737463897,0.081063441075968,0.819011980302526,0.845945512810358,0.770551131541507
"132","4437",-0.273249746080151,-0.473016736218765,-0.236413895263883,-0.147207243260801,0.618229130346074,0.841065721156457,0.726759842667071
"133","4440",-0.461231247895628,-0.569268967402746,-1.01184046946748,-0.811692853580743,-0.699113193672881,-1.29026881317905,-1.23089552523379
"134","4447",0.251787437984972,0.703957990832475,0.0831161493597573,0.6765087655181,0.62938616563781,0.609390250633879,0.666590089239866
"135","4448",0.27909975096511,-0.509387889934752,-0.00783625057186261,0.14539023835271,0.262946438484784,0.53699834331771,0.101386179302145
"136","4449",0.963413943427851,0.0580545076285096,0.372752880772502,0.455306777057421,0.0953141313779502,0.26259294628345,-0.665471380817242
"137","4450",-0.197284311470482,0.17698212285608,0.125487069246718,-0.296074053752625,-0.489405008531196,-1.04559876046542,-0.555534252839928
"138","4451",1.18213947585712,-0.0858729680553306,-0.439855374259489,1.00405549339358,0.308168878363633,1.49457124740196,1.19048839057735
"139","4452",0.994164377430761,-0.9739216274959,-0.573713828756281,0.607901806293263,-1.39069749545267,-0.72043606968334,-1.28287188233256
"140","4453",-0.446571638905646,-1.14821227970632,-0.267664124112033,-0.894386695110085,-0.11931355625718,-0.113975320117659,-0.349502214700491
"141","4454",-0.433064431010603,-0.437736000514436,-0.439661236567503,-0.874718344955867,-0.276803193661758,-1.14135562228849,-0.390015614862308
"142","4455",-0.361036194315627,-1.0240375450362,-1.1931310834135,-0.871522082723979,-0.579499066273616,-1.51905056067316,-1.56438253266881
"143","4456",-0.145829192799736,-0.197469796898637,-0.0606024468867108,-0.168611811163442,-0.0824519213636781,-0.0954739556689253,0.0473201307145067
"144","4457",-0.128389077208774,0.259026571665165,0.27350060428127,-0.175696858317634,-0.180977870293235,-0.352259563040158,-0.619562501993811
"145","4458",0.605661758878317,0.419178458666708,0.167827377770835,-0.0659109597897004,0.985363385936105,0.539141333537684,0.860848800961845
"146","4459",0.849079396605039,-0.418553965483626,-0.960382558986083,0.0434232870862403,0.940054879102538,-0.500662925329074,-0.134206080012862
"147","4460",-0.201326377829526,-0.454533153318487,-0.355960255054317,0.284713419362532,0.240657652645138,0.775660382149801,0.880049749704379
"148","4461",0.641559056636856,0.55037305558359,0.961551986960983,-0.638859477888937,-0.323015525950612,-0.384352412161147,-0.106825384116699
"149","4465",0.0749062484771793,0.807900321831509,0.105408288554591,-0.0962054608806858,-0.500585265811426,-0.689815727611632,-0.387569319393235
"150","4467",1.24050976156106,1.7170759919448,1.77492486922034,1.09593808952923,-0.415911264221512,0.00441764629636401,-0.346752596211198
"151","4476",0.716019754607597,0.21504196326578,0.215998525007069,0.562065089019771,0.878639432995615,0.392158147410397,0.907240134363102
"152","4478",0.787625934965397,0.829094181167675,0.388033399971062,0.590731391967215,0.140427657072359,0.388719818633464,0.110314723238834
"153","4479",0.250594449136206,1.16605016374924,1.36256582455275,0.724307818078001,0.508495997656353,0.600452818267357,0.143317585684126
"154","4482",1.24050976156106,1.7170759919448,1.77492486922034,1.09593808952923,0.806708888577201,0.391364619248634,0.670418019318294
"155","4485",0.185903959972829,1.24888917148824,1.29311241449315,0.14663050313202,-0.367485933818334,-0.0048497587807392,0.0655942955862351
"156","4488",1.01729804100165,1.11168732463952,1.13145205289867,0.530278490447907,0.514425535033367,0.0856053209588907,0.218083733181816
"157","4490",0.785692132612202,0.399275085527741,-0.184246245073773,-0.213052426295534,-0.726606046764764,-0.595791261612223,-0.79184387387362
"158","4492",1.20604693732559,0.482882438096923,-0.07160193607893,1.01616300667779,0.268998558560974,0.366473126579836,-0.0331353420000226
"159","4494",0.645263916757176,0.727949170654355,1.25330438018088,0.31112977618699,0.315561447329937,-0.230173223445502,-0.00261304817654245
"160","4495",0.55350539875161,1.07948295993298,1.33176889777577,0.374185305156153,0.600270479097132,0.562505500132564,0.647285868976258
"161","4498",0.662769918843879,0.318501862801908,-0.165414944775523,0.305281851150283,-0.127876952138409,-0.254843632897835,0.0926498852585808
"162","4499",-0.225134660177087,-0.216434161943648,-0.0467966530843614,0.133367258692518,-0.873046659963071,-1.03118539293998,-1.05624389867191
"163","4500",-0.590421595447791,0.007983444068512,-0.0296211376734181,-0.261919518706799,0.074355472126772,0.147511896876725,0.215842124279736
"164","4501",-0.93709729593854,-0.399975346704072,-0.588135437042217,-0.344620330062797,-0.872967054441399,-0.327790192958058,-0.434899128109206
"165","4502",-0.556243152739188,0.589645599617695,0.223071730511295,-0.376167761490488,-0.0969631817075147,-0.300584215506081,-0.602010171473541
"166","4503",-0.00896379896747508,-0.0939780072328,-0.017827889750234,-0.0776461483735732,0.331418610381864,-0.261080010468035,-0.318061562454145
"167","4505",1.20685831209894,0.955854505965247,1.31139327916354,1.08005303180071,0.22358468811826,0.482506835375835,0.772818182223314
"168","4507",1.19280729780101,0.276039116785066,0.0397892386012878,1.02369204679506,1.50411941885496,1.80356089543206,1.78631270699341
"169","4509",0.250888297333564,-0.441522663185462,-0.633900894993977,0.43099781545106,-0.489859957438703,0.220195976808264,-0.18350992629634
"170","4513",0.106200857883317,-0.258848713096552,-0.272976819959414,0.637735042846879,-0.0830147330964804,0.511269085170342,0.709741897049989
"171","4514",0.469532715014067,1.17314224231989,1.28816106556626,0.795309694810703,0.144308553107828,-0.211255186742534,-0.112461225989957
"172","4515",-0.197299345308442,-0.193698525850028,-0.851711055508415,0.515660580906541,-0.651118250173394,0.424584972182748,0.162427287968104
"173","4517",-0.446298124517538,0.724275692244302,0.379862276810834,-0.429038791828068,-0.241578457437047,0.873649817388605,0.497607376132569
"174","4518",-0.291445952343605,-0.890296235869329,-1.15095641410921,-1.14442664635015,-0.73845743022594,-1.26801801597997,-1.18519922694766
"175","4524",0.0803547907130383,-0.903481829330965,-1.12249965597192,-0.074287588249378,-0.299397460214048,-0.135599435722568,-0.410138237126204
"176","4527",-1.29520114522642,-1.37451965013054,-1.3188343059837,-0.796252471035692,-0.837278038212742,-1.37633983958356,-1.28799573730387
"177","4531",0.950602528631748,0.104938833104906,-0.0837474300895399,0.366642973057657,0.768088212725145,0.369427199482579,0.869784999840022
"178","4533",0.0453463432872981,-1.43360448823842,-1.01068464426012,0.348916588459344,0.575233785131648,1.10454404177065,1.10382171652594
"179","4535",-0.13546783375233,-0.375236315001408,0.0925504832767446,0.580562062188367,-0.166456285074121,0.0358558836715971,0.16345847738276
"180","4536",-0.48418428432827,-1.62172610103285,-1.45627421129359,-0.500616260778353,-0.618391426455261,-1.01480630253078,-0.9003719878862
"181","4537",-0.322433513774342,-0.47254111495292,0.050327430066394,-0.183042726918078,-0.316720824396513,0.00372601574980483,-0.490995187460713
"182","4540",0.827891183574345,-1.57206439492417,-1.44490770061258,0.0979004036603208,0.790649790979596,-1.71849137312525,-0.120275188569372
"183","4543",1.19156116433025,0.575430818723023,1.01205111758044,1.06888355801758,1.41528723055843,1.39808483018329,1.53036801785346
"184","4545",1.02465805640536,-0.272603302275874,0.0794128574087326,0.654924312435586,0.140305323447836,0.508353905893542,0.210807558483628
"185","4546",-0.0358080473258747,-0.294869702529423,-0.617633765644888,-0.163194697134695,-0.340452890147137,0.163160641722182,-0.19091275546638
"186","4549",-0.141284787830249,-0.0322144164463476,0.346928600195398,-0.239368732526398,-0.338913476195319,-0.862861293998568,-0.776579686135367
"187","4550",0.376878992765716,0.399897453249246,-0.0488829386864087,0.469320133925393,-0.581976602070605,-0.327885877218291,-0.196163825672491
"188","4558",0.170385048349858,-0.376437071281211,-0.00518729999780621,0.0813854715730888,-0.178153348543446,-0.554804261454404,-0.661275815643065
"189","4559",0.605089205275355,-0.699399596590145,-1.05574943811031,-0.0200559360657582,0.706283919724983,0.113096149971131,0.116014392167027
"190","4562",-0.199151825093367,0.387800136685714,0.431780916624491,-0.310111545808227,-0.287147675310796,-0.228998952908359,-0.637225137420157
"191","4564",0.579638135262609,-0.525395386742393,0.221230541699012,0.133894789611086,0.0567359784117721,0.256333674464955,0.660659532073892
"192","4566",-0.0827191369005023,-0.650111235996023,-0.384358504512579,0.13300436083499,-0.431703008640097,-0.527945368378042,-0.212018512491784
"193","4568",0.169810410863025,-0.658134746619773,-1.02881265593775,0.00903531208522747,0.597277647545961,0.173524736683131,0.112358665138914
"194","45710",0.0858439401858312,1.0144406571976,1.31500165403491,-0.0777893395893853,-0.643160781054492,-0.518050518081673,-0.759966394119182
"195","45719",-1.27833670551001,-0.273227011046638,-0.293731612653883,-1.32746283038894,-1.30441475227404,-1.32307127329665,-1.40594352051167
"196","4574",-0.163573157273611,-0.0132253930895484,0.479105643111958,-0.0150595489911514,-0.505637513568423,-0.379537447294793,-0.620754912988391
"197","4578",-0.125228868639958,-0.411244005845615,-0.0654815916189421,0.57762903812844,0.406006959207077,-0.193176085533823,0.506307599828282
"198","4585",0.834299630645828,-0.577369392832666,-0.407032782561545,0.889227705674701,1.11979220954035,1.20603573697024,1.32678714828038
"199","4586",0.485682015012168,-0.779861547289091,-0.204273237310233,0.479785138891433,-0.0297597036397912,0.367028132635278,0.471935636493932
"200","4589",-0.282483202115879,0.585466527422059,0.48428109021569,-0.192779768642829,0.200510721333986,-0.254899817461856,0.538925671199365
"201","4592",0.79143574005653,1.15932485270243,0.622009939303913,0.578245969615191,0.0361909971364066,1.09705789484332,0.713100081558208
"202","4598",0.40494261601611,0.582135446582869,0.115641345176806,-0.0559381270570801,0.138088823675444,-1.15427812512282,-0.478221012007984
"203","4599",-0.0634125452346124,0.339303237126315,0.429176148746138,0.175444726065952,-0.25461220671868,-0.162286543216632,-0.288978602216431
"204","4602",-0.077323869147162,-0.827082900804754,-0.288736849309283,0.593084327615389,0.360826988767699,0.505784159464676,0.814854784678094
"205","4606",0.640038201948518,1.28694327422896,0.911344964827812,0.175803822868274,0.438205299781916,0.599658723994154,0.48022474516505
"206","4607",0.497416149962636,-0.248983651067318,0.538411355008222,0.524459912391344,0.364700550117649,0.579819580521516,0.438607680291344
"207","4608",0.943208685289843,-0.692823675127824,-1.04723182570248,0.370119013596156,0.060462607170184,-0.495709680750459,-0.280173600075569
"208","4609",0.131730430145021,1.67596970060165,1.73535132266424,-0.310166641339821,0.590917060886979,0.335288156924635,0.602087343391849
"209","4610",0.0648294595970273,-0.776659933108407,-0.140269129908522,0.643793798973178,-0.654708599533452,-0.116790693972673,-0.510023498063341
"210","4616",-0.318641969291553,-0.402472613603438,-0.938153058152394,-0.234045297722062,0.0214786688104881,-0.484482732397481,-0.854832574029077
"211","4617",-1.11511590365705,-0.401035926257757,-0.199023812313411,-0.504710775836989,-0.603647545958087,-0.54065864082029,-0.639004457188307
"212","4619",0.705454666604481,-0.5777386092057,-0.620911689438531,0.558810433281109,0.134048291407991,0.0265552448124678,0.513129400515505
"213","4626",0.212776105331243,-0.173133020617114,-0.0408666803698751,0.423297100066481,0.470572421049526,-0.154729267587139,0.211795703719347
"214","4627",0.0692780242078076,-0.808816581525906,-0.658810509462639,0.622370117936042,-0.207085963151295,0.194720796218173,0.584644563896282
"215","4656",-0.50938067304752,-0.889192579663188,-0.383682921149651,0.0536759396494701,-0.950536517152458,-0.652119539680094,-0.187795939261626
"216","4668",-0.30265308129598,0.496994800768215,0.347090610194074,-0.316661043197676,-0.289545150004663,-0.190878989280555,-0.535321949289134
"217","4686",1.12235660471987,-1.56288408306465,-1.40403287745911,0.9734170192005,0.820954016774587,0.940363232210548,1.10906598970307
"218","4693",0.112323546715097,-0.474259576628099,-0.362813973219397,-0.0652026137313355,0.534287276533474,-0.38788800454908,-0.290086666604727
"219","4697",-0.667246782797874,-0.248847037384349,-0.394058330613045,-0.920760776246234,-0.540153569258321,-0.823582213844307,-0.30146863445324
"220","4702",-1.30605410233883,0.341525155657978,0.593272871445781,-1.00812248381256,-0.85698609403634,-1.41406996894769,-1.74194170303284
"221","4704",0.150643678727104,1.21653473712433,1.19449842267208,-0.23717899062069,0.90007606522011,0.933827201515142,1.1305348572918
"222","4710",1.24050976156106,1.7170759919448,1.77492486922034,1.09593808952923,0.810386278449563,1.36610910364008,1.29728252427848
"223","4712",-0.160688913712497,-1.27701377456566,-0.569131650371752,0.565762475158195,0.59261641348504,1.3116529305584,1.19999135624064
"224","4716",0.241055338392313,0.553925224464393,0.715632298114865,0.706640555836485,0.122102922702262,0.177646071181825,0.322810055348072
"225","4717",0.550009823303086,-1.58421037013702,-1.40582934830566,0.766599401824873,0.195453951442132,0.31536520292765,0.607880008986193
"226","4720",0.669699985352724,0.14781788310846,-0.394693605936335,0.810149609548027,1.27310517012766,0.541906407514077,1.07771715218471
"227","4722",0.927101772599264,0.958756085522562,1.32887163986887,0.304157246541393,0.993293695812775,1.17312607075183,0.917309007379224
"228","4723",0.573317614541781,-0.243150773111648,0.0755051145174105,0.810743046072901,0.974534625013306,0.503311075488372,0.975765611605176
"229","4725",0.754570183432632,-0.699152262080606,-1.0377824884902,0.558617253901028,1.11739059038916,1.15196143911292,1.30009091251582
"230","4727",0.042823356362738,0.718357219159449,0.943923640145082,0.410705964389692,0.90462447154908,1.15284148444816,1.22937531679755
"231","4730",1.0442965667756,0.0889601864636558,-0.01730024946863,0.648342873073332,0.213968488232241,-0.372640116290248,0.155315970559326
"232","4737",-0.567863700350927,-0.0349199440700956,0.100597323480592,-0.462227063935936,-0.484834993703757,-0.85672680514581,-1.28413504717677
"233","4739",-1.06537194880578,-0.0427485952511952,0.342291003439463,-0.304570058585218,-1.06819042091534,-0.614363312731656,-0.922467787742018
"234","4740",-0.43742242132823,1.18791184118655,0.814103753820055,0.481594280067756,-0.806580662614754,-0.782450051009095,-0.822985453121273
"235","4743",-0.751996216941214,0.340180102142499,0.914296068659788,-0.781836681286692,-0.631484870198999,0.227078544725529,-0.334713632337746
"236","4746",-0.208047165421611,0.304489228060344,0.441165729017206,-0.354885349288249,1.50411941885496,1.80356089543206,1.78631270699341
"237","4748",0.650617392796543,1.69158398580094,1.76124280380068,0.58782712603561,-0.798794501108459,-0.180982708596976,-0.29409883988994
"238","4750",-0.442860863825399,0.216545276411182,0.32994428970241,-1.76869187290992,-0.25460662196536,-2.35335993658425,-1.42523157740551
"239","4752",-0.940483025138865,0.616227360745392,0.707255510684617,0.0378576700007445,-0.235399412371916,0.254490259591776,0.214966474322953
"240","4753",0.326565798998544,1.67204207508635,1.76845756895361,0.755887658992521,-0.136349113103459,0.510834912959732,-0.119306854351742
"241","4754",-1.14767545531084,-0.399180675347283,0.113159405621414,-1.45809025200155,-0.690738340773848,-0.882951014428781,-0.842908119760313
"242","4755",-0.803262372644008,-0.000735327827860921,0.525858845971842,-1.08378971944709,-0.0543164819772904,-0.236506646885612,-0.348596772281371
"243","4755B",-0.580397844601389,0.550259236577341,-0.0633081218604486,-0.104818975761874,-1.36726970559202,0.118885689912227,-0.590882792906915
"244","4756",-1.42111929171608,0.457576056762464,0.291949405164217,-1.1498897637007,-0.222421090710506,0.347902134328517,-0.0529772663589842
"245","4756B",0.102194800164367,-0.16604080240966,-0.0237999236761224,0.0518674976555243,0.134099059417289,-0.0750499095950672,0.0450883900363043
"246","4758",0.255063800474476,0.157039703948991,-0.60493976697431,0.0593667411920893,0.415221447844565,0.435769897748999,0.412253881153815
"247","4760",0.295906556937493,1.46818183846797,1.34235240763,0.248948489161989,-0.496840306496677,-0.636813541967625,-0.552395759778369
"248","4761",0.709636450356656,-0.079799998481115,-0.0417926665033208,0.55661890491211,0.803479362219222,0.662955732035225,0.990273545165783
"249","4762",-0.0209633119952415,0.281454994562283,0.323940136316638,-0.120390201123092,-0.819214516831626,-0.516262671245875,-0.491725127432715
"250","4763",-0.839663403146167,-0.582353503719597,-0.777315753800153,-0.31513651272514,-0.704895511973217,-0.236669074282094,-0.231653722863387
"251","4764",-0.165124046962185,1.65790834281991,1.74190311305344,-0.150839357905191,-0.162832152012795,0.714665777591585,0.757754386774599
"252","4765",1.24050976156106,1.7170759919448,1.77492486922034,1.09593808952923,1.04195043418382,0.536062888753107,1.00773810515781
"253","4767",-1.00780413139854,-0.463704517643168,-0.979648926775409,-1.30184780950154,-0.43306613858369,-0.653758672460243,-0.712516892059406
"254","4768",0.3209888445229,0.1601902185312,0.126127807176034,0.259528122732398,-0.0154601513645033,0.0216979201842516,0.242569672233395
"255","4770",0.327339209466996,-0.573025766272013,-0.160084089285366,0.426887090480895,-0.716421061070469,-0.270309355024306,0.212835280147111
"256","4771",-1.27021609077402,0.667781401398651,1.47316784444013,0.0686991657614564,-0.654113014753491,-0.241001241205824,-0.666247310755857
"257","4773",0.592243571532014,0.849676611974981,1.32299896795463,0.849502375474351,0.720350876345085,0.981457528605074,1.09591212668727
"258","4775",0.184597436302447,-0.706428397816548,-0.681861912294672,0.655806383026731,0.412023778917434,1.0775263009802,0.66013051189677
"259","4777",0.952185662744094,-0.993425817581884,-0.48126530647492,0.495044570194041,0.371911254761134,-0.730840102624924,-0.27153189087324
"260","4778",0.888922649876114,1.55202166772256,1.48921959563546,0.946762338682424,1.23464408182292,1.7196943085475,1.63300681412985
"261","4779",0.209401629167709,-0.403743905881356,-0.0662702354402823,0.440739909875556,-0.143362235763651,0.0118870409857994,0.0680110842785692
"262","4780",-0.343994447635051,-1.02897287155453,-0.907174813853581,-0.466070180742446,-0.224134553554694,-0.0306509944316992,-0.107478050688405
"263","4781",-0.0639906491504871,-1.07225483605283,-1.21215464357628,-0.63580662863385,-0.211661732166764,-0.979387223009201,-0.66849882154256
"264","4782",0.00320734318615698,-0.217942224095154,0.242297119337342,-0.334616219405452,-0.588057877175598,-0.408613156967051,-0.698037392841793
"265","4783",-0.00771130933165642,0.319990075396408,-0.407558120831032,-0.764201035797262,-0.456895920573202,-0.852920304093909,-0.794473422454387
"266","4784",-0.676152057392302,-0.377615125106394,-0.73510063220542,-0.53416372660739,-1.28249397350813,-1.10416856668193,-1.34301371841843
"267","4785",0.226006955493016,-0.707105479992318,-1.02415209209733,0.65342764870945,0.0215143612700292,0.552851684317166,0.463393752621952
"268","4786",-0.650238094094117,0.0815698005991694,0.431202738248096,-0.0910724002801998,-0.274234639198196,-0.123924935058042,0.102516396772942
"269","4787",-1.15023342272767,-0.446503970188793,-0.603110340867685,-0.754584937246442,-0.682518175214568,-1.16843377483467,-0.856090140256816
"270","4789",0.328723170834198,0.347003546175021,0.340651604935463,0.723611390998975,-0.080308093212229,-0.083488360626792,0.530412981595111
"271","4795",-0.617799862120456,-0.182319362799115,-0.687437705628677,-0.824103051820795,-0.500956540478095,-0.547174117584937,-0.2209984340296
"272","4799",-1.30498853818278,-0.0151493599758111,0.480516627139231,-1.16977233927062,-0.349633141902095,-0.226066482803323,-0.321314200557756
"273","4801",-0.271829273049215,-0.469708290017687,-0.738393762490825,0.504647987365314,0.276207145247043,0.596491626550031,0.591849955799528
"274","4802",-0.973579147362662,-1.64063797008923,-1.46190412851923,-0.745129035870927,-0.496597272476004,-0.808668384311691,-1.07325731989063
"275","4803",-1.32543619096704,-0.54420617364879,-0.098389966603885,-1.06098273828053,-0.848280221801191,-1.24745762020065,-1.18501848229559
"276","4805",-1.60710347077546,-0.737335248582099,-1.05324564901584,-1.05671274302512,-0.993896883409338,-0.364189609584335,-0.838089674976246
"277","4806",-0.852983324228354,-0.93599753698253,-0.614838393790361,-0.556516453258148,-0.410609097677761,-0.33406687982709,-0.689850440757579
"278","4807",0.107104749972501,0.717863473838228,0.913038828418097,0.0190186115184607,-0.548459026808931,0.196398221172371,-0.326237762483311
"279","4813",0.187678716857254,0.0531515621067413,0.227564988087131,-0.361981417499104,-0.115882808120446,-0.462999122554594,-0.240848836715528
"280","4815",1.22250647661329,1.04086395630213,0.70062001745173,1.04868311046275,1.50411941885496,1.80356089543206,1.78631270699341
"281","4816",-0.844158626331797,1.40468285306336,1.2912203525477,-0.424075989294885,1.33572664231993,0.962069097431651,1.28428866544579
"282","4817",1.12235660471987,-1.56288408306465,-1.40403287745911,0.9734170192005,1.50411941885496,1.80356089543206,1.78631270699341
"283","4819",0.597306049284117,0.819494890567698,0.662117658281692,0.548502179174267,0.0400815220107196,0.287209267536669,0.567416748065912
"284","4821",0.12334946132939,0.541048907749875,1.0403153545934,0.421499327249452,1.00562013581989,1.19488917850772,0.967501756890761
"285","4822",0.304110979870905,0.00963014375456408,-0.0824411835534641,0.704263540489924,0.711994640919498,0.743438646942916,0.484474279350982
"286","4824",0.193024850041345,0.213434105459571,0.0500930989294387,-0.37586141005812,0.365556333847673,-0.351152737761413,-0.228280880720462
"287","4825",-0.059766489888517,-0.166478290454811,-0.845148102982687,0.557413639547743,-0.340683551984986,-0.321695549186113,-0.765416546735364
"288","4826",0.574549657455922,-0.477182026791374,-0.645999343361876,0.78189577797831,0.809913591004074,1.35965863109825,1.29395542375344
"289","4828",-0.910436742195679,-0.514096309457458,-0.43597870128003,-0.706689130694861,-0.575278879950927,-1.06786123651767,-1.11948617472453
"290","4829",0.0603025539421057,-1.60140956261096,-1.43649927864673,0.0301434940697514,-0.8494623561547,-0.775197506227948,-1.01503908863439
"291","4830",-1.60291796593078,-0.526978860421038,0.410684930360213,-1.76495135069257,-0.944841254419295,0.34782426980704,-0.347682159958847
"292","4831",0.660783776928579,-1.40968919094629,-1.01746212577239,0.308669981609975,0.121665310201155,0.17214100966394,0.474253948569888
"293","4832",-0.378305902116827,1.64227796393951,1.75342124163255,0.173838547733866,1.07782007808426,0.872834546985022,0.437346582755409
"294","4833",-0.829021296066531,0.185476801396926,-0.136294581473008,-0.288902361171563,-0.34197078057458,-0.776979194849168,-0.420843016996392
"295","4836",0.277057631807895,-0.324403237284129,-0.139596263222914,0.105344387000244,0.970139587814471,-0.41401657044176,-0.0135614506467537
"296","4838",-1.03940031102171,-0.243061362333055,-0.202948426064238,-0.853740326675851,-0.957014534039834,-1.54615198761442,-1.47496384661833
"297","4839",-1.12220866685264,0.532298370218902,0.124073492968259,-1.39318434115138,-0.984923249822099,-0.758568180116938,-0.950177195152587
"298","4845",0.00906041557423675,0.692140724110419,0.30807115149782,-0.151544945574032,-0.237512587471716,0.202466198027355,-0.172810711625651
"299","4846",0.845923096802363,-0.463722470542932,-0.97581930386955,0.0381859132873513,0.467956706503061,-0.56803365104968,0.136523820942939
"300","4848",0.985866539840282,1.05549783428782,0.982269266651115,0.433122421522754,1.03371830574151,-0.147400398297267,0.237075215792893
"301","4850",-1.18776324315446,-0.189528934923047,-0.320927727017272,-0.998637189356006,-0.893980668856426,-1.30413215944082,-1.25853064352633
"302","4855",-0.329994424016699,-1.23223634973467,-0.491919747503676,-0.519501716518637,-1.33060043925329,-1.2285874145201,-1.26245653019196
"303","4860",-0.105046964947573,0.028344889719288,0.107943856791656,-0.0150611664632744,-0.17469738977201,-0.879128356368374,-0.691604271506208
"304","4861",-0.63402260256163,0.175959522919941,-0.0640465567024077,0.0301486476531183,-0.829791841560246,-0.209465726834514,-0.344024319587985
"305","4862",0.512531491721466,-1.32176748590712,-1.32214214566788,-0.174386967939304,0.533077993839302,-0.369381186660118,0.106407378009406
"306","4863",0.0320557888394014,-1.60248233000879,-1.43834039650911,-0.0132505703424956,0.228982112090348,-0.934438643444777,-0.732744018141219
"307","4868",-0.0310041733688572,-0.947574166469251,-1.11083951043869,0.573970283413768,0.704496538263952,1.07459236977608,1.1308252514368
"308","4869",0.414987701353333,-0.5353628188148,-0.229903386473015,0.121700823405221,1.09899272614975,0.760150877263469,1.11721369562295
"309","4870",-0.319076912541676,0.373266150612472,0.818371937686237,-0.385575382494003,-0.553854358310173,-1.44824832715118,-1.34614706243246
"310","4871",-0.0512394678169633,1.29824284534743,1.62756905804366,0.0732357115847016,0.0169210061161333,-0.718852982627804,-0.363162121549229
"311","4874",-0.308559229063034,-0.10595324275097,0.120067980474725,-0.238272749098931,-0.644295228603694,-0.573615469146912,-0.264228677550501
"312","4878",0.491424053210429,0.024996577485959,-0.389407839597183,0.752165414702503,0.818072955333097,0.835549684473416,1.064197652703
"313","4879",1.22931328460052,0.998906959203462,0.202862745985366,1.0244966604175,0.370978688300432,0.571678485452736,0.463358344998457
"314","4880",0.696660166548449,-1.33989859133792,-0.87798764148774,-0.333656267946893,0.129827829790893,-0.169978096000883,0.548747915171322
"315","4884",-0.718143015829963,0.670236471505605,0.984004076309913,0.418147091171496,0.169933191992112,1.0164597192237,0.95114090840965
"316","4885",0.650476891994386,0.33926651577425,0.75941331844223,0.341882562031187,0.642941327877741,0.362324704679974,0.835164989250415
"317","4886",0.413097903893606,-0.578004932633749,-0.424701315127468,0.306072215661264,-0.308670093334714,0.36993794486828,0.230323486953892
"318","4887",-0.398579362829338,0.152261172569497,0.636948193728038,-0.717640266315199,-0.14750016144421,0.0148533050384718,-0.520920868464706
"319","4888",0.782506436162497,0.818080819163301,0.902629589706762,-0.182144569367789,0.862664770144074,-0.0311416998593088,0.327226484997308
"320","4896",-0.906030797478357,0.216388271908604,-0.0515704622247355,-0.150611374978445,0.318680815623882,0.357470300310286,0.753737637374546
"321","4897",-0.429610465526292,-1.2771860078542,-1.26967662743892,-0.139976787759726,-0.211812990316387,0.0539590972138961,-0.481642738220887
"322","4898",0.781661079879527,0.637001064569114,0.275445148746452,-0.21797931941717,0.912957064577583,0.00651481652267336,-0.22220440616351
"323","4900",0.0145263165523343,0.596329828798975,0.525988424329618,-0.249521390393411,0.273625352533265,-0.142293453956179,0.0466892091659607
"324","4901",-0.628078429262757,-0.289433739971954,-0.306234829511257,-0.733693778123248,0.242725133784909,-0.437753098113404,0.029130135777953
"325","4902",-0.0749138995093863,0.533445009501365,0.142720255177204,-0.331296908134909,-0.512761510442831,-0.463519445219038,-0.580206108276902
"326","4903",-0.131065268526411,-0.350423197388799,-0.311540612721639,-0.143947329687769,-0.737461763246288,0.207911547010737,-0.0590658373443163
"327","4904",0.453563862384,-0.710567967041713,-0.699591653711321,0.278454454311106,0.933986090437353,0.628018614791336,0.471731199282293
"328","4906",0.747643467487326,1.37981446102444,1.12854942548031,0.596792200275163,0.92581393276016,0.39083178607657,0.611037984998868
"329","4907",-0.0707895150299296,0.797943424383579,-0.307891604587023,-0.863958575268261,-0.580081819209547,-0.396024369844842,-0.723134042864368
"330","4908",0.111548312015411,-1.00494497693172,-0.897412021316413,0.00658650272313651,0.337815986347145,0.231081892831772,0.0417037211502092
"331","4909",-0.114310375386767,-0.0347592774221469,0.0310197608166253,-0.358241317776612,-0.169085423067395,-0.168415607477367,-0.541504380710034
"332","4910",-0.952651497295349,-0.849844025579456,-1.0840464606152,-0.321311043680024,-0.152069767010318,0.169098301579789,-0.101186290187568
"333","4911",-0.0124030746094325,-1.29490708744997,-1.28973948960042,-0.114571722882363,0.474362898130522,0.518370962630065,0.731432961990452
"334","4912",0.410548169792512,0.166204506316361,0.427763418292368,0.162502096194099,0.45680130896528,-0.576064047845839,-0.495556851505202
"335","4913",-0.0990267805057774,-0.124233683297428,-0.144656544222216,-0.243404583702428,-0.61620123737954,-0.53911784554655,-0.558412943025062
"336","4914",-0.329479039049147,0.480139157530152,0.559735219838729,0.130772528400669,-0.0326513706920627,0.78391643791548,0.813191688865683
"337","4917",0.135566292169007,-0.431417994149329,-0.642321434144543,0.200859102803298,-0.386833087291214,0.109368164618184,-0.348682772776332
"338","4919",-0.669095576142835,0.667630657058588,0.493352321686836,-0.956155672108512,0.267959882629473,-0.349060363081558,-0.0292513722228624
"339","4920",-0.0654704928171443,0.128548724908167,0.0685171621626495,-0.347961283702944,0.902685967333794,0.150675769019454,0.504822004179545
"340","4920",1.01597272157827,1.25936303354952,0.826253771102458,0.475840215662025,0.902685967333794,0.150675769019454,0.504822004179545
"341","4921",-0.2786490355446,0.308589469102635,0.53210092077362,-0.140443176676014,-0.480636504908424,0.247824563164407,0.053946089703552
"342","4922",0.257946144805969,0.618698080450814,0.343194328607505,0.306034401872797,-0.181454030482632,0.116102125301735,0.101585209366255
"343","4926",-1.01545222224169,0.0185980765025225,0.0435425152141233,-0.742262125251048,-1.24055670708313,-1.29613432450353,-1.07499050299127
"344","4927",-1.33381491188836,-0.199705147976273,-0.133616711489525,-0.781567835758696,-0.564146420217933,-0.216598355881107,-0.518801209411815
"345","4928",-0.048300289780841,0.419118181785966,0.130033600555464,-0.274003386657877,0.244691441575679,0.311819962429152,0.355956287262674
"346","4929",0.353443384243374,-0.2126726784233,0.199792783649508,-0.537798237098313,0.137654853186209,-0.855989090215586,-0.729488554748061
"347","4930",1.00154208744841,1.04770348538887,1.5465244319168,0.533795867594099,-0.0947452232379081,-0.296126850136017,-0.552254966284023
"348","4931",0.773681123192097,0.461380507031061,0.125920126216008,0.569103349007555,0.101924830386479,-0.837911487980956,0.0471040800553716
"349","4932",0.550246913787571,-0.143513082972936,-0.283745819767251,0.387056003487566,0.772667055690049,1.03737750294043,1.13586182583059
"350","4933",-0.459621963865812,-0.00749729368781089,0.272299607032514,-0.189180516122003,-1.01054718275897,-0.105306863201815,-0.672051207414784
"351","4934",0.525532652838569,0.290371161782064,0.522319511301182,0.801378914731465,0.52750825608903,0.0335063764472059,0.208848030742085
"352","4935",0.637280307842122,-0.967353072392356,-0.529668396553516,0.359342903599835,0.320406195100377,0.636916433326935,0.611819795595848
"353","4936",-0.0654704928171443,0.128548724908167,0.0685171621626495,-0.347961283702944,-0.427702829393297,-0.123385365887931,-0.17908069638625
"354","4937",0.0395262079838268,-0.39473862918706,-0.505759916971093,-0.175247779576598,-0.410753570127804,-0.960986708179762,-1.19258784164939
"355","4941",0.238242430169678,0.495024647403591,0.834158017452017,0.712890354813791,0.120893865857827,-0.756331658560033,0.225048838510711
"356","4942",-0.304757388874316,-0.783380772089207,-0.588838227954667,-0.332293406588082,-0.31887544810935,-0.3729299331973,-0.646569346395757
"357","4943",-0.445275046014071,0.372296636139759,0.540471359538974,-0.305761364803876,0.0387055305996453,-0.18160582409764,-0.11375385461449
"358","4946",0.384452279176956,-0.163861000373384,-0.58516475103714,-0.00155447621887431,-0.367080457920552,0.716331049129143,0.441470193706723
"359","4947",0.0374698086138043,0.991160081111748,0.934473850626753,0.263060687880538,0.297718040286238,0.860690404115734,0.701283022287862
"360","4948",0.50292639859705,0.764317939097873,0.0992615721297199,0.35816949810195,-0.0686030945471795,0.0170322407363531,-0.0755113095395946
"361","4950",-0.508744671886489,0.0884670228978048,-0.0767101342871424,0.0600283132406968,-0.537296749199241,0.0254292427357847,-0.0161287672316809
"362","4952",0.223085629965328,-0.836143601101669,-1.07150554936905,0.653613239723823,0.115484156026769,0.661049379020081,0.807313974580569
"363","4954",0.523629871468947,0.571538661140025,0.705121745870726,0.535207264090299,0.180586582719493,0.155258023602358,0.258510223948847
"364","4956",-0.267448668634273,-0.455687457950088,-0.273142021995391,-0.0601739648224606,-0.786454988227156,-0.450810097861758,-0.666641123078738
"365","4957",-0.518353972022059,0.258861689081188,-0.00136717379725247,-0.0962752239340475,-0.0816899044734978,-0.0204325532597601,0.00140974359341581
