"","X","ID","Gender","Q01","Q02","Q03","Q04","Q05","Q06","Q07","Q08","Q09","Q10","Q11","Q12","Q13","Q14","Q15","Q16","Q17","Q18","Q19","score"
"1",1,"4217","Male",3,2,3,4,3,4,5,1,3,4,1,5,2,1,1,1,2,3,5,54
"2",2,"4216","Male",1,2,3,2,3,2,3,2,3,2,4,2,3,1,1,1,1,1,1,40
"3",3,"4232","Male",4,5,4,4,5,4,3,3,3,3,3,3,3,3,4,4,4,4,4,73
"4",4,"4233","Male",5,5,5,5,5,5,5,5,4,5,4,5,4,4,3,3,3,4,4,87
"5",5,"4235","Male",5,5,5,5,3,3,2,4,4,5,4,5,4,4,5,5,5,4,4,86
"6",6,"4230","Female",1,1,1,1,1,1,1,5,5,5,5,5,5,5,5,5,5,5,5,73
"7",7,"4420","Male",4,5,4,5,4,3,3,3,3,3,4,3,4,4,5,4,5,5,5,83
"8",8,"4421","Male",5,5,4,5,5,2,1,3,1,1,3,1,1,1,5,3,4,5,2,65
"9",9,"4234","Female",5,3,1,4,2,5,3,1,4,2,5,3,5,3,1,3,2,5,3,69
"10",10,"4219","Male",5,5,5,5,5,5,5,5,5,5,5,5,5,5,5,5,5,5,5,105
"11",11,"4229","Female",5,5,5,5,5,5,5,5,5,5,5,5,5,5,5,5,5,5,5,106
"12",12,"4236","Male",5,4,5,5,4,5,5,5,5,4,5,1,5,1,5,3,5,5,5,94
"13",13,"4227","Female",NA,NA,NA,NA,NA,NA,NA,NA,NA,NA,NA,NA,NA,NA,NA,NA,NA,NA,NA,13
"14",14,"4228","Female",5,5,5,5,5,1,1,1,1,1,3,1,5,1,3,4,5,5,5,76
"15",15,"4224","Female",5,5,3,5,5,4,4,3,3,3,5,1,4,1,4,5,5,5,5,90
"16",16,"4226","Female",5,5,5,5,NA,1,1,5,1,1,1,1,1,1,5,4,5,5,5,73
"17",17,"4225","Female",5,2,5,5,NA,5,5,1,1,1,4,1,5,2,5,4,5,5,5,83
"18",18,"4254","Female",4,5,3,5,4,3,3,1,2,1,4,3,3,4,3,4,5,5,4,84
"19",19,"4267","Female",3,5,2,4,5,5,5,1,5,5,3,5,5,1,5,3,5,5,5,96
"20",20,"4255","Female",5,5,5,5,3,1,1,1,1,1,3,1,3,1,3,5,5,5,5,79
"21",21,"4261","Female",5,4,5,5,4,3,3,3,3,3,4,2,1,3,5,4,5,4,4,91
"22",22,"4246","Male",3,3,5,4,4,1,1,1,1,1,3,3,3,3,3,3,5,4,5,78
"23",23,"4251","Female",3,4,5,4,5,1,4,2,3,4,3,3,5,4,4,2,3,4,4,90
"24",24,"4241","Male",5,5,5,5,5,1,1,1,1,1,3,1,3,3,4,4,5,5,5,87
"25",25,"4247","Male",4,5,4,4,5,1,1,1,1,1,3,3,1,1,5,4,5,5,5,84
"26",26,"4256","Female",5,5,5,5,5,3,5,3,5,5,5,5,5,5,3,5,5,5,5,115
"27",27,"4253","Female",5,4,4,5,5,2,2,3,3,3,5,5,4,4,4,2,5,5,4,101
"28",28,"4263","Female",4,4,4,5,4,5,5,4,3,1,5,3,5,2,5,3,5,5,5,105
"29",29,"4244","Male",3,4,3,5,4,1,1,4,3,2,5,5,5,4,3,3,5,4,4,97
"30",30,"4252","Female",5,4,3,5,5,2,5,3,3,3,3,3,3,3,4,4,4,4,4,100
"31",31,"4257","Female",5,4,5,5,4,5,5,5,3,3,5,3,3,2,4,4,5,5,5,111
"32",32,"4264F","Female",3,3,3,5,2,1,1,1,1,1,3,1,3,1,5,4,5,5,5,85
"33",33,"4259","Female",5,5,5,5,5,4,4,3,3,4,4,4,5,2,5,4,5,5,5,115
"34",34,"4242","Male",2,2,5,5,4,3,1,1,3,3,5,4,5,5,3,3,4,3,4,99
"35",35,"4265","Female",3,2,3,2,3,3,4,5,3,3,3,4,2,4,3,2,4,3,4,95
"36",36,"4282A","Male",2,5,5,5,5,4,5,5,5,5,5,5,1,5,5,5,5,5,5,123
"37",37,"4276","Male",5,5,5,5,4,2,1,1,1,1,2,1,1,1,5,4,5,4,5,95
"38",38,"4272","Female",5,5,3,5,5,1,1,1,1,1,3,1,3,1,3,1,5,5,3,91
"39",39,"4284","Female",3,4,2,3,4,2,1,3,2,2,4,2,2,2,3,4,4,2,2,90
"40",40,"4292F","Female",3,5,5,5,5,3,3,2,1,1,4,1,5,5,5,4,5,4,4,110
"41",41,"4280","Male",4,5,5,5,5,4,4,5,5,5,5,5,5,5,3,5,5,5,5,131
"42",42,"4294F","Female",5,4,5,5,5,2,2,2,1,1,2,1,3,1,5,4,5,4,5,104
"43",43,"4287","Female",5,5,5,5,5,3,3,2,1,1,2,2,2,1,2,2,5,5,5,104
"44",44,"4275","Male",4,5,5,5,4,2,1,1,3,3,5,2,5,4,5,5,5,5,4,117
"45",45,"4273","Male",4,5,5,4,5,4,3,4,1,1,3,1,4,4,5,5,5,5,5,118
"46",46,"4289","Female",4,5,4,3,5,5,5,3,5,3,4,5,4,4,3,3,4,3,4,122
"47",47,"4291F","Female",4,5,5,5,5,5,4,2,2,2,5,1,5,4,4,3,5,5,4,122
"48",48,"4277","Male",3,NA,3,5,5,2,2,1,1,2,3,3,1,1,4,4,4,4,4,100
"49",49,"4286","Female",3,3,3,5,5,1,1,1,1,1,1,1,1,1,3,3,3,3,3,92
"50",50,"4285","Female",5,5,5,5,5,3,3,3,3,3,3,3,3,3,4,4,5,4,5,124
"51",51,"4270","Male",5,5,3,5,4,5,4,3,5,5,5,5,5,3,4,3,5,4,5,134
"52",52,"4293F","Female",3,5,5,5,5,5,3,1,1,2,3,3,5,5,5,3,3,5,5,124
"53",53,"4243","Female",3,5,3,5,5,3,1,1,3,1,5,1,5,3,3,3,3,5,5,116
"54",54,"4271","Male",5,5,5,5,3,2,2,5,1,1,4,1,3,4,4,4,5,5,5,123
"55",55,"4264","Male",4,5,5,5,5,2,2,2,2,2,3,1,4,4,3,2,4,4,5,119
"56",56,"4268","Female",3,3,5,3,3,1,5,1,1,1,5,3,3,5,3,1,3,5,5,115
"57",57,"4258","Male",5,3,5,5,5,5,5,5,5,5,5,5,5,5,5,3,3,4,5,145
"58",58,"4249","Female",5,5,4,5,5,3,3,4,3,3,5,1,3,3,5,4,4,5,5,133
"59",59,"4240","Male",3,1,1,3,1,5,3,3,3,3,5,1,5,5,3,3,3,1,3,114
"60",60,"4260","Male",5,5,4,4,4,2,2,2,1,1,3,1,4,3,4,3,5,5,5,123
"61",61,"4269","Female",4,4,3,5,4,4,4,3,3,3,5,5,5,5,4,3,4,4,5,138
"62",62,"4248","Female",5,5,4,5,5,4,2,3,1,1,3,2,3,2,5,4,5,5,4,130
"63",63,"4290","Male",3,4,4,5,4,2,1,1,2,2,3,3,3,3,4,5,5,5,5,127
"64",64,"4283","Male",3,2,2,5,3,2,3,1,1,2,3,4,1,1,2,3,4,5,4,115
"65",65,"4288","Male",4,4,5,5,4,2,1,1,2,1,5,3,3,2,4,5,4,5,5,130
"66",66,"4321","Female",3,3,5,5,3,1,1,1,1,1,3,1,3,1,3,3,5,5,3,117
"67",67,"4300","Female",3,5,5,5,4,1,1,3,3,2,1,1,2,2,4,3,5,5,5,127
"68",68,"4304","Male",5,5,4,4,5,4,2,4,3,4,5,5,4,3,5,3,4,3,3,143
"69",69,"4303","Female",5,3,5,3,3,3,2,2,3,3,5,4,5,5,3,3,5,4,5,140
"70",70,"4312","Male",3,3,3,4,4,4,4,2,5,3,2,3,3,2,2,1,4,3,3,128
"71",71,"4322","Female",4,3,5,4,5,4,2,1,1,2,5,4,4,3,3,4,3,4,3,135
"72",72,"4313","Female",3,2,4,5,2,1,2,2,2,2,3,1,2,3,4,3,3,4,2,122
"73",73,"4315","Male",5,5,5,5,5,3,5,1,1,1,5,1,2,3,5,5,5,5,5,145
"74",74,"4319","Female",4,5,5,4,5,5,3,4,5,4,5,2,5,5,4,3,4,4,4,154
"75",75,"4318","Female",3,NA,NA,NA,NA,NA,NA,NA,NA,NA,NA,NA,NA,NA,NA,NA,NA,NA,NA,78
"76",76,"4296","Female",3,3,1,5,3,3,5,3,5,3,5,1,5,1,3,3,3,5,3,139
"77",77,"4308","Female",5,5,4,5,5,3,3,2,3,5,5,5,5,3,3,3,3,4,3,151
"78",78,"4036","Male",3,3,3,4,2,1,3,2,3,3,2,2,3,2,3,4,2,4,3,130
"79",79,"4307","Female",5,5,4,4,5,3,3,3,3,3,3,1,3,2,4,4,5,5,5,149
"80",80,"4301","Female",5,5,3,5,5,5,4,3,2,2,5,1,5,5,5,5,5,5,5,160
"81",81,"4294","Male",3,5,2,4,3,5,5,1,5,5,5,5,5,5,3,2,3,3,5,155
"82",82,"4299","Male",4,3,4,5,4,5,5,3,5,4,5,4,4,4,4,4,5,5,5,164
"83",83,"4309","Male",5,5,5,5,5,1,3,5,1,1,5,1,1,4,5,5,5,5,5,155
"84",84,"4302","Female",4,5,4,5,4,4,4,5,2,2,3,3,5,4,5,4,5,2,2,156
"85",85,"4278","Male",3,3,2,4,2,1,1,2,1,1,2,1,3,1,4,2,4,4,3,129
"86",86,"4291","Male",3,4,4,3,3,4,2,1,1,3,5,1,1,3,4,2,5,5,5,145
"87",87,"4282K","Male",4,5,3,3,4,5,3,4,3,5,5,5,5,3,3,2,3,4,5,161
"88",88,"4293","Male",4,4,5,5,4,5,5,4,3,5,4,5,4,3,4,4,4,4,5,169
"89",89,"4443","Male",3,3,3,5,5,4,4,3,3,3,5,2,5,5,3,3,5,5,5,163
"90",90,"4327","Male",3,5,5,5,5,3,2,3,4,4,5,3,4,3,4,4,5,5,5,167
"91",91,"4330","Male",3,3,5,5,5,1,3,3,5,1,3,2,4,5,3,4,5,4,5,160
"92",92,"4337","Male",5,5,5,5,5,1,2,3,4,4,5,1,3,4,5,5,5,5,5,169
"93",93,"4343","Female",4,5,4,5,5,1,1,1,1,1,3,2,4,2,5,5,5,5,5,157
"94",94,"4328","Male",3,3,3,5,3,1,1,1,2,1,2,1,1,1,4,4,5,5,5,145
"95",95,"4324","Male",5,5,5,5,5,5,5,3,2,2,2,3,4,5,4,4,5,5,5,174
"96",96,"4348","Female",5,5,5,5,5,5,3,1,3,3,4,3,2,3,4,4,5,5,5,171
"97",97,"4338","Female",4,5,4,5,4,3,4,3,4,4,5,3,5,4,5,4,4,5,4,176
"98",98,"4332","Male",4,4,4,4,4,1,1,1,1,1,1,1,1,1,3,3,4,4,4,145
"99",99,"4346","Female",3,4,4,4,4,3,3,3,3,3,3,3,3,4,4,4,4,4,3,165
"100",100,"4347","Female",4,4,4,5,5,4,4,5,5,4,3,3,3,2,4,4,5,5,5,178
"101",101,"4339","Female",3,5,3,5,4,3,4,2,2,1,3,2,3,3,4,4,5,4,5,166
"102",102,"4353","Male",3,5,3,4,5,5,5,3,4,5,5,3,5,4,3,2,4,3,3,176
"103",103,"4367","Female",5,5,5,5,5,5,3,1,1,1,1,1,1,3,5,5,5,5,5,170
"104",104,"4365","Female",3,5,3,5,3,1,1,1,2,1,3,1,4,1,4,2,5,5,5,159
"105",105,"4357","Male",4,5,5,4,5,5,5,3,5,5,5,5,5,5,3,2,5,5,5,191
"106",106,"4373","Female",5,5,5,5,5,4,4,3,3,3,4,3,3,2,3,2,3,4,3,175
"107",107,"4359","Male",4,3,3,5,5,2,2,3,2,2,3,2,3,1,4,3,5,5,4,168
"108",108,"4352","Male",5,4,4,5,5,3,2,2,3,1,5,5,4,4,3,3,5,4,4,179
"109",109,"4362","Male",3,4,4,5,4,2,2,2,1,1,3,2,4,4,4,4,3,3,3,167
"110",110,"4363","Female",5,5,5,5,5,5,5,5,5,5,5,5,5,5,4,4,5,5,5,203
"111",111,"4366","Female",5,5,5,3,5,1,3,1,1,3,3,1,3,1,3,3,5,5,5,172
"112",112,"4356","Male",5,4,5,5,5,3,3,3,4,4,5,3,5,5,4,3,4,3,4,189
"113",113,"4364","Female",3,4,3,5,4,2,1,1,1,2,3,2,4,3,5,4,4,4,4,172
"114",114,"4355","Male",4,3,4,5,4,2,2,2,2,2,5,1,4,4,3,3,3,3,2,172
"115",115,"4325","Male",4,4,3,3,5,1,1,1,1,2,4,3,2,3,5,5,5,5,5,177
"116",116,"4342","Female",5,5,3,5,5,1,1,1,1,1,4,3,2,2,3,4,3,5,4,174
"117",117,"4391","Male",4,4,3,3,3,1,1,2,2,2,5,3,4,5,4,3,3,3,3,175
"118",118,"4393","Female",4,4,4,5,5,3,3,2,1,4,4,3,5,4,3,3,3,4,4,186
"119",119,"4390","Male",4,5,5,3,5,2,2,1,1,1,5,3,1,3,4,5,5,4,5,183
"120",120,"4385","Male",4,3,4,5,5,5,5,5,5,5,5,5,5,5,4,3,3,3,3,202
"121",121,"4384","Female",5,5,5,5,5,3,2,2,1,1,3,2,3,1,5,5,5,5,5,189
"122",122,"4392","Female",4,5,5,5,5,5,4,4,3,3,4,1,5,4,4,4,5,5,4,201
"123",123,"4380","Female",4,5,4,5,5,4,4,3,3,3,4,1,5,5,5,5,5,5,5,203
"124",124,"4386","Male",5,5,5,5,5,3,2,1,1,1,2,2,1,1,4,3,5,5,5,185
"125",125,"4394","Female",5,5,5,5,5,3,4,3,2,2,4,3,5,3,5,5,5,5,5,204
"126",126,"4383","Male",5,5,5,5,5,1,5,1,3,3,1,1,1,3,3,2,5,5,5,190
"127",127,"4382","Female",5,4,3,5,4,5,5,4,2,4,4,5,2,5,2,3,5,5,3,202
"128",128,"4379","Female",4,3,4,5,4,2,2,3,3,3,3,3,3,4,4,5,5,5,5,198
"129",129,"4376","Male",5,5,5,5,5,3,3,3,3,3,5,3,5,5,5,5,5,5,5,212
"130",130,"4404","Female",4,3,2,5,5,4,2,2,2,4,5,3,5,2,3,4,5,5,5,200
"131",131,"4410","Female",4,3,4,5,5,2,2,2,2,3,3,2,4,2,4,4,3,4,4,193
"132",132,"4411","Female",3,3,3,5,4,1,1,1,1,1,1,1,3,1,3,1,3,3,3,174
"133",133,"4406","Male",4,5,5,4,5,4,5,4,4,3,4,2,NA,4,4,4,3,5,5,207
"134",134,"4400","Female",4,4,4,5,3,3,1,1,1,1,2,5,4,4,3,3,4,4,5,195
"135",135,"4396","Female",4,5,5,5,5,2,2,1,1,1,2,3,3,2,4,4,5,4,5,198
"136",136,"4407","Male",5,5,4,5,5,2,2,1,2,1,3,3,5,5,5,4,4,5,5,207
"137",137,"4399","Male",3,4,4,5,5,4,4,2,2,3,2,2,4,4,4,3,5,5,4,206
"138",138,"4413","Female",2,3,4,4,5,1,1,1,1,2,3,1,5,2,4,4,5,4,4,194
"139",139,"4401","Male",4,5,4,5,5,2,3,2,1,4,5,4,5,1,4,4,5,5,5,212
"140",140,"4397","Female",5,5,5,5,4,2,1,1,1,1,2,2,5,2,4,3,5,5,4,202
"141",141,"4416","Female",5,5,5,5,5,2,1,1,1,1,2,1,3,2,4,4,5,4,4,201
"142",142,"4429","Female",4,5,4,5,5,3,3,2,1,2,3,2,1,1,4,4,5,4,4,204
"143",143,"4442","Female",5,5,5,5,5,3,3,3,1,1,5,1,5,1,5,3,5,5,5,214
"144",144,"4428","Male",3,4,4,5,4,4,4,4,4,4,5,4,5,4,4,3,3,3,3,218
"145",145,"4424","Male",5,4,5,5,5,3,4,3,2,3,4,1,3,2,3,5,5,5,5,217
"146",146,"4433","Male",5,5,5,5,5,1,1,1,1,1,5,3,4,1,4,5,5,4,5,212
"147",147,"4283F","Female",5,5,5,5,5,3,3,2,1,1,3,1,1,1,3,3,2,2,2,200
"148",148,"4423","Male",5,5,5,5,5,3,2,1,2,2,5,2,3,2,3,3,5,5,5,216
"149",149,"4436","Female",4,5,3,5,5,2,1,1,1,1,3,3,2,3,4,4,4,5,5,210
"150",150,"4430","Female",4,5,5,5,5,1,1,3,1,1,4,2,4,1,5,5,5,5,5,217
"151",151,"4431","Female",4,3,3,2,4,1,1,1,1,1,1,1,1,1,2,1,4,5,3,191
"152",152,"4441","Female",3,4,4,3,4,1,3,3,3,3,4,3,3,3,3,2,3,4,3,211
"153",153,"4437","Female",5,3,3,5,5,2,2,1,2,2,3,3,2,1,3,3,3,5,5,211
"154",154,"4434","Female",5,3,3,4,5,2,2,2,1,1,3,1,3,2,2,2,3,2,3,203
"155",155,"4427","Female",5,5,3,5,5,3,3,3,3,1,5,5,5,5,5,5,3,5,5,234
"156",156,"4426","Female",5,5,4,5,5,2,1,1,1,1,2,1,2,1,4,4,4,5,4,213
"157",157,"4440","Male",2,3,4,2,5,1,1,1,1,1,3,2,4,1,5,2,5,3,3,206
"158",158,"4446","Male",5,4,5,5,5,3,3,4,3,4,5,1,3,4,1,3,3,5,3,227
"159",159,"4432","Female",4,5,3,4,3,2,1,3,1,2,3,2,3,3,3,2,4,3,2,212
"160",160,"4438","Female",4,4,4,5,5,1,1,1,1,1,1,1,1,1,2,1,4,3,4,205
"161",161,"4449","Female",5,3,5,5,5,2,2,2,4,4,2,2,4,5,5,5,5,5,5,236
"162",162,"4435","Female",3,2,5,4,3,2,1,3,2,1,3,2,3,1,4,3,2,3,3,212
"163",163,"4448","Female",4,5,5,5,3,2,1,2,3,3,3,1,3,1,4,3,5,5,5,226
"164",164,"4455","Female",2,2,3,4,5,1,1,1,1,1,1,1,1,4,4,2,4,5,4,211
"165",165,"4451","Female",5,5,5,5,5,2,1,3,1,1,3,2,3,5,5,5,5,5,5,236
"166",166,"4447","Female",5,5,5,5,5,3,2,2,2,2,5,3,5,5,3,3,5,5,5,241
"167",167,"4459","Female",4,4,3,5,5,1,1,1,1,1,2,4,3,3,5,5,5,5,5,230
"168",168,"4457","Female",3,4,5,4,5,4,4,3,2,2,4,4,3,4,4,3,5,4,4,239
"169",169,"4456","Female",4,4,4,5,4,2,3,2,2,2,3,2,3,3,4,4,4,5,3,232
"170",170,"4454","Female",5,1,3,3,3,1,3,3,1,1,4,1,1,3,3,5,3,5,3,222
"171",171,"4458","Female",4,5,3,5,3,4,3,2,2,2,5,1,5,4,5,4,5,5,5,243
"172",172,"4460","Female",5,4,5,5,5,2,2,1,2,1,3,2,2,2,3,3,4,5,4,232
"173",173,"4450","Female",3,4,3,5,5,3,3,3,2,2,3,4,4,4,4,4,4,4,4,241
"174",174,"4453","Female",2,3,4,4,2,1,1,1,3,3,1,1,1,1,3,4,4,4,4,221
"175",175,"4452","Female",5,5,5,4,5,1,5,1,1,1,1,1,3,1,5,5,5,5,5,239
"176",176,"4239","Male",3,3,5,5,5,3,1,1,1,2,4,2,5,3,5,5,4,4,4,241
"177",177,"4408","Female",3,4,3,5,3,2,2,1,1,1,1,1,2,2,3,4,5,4,4,228
"178",178,"4490","Male",4,3,5,4,3,4,1,3,1,1,5,2,4,5,5,5,5,5,5,248
"179",179,"4465","Male",4,5,3,5,4,3,3,2,1,3,5,4,5,5,4,3,5,5,4,252
"180",180,"4467","Male",5,5,5,5,5,5,5,5,5,5,5,5,5,5,5,5,5,5,5,275
"181",181,"4472","Female",1,1,1,5,3,3,1,1,1,1,3,1,5,1,3,5,4,3,1,225
"182",182,"4507","Male",5,5,5,5,5,2,2,2,2,3,4,3,5,3,5,5,5,5,5,258
"183",183,"4518","Female",2,2,2,4,3,1,1,1,1,1,2,2,1,2,4,3,5,4,4,228
"184",184,"4503","Female",5,3,5,3,5,3,1,3,3,1,3,1,3,5,5,5,5,3,3,249
"185",185,"4479","Female",5,5,5,5,5,5,5,3,5,5,5,3,5,5,3,3,5,5,5,272
"186",186,"4524","Female",3,5,5,5,3,1,1,1,1,1,3,2,1,1,5,3,5,5,3,240
"187",187,"4485","Male",5,5,4,5,3,5,5,5,4,5,5,4,5,5,3,5,5,4,5,274
"188",188,"4476","Female",4,5,5,5,5,3,1,2,2,5,5,2,5,1,4,5,5,5,5,262
"189",189,"4483","Male",4,4,5,4,4,3,4,4,5,5,5,4,5,4,4,3,5,5,5,271
"190",190,"4510","Male",4,5,3,4,4,3,3,4,1,1,3,1,3,1,4,3,4,4,3,248
"191",191,"4482","Female",5,5,5,5,5,5,5,5,5,5,5,5,5,5,5,5,5,5,5,286
"192",192,"4520","Female",3,3,NA,NA,NA,NA,NA,NA,NA,NA,NA,NA,NA,NA,NA,NA,NA,NA,NA,198
"193",193,"4498","Female",5,4,4,5,5,2,2,2,2,1,5,5,3,3,4,5,5,5,5,265
"194",194,"4500","Female",3,4,4,5,5,2,3,2,2,2,5,1,5,1,4,3,2,4,4,255
"195",195,"4513","Female",5,5,5,5,5,1,1,2,2,2,3,2,3,3,4,4,4,5,4,260
"196",196,"4484","Male",3,3,4,4,5,1,2,1,2,4,5,1,5,5,4,3,3,4,4,259
"197",197,"4492","Female",5,5,5,5,5,3,1,3,2,1,5,1,5,5,5,5,5,5,5,273
"198",198,"4522","Female",5,5,3,3,5,3,3,5,3,5,3,1,5,3,5,5,5,5,3,273
"199",199,"4461","Male",5,1,1,3,5,5,5,4,4,4,4,4,4,4,5,5,5,5,5,277
"200",200,"4494","Female",5,4,5,4,5,5,5,5,5,4,5,3,5,2,4,5,5,5,5,286
"201",201,"4514","Female",5,5,5,5,5,5,5,5,4,5,5,5,5,4,4,5,5,4,5,292
"202",202,"4517","Female",4,4,3,5,3,3,3,2,3,3,5,4,5,4,3,3,4,4,4,271
"203",203,"4515","Female",5,5,5,5,5,1,1,1,1,1,4,3,4,2,3,4,4,4,4,265
"204",204,"4488","Male",5,5,3,5,5,5,3,3,5,5,5,3,5,5,5,5,5,5,5,291
"205",205,"4478","Female",5,5,4,5,5,1,1,1,5,4,5,3,5,5,5,4,5,5,5,283
"206",206,"4502","Female",3,4,3,5,5,3,3,3,3,1,5,3,5,4,3,3,3,5,3,273
"207",207,"4521","Male",5,4,4,5,5,5,4,4,2,2,5,3,5,3,4,4,5,4,5,285
"208",208,"4509","Male",5,5,4,5,5,1,1,3,1,1,1,3,2,5,4,4,5,4,5,272
"209",209,"4501","Female",3,4,4,5,5,2,2,1,1,1,3,3,4,1,2,2,4,3,3,262
"210",210,"4499","Female",5,5,4,5,4,3,2,2,2,2,3,3,3,2,3,3,4,5,4,274
"211",211,"4505","Male",5,5,5,5,5,5,5,3,5,5,5,1,5,5,5,5,5,5,5,300
"212",212,"4495","Female",3,5,5,5,5,5,5,3,5,5,5,5,5,3,5,3,5,5,5,299
"213",213,"4344","Female",3,5,5,5,4,2,1,1,1,1,4,1,1,5,5,5,5,5,5,277
"214",214,"4292BM","Male",3,5,4,3,5,2,2,2,1,1,1,1,1,1,3,3,3,4,3,262
"215",215,"4279","Male",5,5,5,5,5,4,4,2,2,2,5,4,4,4,4,4,5,5,5,294
"216",216,"4341","Male",3,5,3,5,5,1,1,1,3,1,5,5,5,5,3,5,5,5,5,287
"217",217,"4279F","Female",4,5,5,5,5,4,3,4,5,4,5,4,5,5,5,5,5,5,5,305
"218",218,"4281F","Female",5,5,4,5,5,3,2,5,5,2,5,5,5,5,3,3,4,3,4,296
"219",219,"4245","Female",4,5,5,5,5,3,4,1,1,1,5,3,5,4,4,5,5,5,5,294
"220",220,"4335","Female",4,3,5,3,4,4,3,3,3,3,5,4,5,4,4,4,3,3,3,290
"221",221,"4326","Male",5,5,3,5,5,1,1,1,1,1,5,1,3,1,4,4,5,5,4,281
"222",222,"4334","Male",1,2,3,1,1,3,2,2,3,2,2,4,3,3,3,2,4,5,5,273
"223",223,"4370","Male",1,1,1,3,2,1,1,1,3,1,4,1,3,5,2,1,2,5,4,265
"224",224,"4360","Male",1,3,3,5,3,1,1,1,3,3,5,5,5,3,1,3,5,5,5,285
"225",225,"4345","Male",5,5,3,5,5,1,3,1,1,1,1,1,3,1,3,1,5,5,5,280
"226",226,"4350","Male",3,5,4,3,4,3,2,3,2,2,5,3,5,3,3,3,2,4,4,289
"227",227,"4463","Male",5,5,3,5,5,1,1,1,1,1,1,1,3,1,NA,5,5,5,5,281
"228",228,"4562","Female",4,4,4,4,4,4,3,1,3,4,4,4,4,4,4,4,4,4,4,299
"229",229,"4563","Male",5,5,3,5,5,5,5,5,5,5,5,5,5,5,5,5,5,5,5,322
"230",230,"4564","Male",4,5,5,4,4,4,4,4,2,2,3,1,2,1,4,5,5,5,5,299
"231",231,"4537","Male",3,3,5,5,5,5,5,3,1,1,3,1,1,3,3,5,5,3,3,294
"232",232,"4558","Male",5,3,4,5,5,4,5,3,1,1,3,1,2,3,3,5,5,5,4,299
"233",233,"4550","Female",5,5,4,5,5,3,3,2,1,2,4,4,5,4,4,3,5,5,5,307
"234",234,"4573","Female",1,3,3,3,5,5,5,5,5,5,5,5,5,5,1,1,3,1,3,303
"235",235,"4536","Male",3,4,3,5,4,1,1,1,1,1,1,1,1,1,3,3,4,4,4,281
"236",236,"45710","Female",3,3,5,5,5,5,5,3,5,5,5,5,3,5,3,3,5,5,5,319
"237",237,"45719","Female",1,2,2,4,4,2,1,1,2,2,3,2,3,3,2,3,3,2,3,282
"238",238,"4566","Male",4,4,5,5,5,2,1,2,2,1,2,2,3,1,3,3,4,5,5,297
"239",239,"4546","Male",3,4,5,5,4,1,3,1,1,1,4,1,4,2,4,4,4,4,5,299
"240",240,"4554","Female",5,5,5,5,5,1,1,1,1,1,5,5,3,5,5,5,5,5,5,313
"241",241,"4535","Female",5,5,5,5,5,3,2,3,2,3,3,2,3,1,5,3,3,5,3,307
"242",242,"4553","Male",4,5,5,4,5,1,3,1,2,1,3,1,2,2,5,3,5,5,4,303
"243",243,"4540","Male",3,5,5,5,3,1,1,1,1,1,1,1,1,1,5,5,5,5,5,298
"244",244,"4358F","Female",5,5,4,5,5,3,3,2,3,2,4,2,3,1,4,4,5,5,5,314
"245",245,"4572","Female",4,5,5,5,3,1,2,1,1,1,5,1,1,1,3,2,5,5,5,301
"246",246,"4549","Female",4,5,4,3,4,3,2,2,4,3,3,4,3,2,3,3,5,4,5,312
"247",247,"4568","Male",4,4,5,5,4,1,1,1,1,1,3,1,2,3,4,4,4,5,5,305
"248",248,"4543","Male",5,5,5,5,5,5,4,4,4,5,5,1,5,3,5,5,5,5,5,334
"249",249,"4569","Female",3,5,3,3,3,1,1,1,1,1,3,1,1,1,1,1,3,3,2,287
"250",250,"4574","Male",5,4,4,5,4,3,3,3,4,3,2,2,5,3,4,4,4,4,4,320
"251",251,"4560","Male",5,5,5,5,5,4,4,1,3,1,4,1,1,1,3,4,3,5,4,315
"252",252,"4527","Male",3,3,3,4,5,1,1,1,1,1,1,1,2,1,1,2,2,3,4,292
"253",253,"4548","Male",5,5,3,5,3,3,3,1,1,1,5,3,3,3,3,2,3,3,3,311
"254",254,"4559","Male",4,3,5,5,4,1,1,1,1,1,3,1,4,1,5,4,5,5,5,313
"255",255,"4531","Male",4,4,5,5,5,2,2,2,2,2,3,3,5,3,5,5,5,5,5,327
"256",256,"4545","Male",4,5,5,5,5,4,3,2,2,2,3,3,3,1,5,5,5,5,5,328
"257",257,"4533","Male",5,5,5,4,5,2,1,1,1,1,1,1,1,1,4,4,5,4,4,312
"258",258,"4480","Female",3,3,3,5,5,4,5,5,5,5,5,4,4,2,4,4,5,5,5,339
"259",259,"4358","Male",5,5,5,5,5,3,1,1,1,1,5,3,5,1,5,5,5,5,5,330
"260",260,"4381","Male",3,5,5,5,5,3,1,1,1,3,5,5,5,5,3,4,5,4,5,333
"261",261,"4374","Male",4,3,2,5,5,3,2,1,1,1,5,4,5,5,2,2,3,4,2,320
"262",262,"4317","Male",4,4,3,4,5,3,4,5,3,4,4,3,5,4,4,3,4,5,5,338
"263",263,"4314","Male",3,5,5,5,5,3,5,2,1,2,3,1,3,1,5,5,3,5,3,328
"264",264,"4305","Female",3,2,4,3,2,3,3,2,4,3,5,4,4,3,2,2,3,3,3,322
"265",265,"4326F","Female",5,5,5,5,5,3,3,5,3,2,5,4,5,5,3,3,4,5,5,345
"266",266,"4281","Male",4,4,3,5,3,3,3,4,5,5,5,4,4,4,3,3,4,4,4,340
"267",267,"4316","Female",5,4,3,5,2,1,1,2,1,3,1,1,3,3,3,1,3,3,4,316
"268",268,"4372","Male",4,5,4,5,4,3,3,2,3,4,3,3,4,4,4,4,5,5,5,342
"269",269,"4292R","Male",4,4,5,5,5,2,1,3,2,1,3,2,3,2,3,3,4,4,3,328
"270",270,"4329","Female",4,2,3,4,5,3,1,3,1,1,2,2,4,1,2,1,3,4,3,319
"271",271,"4375","Female",1,1,1,1,1,1,1,1,2,3,5,3,3,1,4,1,1,3,1,306
"272",272,"4310","Female",3,2,1,2,2,4,1,1,2,2,5,2,4,3,3,2,4,4,5,324
"273",273,"4353F","Female",4,5,5,5,5,4,3,3,3,4,5,4,5,4,5,5,5,5,5,357
"274",274,"4371","Male",5,5,5,5,5,1,1,1,1,1,1,1,3,1,5,4,5,5,5,334
"275",275,"4648","Male",1,1,2,2,5,5,5,3,2,4,4,1,3,2,4,5,3,3,4,334
"276",276,"4632","Male",1,2,3,2,4,3,5,3,2,1,4,5,4,2,3,4,2,4,3,333
"277",277,"4664","Female",3,5,3,5,5,3,5,5,1,3,5,1,5,5,3,5,5,5,5,354
"278",278,"4636","Male",4,4,5,5,5,1,1,1,2,3,4,2,1,3,3,2,4,4,3,335
"279",279,"4668C","Male",5,3,5,5,5,2,2,2,1,1,3,1,4,3,4,3,5,5,5,343
"280",280,"4295","Male",3,5,5,5,5,3,1,1,1,2,4,1,1,3,5,5,5,5,5,345
"281",281,"4639","Female",5,5,5,5,5,3,5,4,4,4,5,3,5,3,4,3,5,4,5,363
"282",282,"4631","Male",5,4,5,5,5,1,1,1,1,1,2,1,2,1,4,4,5,4,4,338
"283",283,"4650","Female",5,5,5,5,5,5,5,3,5,5,5,1,5,3,4,4,5,5,3,366
"284",284,"4635","Female",4,5,4,5,4,4,4,2,2,3,5,2,4,3,2,2,3,3,3,348
"285",285,"4643","Male",4,5,3,5,5,3,3,3,4,4,5,1,4,4,2,3,5,5,5,358
"286",286,"4659","Female",4,4,3,4,5,3,3,2,2,2,1,2,2,2,4,3,4,5,4,345
"287",287,"4642","Female",5,5,5,5,4,2,1,1,1,2,2,1,3,1,4,4,5,5,5,348
"288",288,"4665","Male",2,3,5,2,5,1,1,1,3,2,4,1,5,1,4,1,5,4,5,343
"289",289,"46571","Female",3,3,3,5,5,3,1,1,1,1,1,1,1,1,3,3,3,3,3,334
"290",290,"4677","Male",2,3,1,5,5,1,1,3,1,1,1,1,4,1,3,2,3,4,3,335
"291",291,"4673","Male",3,4,3,5,5,3,4,2,2,3,5,4,5,5,4,3,4,5,4,364
"292",292,"4672","Female",3,4,4,5,5,3,3,3,3,2,3,1,3,2,3,3,4,4,4,354
"293",293,"4660","Female",5,5,5,5,5,5,5,5,5,5,5,5,5,5,4,4,5,4,4,384
"294",294,"4678","Female",4,3,4,4,5,1,1,1,1,1,1,1,3,1,4,3,5,5,5,347
"295",295,"4676","Female",4,3,5,4,5,1,2,1,1,1,1,1,1,2,4,3,5,4,5,348
"296",296,"4666","Female",4,3,4,4,5,1,2,1,1,1,1,1,2,1,4,3,5,5,5,349
"297",297,"4646","Female",4,4,5,4,5,3,3,2,2,3,5,1,5,4,4,2,3,5,4,365
"298",298,"4611","Male",3,2,4,5,4,4,4,3,1,1,2,1,1,1,4,4,4,4,4,354
"299",299,"4602","Female",5,5,5,5,5,4,4,1,1,1,3,1,1,1,4,4,4,4,4,361
"300",300,"4626","Male",4,5,5,5,5,3,2,2,2,2,4,3,3,1,5,4,4,5,4,368
"301",301,"4589","Female",4,4,4,5,4,3,3,4,3,3,5,5,4,3,3,3,4,4,5,374
"302",302,"4586","Female",5,5,5,4,5,3,2,1,2,2,3,1,1,1,4,4,5,5,5,365
"303",303,"4581F","Female",5,5,4,5,5,3,3,2,1,1,1,1,1,1,3,3,5,5,3,360
"304",304,"4591","Female",2,4,5,5,5,1,1,1,1,3,5,3,5,5,2,1,2,2,2,359
"305",305,"4627","Female",5,5,5,5,5,2,1,2,1,1,3,1,2,1,3,2,5,5,5,364
"306",306,"4623","Male",5,5,3,5,5,3,3,5,5,5,5,3,5,3,3,3,4,3,3,382
"307",307,"4601","Female",3,3,2,5,4,1,1,1,1,1,3,1,1,1,3,3,5,5,5,356
"308",308,"4600","Female",3,4,2,5,4,1,1,1,1,1,3,3,3,1,4,2,4,4,4,359
"309",309,"4608","Female",4,5,5,5,4,1,1,1,1,1,3,1,4,1,5,5,5,5,5,371
"310",310,"4599","Male",4,5,4,5,5,4,4,3,3,2,4,4,5,2,3,3,4,5,5,384
"311",311,"4610","Female",5,5,5,5,5,1,5,1,3,1,3,1,1,1,3,2,5,5,5,373
"312",312,"4609","Male",3,4,4,5,3,5,5,5,5,5,5,5,5,5,4,4,5,4,5,398
"313",313,"4607","Female",4,5,5,5,5,4,4,3,3,4,3,1,4,1,4,4,5,5,5,387
"314",314,"4578","Female",5,5,5,5,5,5,3,3,1,1,3,1,3,2,3,2,4,5,5,380
"315",315,"4588","Male",4,4,4,4,4,2,4,1,1,3,2,2,3,1,4,3,4,5,5,375
"316",316,"4617","Female",3,4,5,4,4,2,3,2,2,1,2,2,4,2,2,2,3,3,3,369
"317",317,"4613","Female",1,3,2,5,3,5,2,1,1,1,5,3,5,5,1,3,3,3,2,371
"318",318,"4583","Female",3,3,3,5,5,1,1,1,1,1,2,1,3,1,2,2,3,3,4,363
"319",319,"4585","Male",5,5,5,5,5,3,2,2,1,1,3,2,2,1,5,4,5,5,5,385
"320",320,"4616","Male",4,4,4,4,5,1,1,1,1,1,4,1,5,1,3,4,3,4,5,376
"321",321,"4595","Male",4,3,4,4,4,4,2,2,2,3,3,4,4,5,4,3,4,4,3,387
"322",322,"4619","Male",5,5,4,5,5,1,2,2,1,1,3,1,4,1,4,5,5,5,5,386
"323",323,"4579","Male",5,5,5,5,5,1,1,1,1,1,3,2,5,2,4,4,5,5,5,388
"324",324,"4620","Female",4,4,3,5,5,2,3,3,1,2,5,5,5,2,3,3,4,4,4,391
"325",325,"4592","Male",4,5,5,5,5,5,5,2,3,2,5,5,5,5,5,4,5,5,5,410
"326",326,"4598","Female",3,4,4,5,5,3,2,3,2,2,5,3,5,4,4,4,5,5,5,399
"327",327,"4663","Female",5,3,3,5,5,3,2,1,1,1,3,2,3,2,3,2,3,4,3,381
"328",328,"4670","Female",4,2,3,5,5,3,3,4,2,2,4,2,5,4,3,3,3,3,3,391
"329",329,"4652","Male",5,5,4,5,5,2,2,1,1,1,2,1,3,2,4,4,4,5,5,390
"330",330,"4419","Male",5,5,5,5,5,1,1,1,1,1,5,1,5,5,5,3,5,5,5,399
"331",331,"4653","Male",3,5,3,5,5,3,3,3,3,3,5,1,5,3,5,5,5,3,3,402
"332",332,"4669","Male",5,4,4,5,5,3,2,2,1,1,3,2,3,4,4,3,5,4,4,396
"333",333,"4389","Female",3,3,4,4,5,4,5,5,3,3,1,1,4,2,3,2,4,4,2,395
"334",334,"4667","Female",5,5,5,5,5,3,2,2,1,2,3,2,2,2,5,3,5,5,5,401
"335",335,"4541","Male",3,5,3,5,5,1,3,1,3,2,3,1,5,2,3,4,5,5,5,399
"336",336,"4686","Male",5,5,5,5,5,1,1,1,1,1,1,1,1,1,5,5,5,5,5,395
"337",337,"4542","Female",3,4,4,5,5,5,4,5,5,4,5,4,4,4,3,4,4,5,5,419
"338",338,"4645","Male",5,4,5,5,5,5,3,2,3,3,4,3,4,5,4,4,5,4,5,416
"339",339,"4656","Female",5,4,4,5,5,3,3,2,1,1,2,1,2,1,3,2,4,3,5,395
"340",340,"4395","Male",5,5,4,5,5,5,5,5,5,5,5,5,4,3,5,5,5,5,5,431
"341",341,"4681","Male",4,3,3,5,5,5,5,5,4,3,5,5,4,3,3,1,1,3,1,409
"342",342,"4414","Female",5,5,4,5,5,3,2,2,1,2,3,2,3,2,3,2,3,2,3,399
"343",343,"4508","Male",5,3,3,2,5,4,2,2,2,4,2,2,4,2,5,4,5,4,5,408
"344",344,"4464","Male",5,4,3,3,4,4,3,5,3,4,5,3,5,4,2,2,3,4,5,415
"345",345,"4683","Male",5,5,5,5,5,1,5,1,1,1,1,1,1,1,5,5,5,5,5,408
"346",346,"4539","Female",5,5,5,5,5,2,2,1,1,1,4,1,4,3,5,3,5,4,5,412
"347",347,"4653F","Female",3,3,3,4,4,4,4,3,2,3,2,1,1,2,1,1,4,3,3,398
"348",348,"4657","Female",4,4,3,5,5,2,2,1,2,3,4,3,1,1,4,2,4,5,4,407
"349",349,"4506","Female",5,5,4,5,5,4,3,1,1,1,3,2,3,2,4,3,3,3,3,409
"350",350,"4668","Male",4,3,4,5,4,5,3,2,2,3,5,5,5,1,3,3,4,4,5,420
"351",351,"4684","Female",4,5,3,5,3,4,2,1,1,3,4,3,5,2,2,4,4,5,5,416
"352",352,"4637","Female",3,4,4,5,5,3,3,1,1,3,2,2,1,1,2,2,3,4,3,404
"353",353,"4311","Male",5,5,5,5,5,3,3,3,1,1,5,3,5,5,5,5,5,3,5,430
"354",354,"4297","Male",3,3,4,5,5,3,3,2,2,2,5,3,5,5,4,3,3,4,4,422
"355",355,"4707","Female",5,5,4,5,2,1,1,1,1,1,2,1,2,2,4,3,5,5,3,408
"356",356,"4698","Female",4,5,5,4,5,5,3,5,3,2,4,4,5,4,5,5,5,5,5,439
"357",357,"4703","Female",4,1,3,5,5,1,2,1,1,1,3,1,1,1,2,1,5,5,5,405
"358",358,"4712","Female",5,5,5,5,5,3,3,1,1,1,1,1,1,1,3,3,5,3,5,415
"359",359,"4702","Female",3,2,3,4,4,4,3,3,4,3,4,3,4,4,2,1,3,3,3,419
"360",360,"4691","Female",3,5,3,4,4,4,3,5,5,2,4,1,5,4,5,4,5,5,5,436
"361",361,"4693","Female",5,3,3,5,5,2,1,2,2,1,3,1,2,3,5,4,4,4,5,421
"362",362,"4704","Female",3,4,4,4,5,5,5,4,4,5,5,4,5,5,5,4,5,3,5,446
"363",363,"4736","Female",3,5,3,5,5,1,3,1,1,4,5,3,5,5,3,3,5,3,5,431
"364",364,"4771F","Female",5,5,5,5,5,1,3,1,1,1,1,1,3,5,3,5,5,5,5,429
"365",365,"4697","Female",2,2,3,4,5,3,3,1,1,1,4,2,4,1,3,2,5,2,5,418
"366",366,"4717","Female",5,5,5,5,5,1,1,1,1,1,1,1,1,1,4,4,5,5,5,423
"367",367,"4723","Female",5,5,5,5,5,3,3,3,2,2,3,2,3,2,4,4,5,5,5,438
"368",368,"4726","Female",4,2,1,3,2,5,4,4,5,4,5,4,4,4,3,1,4,3,4,434
"369",369,"4714","Female",4,5,5,4,5,2,2,2,2,2,3,3,3,2,4,3,4,4,4,432
"370",370,"4716","Female",5,5,5,5,5,5,5,3,3,3,5,5,3,3,3,3,5,5,5,451
"371",371,"4718","Female",5,3,3,5,5,1,1,1,1,1,3,1,3,1,3,3,3,5,5,424
"372",372,"4730","Female",4,5,5,5,5,3,4,4,1,1,3,3,4,4,5,5,5,5,5,448
"373",373,"4725","Female",5,5,4,5,5,1,1,1,1,1,3,1,4,1,5,4,5,5,5,435
"374",374,"4720","Female",5,5,5,5,5,2,1,3,1,1,4,3,5,3,5,3,5,5,5,445
"375",375,"4728","Female",5,4,5,5,4,3,3,3,1,2,4,3,3,2,4,5,5,5,5,446
"376",376,"4606","Female",4,3,5,5,5,4,4,4,4,4,5,5,5,5,4,5,5,5,5,462
"377",377,"4733","Female",3,3,4,5,4,1,1,3,1,1,3,1,1,1,3,3,5,5,5,430
"378",378,"4731","Female",5,5,5,3,5,1,1,1,1,1,1,1,1,1,5,5,5,5,5,435
"379",379,"4727","Female",5,5,4,5,5,4,4,4,4,5,5,4,4,4,5,4,4,4,4,462
"380",380,"4729","Female",3,3,4,5,5,2,2,1,1,2,5,1,4,5,5,5,5,5,5,448
"381",381,"4722","Female",5,5,5,1,5,4,5,5,5,5,5,4,5,3,5,5,5,5,5,468
"382",382,"4753B","Male",5,4,5,5,5,3,3,3,4,4,5,4,5,4,4,5,5,5,5,465
"383",383,"4604","Male",3,3,3,3,3,3,3,3,3,3,3,5,5,5,3,2,3,2,3,444
"384",384,"4737","Male",4,3,5,3,4,3,3,1,3,2,4,3,2,3,4,2,3,4,4,444
"385",385,"4746B","Male",5,3,5,5,5,5,1,1,1,1,5,5,3,5,3,5,5,5,5,458
"386",386,"4763B","Male",4,4,3,5,3,4,5,5,5,5,5,5,5,5,5,5,5,5,5,474
"387",387,"4759","Male",5,5,5,5,4,3,3,4,2,3,4,3,3,4,4,4,5,5,4,462
"388",388,"4766","Male",5,4,4,5,4,4,2,3,1,2,4,2,3,2,4,4,5,5,5,456
"389",389,"4768B","Male",3,3,5,5,5,1,1,1,1,1,1,5,5,2,5,5,5,5,5,453
"390",390,"4762","Male",3,3,5,5,5,5,3,3,3,1,5,3,3,3,3,5,5,3,5,461
"391",391,"4764","Male",4,4,4,5,4,5,5,5,5,5,5,5,5,5,4,4,4,4,4,477
"392",392,"4758","Male",4,3,5,5,5,1,1,2,1,1,5,1,4,5,3,4,5,5,5,457
"393",393,"4769B","Male",5,5,5,5,5,3,5,5,5,5,5,3,3,3,5,5,5,5,5,480
"394",394,"4754B","Male",5,5,5,4,5,5,3,5,1,1,5,5,5,5,4,5,5,5,5,477
"395",395,"4761","Male",4,5,5,5,5,3,1,1,3,2,5,3,1,2,4,5,5,5,5,464
"396",396,"4756B","Male",5,3,5,5,4,3,2,1,2,3,4,3,3,1,3,3,5,5,5,461
"397",397,"4755B","Male",5,3,4,5,5,1,2,2,3,1,5,2,5,5,2,1,5,5,3,461
"398",398,"4710","Female",5,5,5,5,5,5,5,5,5,5,5,5,5,5,5,5,5,5,5,493
"399",399,"4746","Male",1,5,5,5,3,3,3,4,3,3,4,4,4,3,4,4,4,4,4,469
"400",400,"4739","Male",3,5,5,3,5,3,3,3,3,3,3,3,3,3,3,1,3,3,3,461
"401",401,"4754","Male",1,2,NA,NA,NA,NA,NA,NA,NA,NA,NA,NA,NA,NA,NA,NA,NA,NA,NA,404
"402",402,"4755","Male",3,5,1,3,1,5,3,3,5,1,3,5,1,3,3,5,1,3,5,461
"403",403,"4742","Male",5,5,1,4,5,1,3,5,3,1,3,5,3,1,1,3,5,3,1,461
"404",404,"4750","Male",1,1,1,3,1,1,5,3,3,3,5,1,3,4,5,5,3,4,3,459
"405",405,"4748","Male",5,5,4,5,5,5,5,5,5,5,5,5,5,5,5,5,5,5,4,498
"406",406,"4753","Male",5,5,5,5,5,5,5,5,5,5,5,5,5,5,NA,NA,NA,NA,5,481
"407",407,"4743","Female",5,3,1,3,4,5,4,3,4,5,5,3,2,3,3,2,5,1,5,473
"408",408,"4760","Female",5,4,4,5,5,5,4,4,5,5,5,5,5,5,3,4,5,5,5,496
"409",409,"4767","Male",2,1,3,4,3,1,1,1,1,1,3,3,3,2,4,3,2,3,3,453
"410",410,"4778","Female",5,5,5,5,5,5,4,5,5,5,5,5,5,5,5,4,5,5,5,503
"411",411,"4777","Male",5,5,3,5,5,1,1,1,2,2,1,1,1,2,5,5,5,5,5,471
"412",412,"4763","Female",4,3,5,5,4,2,1,1,1,1,2,1,3,4,3,3,4,3,2,464
"413",413,"4768","Male",4,5,4,5,5,3,3,3,2,2,4,3,4,3,4,3,5,5,5,485
"414",414,"4773","Male",5,5,5,5,5,4,5,5,5,5,5,3,5,3,4,4,5,5,5,502
"415",415,"4765","Female",5,5,5,5,5,5,5,5,5,5,5,5,5,5,5,5,5,5,5,510
"416",416,"4764F","Female",3,5,3,4,3,3,2,2,2,4,4,5,5,3,2,2,3,2,3,476
"417",417,"4770","Female",5,4,5,5,5,3,2,2,1,3,2,1,2,3,5,5,4,5,4,483
"418",418,"4775","Female",5,5,5,5,5,3,1,1,1,1,3,3,1,1,4,3,5,5,4,479
"419",419,"4769","Male",5,5,4,5,5,5,5,3,4,3,5,1,4,4,4,4,5,4,4,498
"420",420,"4771","Female",5,4,5,5,5,5,5,5,5,5,4,1,5,5,2,1,3,3,2,495
"421",421,"4740","Male",5,5,5,5,5,5,5,3,3,3,5,5,5,5,3,3,3,3,5,502
"422",422,"4824","Male",2,3,5,5,4,2,3,3,NA,2,4,4,3,4,4,3,5,5,5,488
"423",423,"4816","Male",4,4,4,4,4,4,4,5,5,5,5,5,5,5,3,3,3,3,3,501
"424",424,"4820","Male",5,5,3,4,3,2,5,3,2,2,3,2,2,3,3,3,4,4,5,487
"425",425,"4817","Male",5,5,5,5,5,1,1,1,1,1,1,1,1,1,5,5,5,5,5,484
"426",426,"4824I","Male",4,5,5,5,3,5,5,4,3,3,5,5,5,5,4,4,4,5,4,509
"427",427,"4815","Male",5,5,5,5,5,3,2,4,4,4,5,4,5,5,5,5,5,5,5,513
"428",428,"4825","Male",5,5,5,5,5,1,1,1,1,1,4,1,5,3,4,4,4,4,4,491
"429",429,"4819","Male",5,5,4,5,5,4,3,3,4,3,5,2,5,5,5,5,4,5,5,511
"430",430,"4822","Female",5,5,5,5,5,3,3,1,1,3,4,3,3,3,4,4,5,4,5,501
"431",431,"4821","Female",5,5,5,5,4,5,4,4,5,4,4,4,4,4,4,3,4,5,5,514
"432",432,"4818","Male",5,5,5,5,5,3,3,2,4,5,5,1,4,2,4,4,5,5,5,509
"433",433,"4781","Male",3,3,4,4,3,1,1,1,1,1,2,2,1,1,4,3,5,4,5,482
"434",434,"4789","Male",5,5,5,5,5,4,1,3,3,3,5,1,5,3,4,4,5,5,4,509
"435",435,"4782","Female",4,4,3,3,5,3,3,2,3,3,3,1,3,3,4,3,5,5,4,499
"436",436,"4786","Male",5,4,3,5,5,4,4,2,3,3,3,3,4,3,3,2,3,4,4,503
"437",437,"4783","Male",4,3,3,2,3,1,4,1,1,1,5,2,4,5,4,2,5,5,5,497
"438",438,"4787","Female",3,3,3,5,4,2,2,1,1,1,3,2,3,2,2,2,3,3,3,486
"439",439,"4785","Male",5,5,5,5,5,1,1,1,1,1,5,1,1,1,3,3,5,5,5,498
"440",440,"4780","Female",3,4,3,5,4,1,2,1,1,1,2,1,2,1,3,3,4,4,5,490
"441",441,"4788","Male",5,5,5,5,5,1,1,1,1,1,1,5,1,1,5,5,5,5,4,503
"442",442,"4784","Male",3,4,2,5,5,2,1,1,1,1,3,2,4,2,2,1,4,5,4,494
"443",443,"4779","Male",5,5,4,5,5,2,3,5,1,2,1,3,5,1,5,5,4,5,3,512
"444",444,"4756","Male",1,5,1,2,5,1,5,5,3,1,5,5,5,1,1,3,5,1,1,500
"445",445,"4795","Male",4,3,2,3,4,1,1,2,1,1,4,4,4,1,3,2,4,4,4,497
"446",446,"4805","Male",3,3,3,4,3,1,1,1,1,1,4,2,1,1,2,2,1,3,2,485
"447",447,"4799","Male",2,3,3,4,2,5,4,2,3,3,3,4,2,3,1,5,2,2,3,503
"448",448,"4796","Female",4,5,5,5,5,4,5,3,3,3,4,3,4,3,3,4,4,4,3,522
"449",449,"4791","Male",NA,NA,NA,NA,NA,NA,NA,NA,NA,NA,NA,NA,NA,NA,NA,NA,NA,NA,NA,449
"450",450,"4808","Male",3,4,4,4,3,3,2,1,2,2,3,1,2,2,3,3,2,3,3,500
"451",451,"4806","Male",4,3,4,4,4,2,3,1,1,1,3,1,1,1,3,2,4,3,3,499
"452",452,"4793","Female",3,3,5,4,5,5,1,1,3,2,4,4,1,1,1,1,5,5,3,509
"453",453,"4809","Male",4,5,3,5,3,1,1,1,1,1,3,2,4,2,3,4,4,3,3,506
"454",454,"4807","Male",4,4,5,4,5,4,5,4,4,4,5,4,4,4,4,5,4,4,5,536
"455",455,"4800","Male",4,5,5,5,5,1,1,1,1,1,3,4,5,5,4,4,4,5,5,523
"456",456,"4812","Female",3,4,3,4,4,3,3,2,2,2,3,3,3,3,3,3,3,4,3,514
"457",457,"4810","Female",3,5,4,5,4,5,4,1,2,3,4,3,5,3,4,3,5,4,5,529
"458",458,"4803","Female",3,3,3,3,3,3,2,2,2,2,2,2,2,2,2,1,3,3,3,504
"459",459,"4802","Female",5,3,2,5,2,1,1,1,1,1,1,1,1,1,3,4,2,3,3,500
"460",460,"4813","Male",3,2,4,5,5,3,5,3,2,2,3,4,5,1,4,3,5,5,5,529
"461",461,"4801","Female",5,5,5,5,5,2,1,1,1,1,4,1,4,1,3,2,4,5,4,520
"462",462,"4836","Male",5,4,3,5,5,2,2,2,2,2,4,2,1,2,5,5,4,5,4,526
"463",463,"4832","Female",5,5,3,5,5,5,5,5,5,5,5,5,5,5,3,4,3,4,4,549
"464",464,"4838","Male",3,2,4,4,4,2,1,2,2,2,5,1,2,2,3,2,3,3,3,514
"465",465,"4833","Male",3,5,3,5,5,3,3,3,1,1,5,1,5,3,3,3,3,3,3,526
"466",466,"4828","Male",3,3,3,4,5,3,3,1,1,1,3,1,2,3,3,3,3,3,3,517
"467",467,"4831","Female",5,4,4,5,5,2,1,1,1,1,1,1,1,1,5,4,5,5,5,524
"468",468,"4834","Male",4,5,3,4,4,3,2,3,3,3,3,1,4,3,3,3,4,5,5,533
"469",469,"4835","Female",3,3,2,4,4,2,2,2,2,1,2,1,2,1,3,3,4,4,4,518
"470",470,"4826","Male",5,5,5,5,5,1,3,1,1,1,3,1,5,1,4,4,5,5,5,535
"471",471,"4827","Male",3,2,2,5,4,3,2,2,2,3,4,3,4,2,2,2,4,3,3,526
"472",472,"4829","Female",3,5,4,5,5,1,1,1,1,1,1,1,1,1,4,3,5,5,4,524
"473",473,"4837","Male",3,3,3,4,3,2,1,3,4,4,3,1,4,3,4,3,5,5,5,536
"474",474,"4830","Male",2,2,2,1,1,2,3,3,4,4,1,2,2,2,2,2,2,2,3,516
"475",475,"4846","Male",4,3,4,5,5,1,1,1,1,1,4,1,3,2,5,5,5,5,5,536
"476",476,"4847","Male",3,4,5,4,5,5,5,3,5,5,5,5,5,3,5,4,5,5,5,562
"477",477,"4855","Male",3,5,1,5,4,1,4,3,1,1,1,1,1,1,4,3,4,5,3,528
"478",478,"4850","Male",2,3,2,4,5,2,1,2,2,1,3,2,4,3,2,2,3,3,3,527
"479",479,"4581","Male",5,4,3,2,2,1,1,1,1,1,1,1,1,1,3,4,4,5,4,524
"480",480,"4849","Male",3,5,3,5,5,3,4,2,1,1,3,3,4,3,3,2,5,5,5,545
"481",481,"4845","Female",4,4,4,4,5,3,2,2,3,3,5,2,5,5,4,4,3,5,5,553
"482",482,"4848","Female",4,5,4,5,5,4,4,4,4,5,5,3,5,5,5,5,5,5,5,569
"483",483,"4839","Female",2,1,3,4,2,3,4,2,1,3,5,3,4,5,2,3,4,3,2,539
"484",484,"4857","Female",5,4,5,5,5,3,5,3,3,3,4,3,4,1,4,4,5,5,4,559
"485",485,"4856","Male",2,3,4,3,2,3,3,2,1,1,3,2,2,4,3,2,4,3,3,535
"486",486,"4842","Male",5,3,5,5,5,1,1,1,1,4,3,3,5,1,5,3,4,5,4,550
"487",487,"4852","Female",3,5,4,3,1,1,1,1,1,1,3,1,5,4,2,3,3,2,3,534
"488",488,"4752","Male",5,5,5,5,3,5,3,5,3,3,5,3,5,3,3,3,2,3,3,560
"489",489,"4859","Male",3,2,1,5,2,1,1,1,1,1,5,1,1,1,5,5,5,5,5,540
"490",490,"4871","Female",4,5,3,5,5,5,5,5,5,5,5,5,5,4,4,2,4,5,5,576
"491",491,"4873","Male",5,5,3,3,5,1,1,1,1,1,1,1,2,3,3,1,3,5,2,538
"492",492,"4858","Male",5,3,3,5,5,4,5,1,3,1,5,3,5,4,3,4,5,NA,5,561
"493",493,"4874","Male",4,5,5,3,3,3,2,3,2,3,4,1,4,2,4,4,4,4,3,556
"494",494,"4863","Female",4,5,5,4,4,1,1,1,1,1,1,1,1,1,4,3,4,5,5,546
"495",495,"4864","Female",3,5,5,5,5,1,1,1,1,1,1,1,1,1,3,3,5,5,5,548
"496",496,"4860","Male",4,5,4,4,5,3,3,3,2,2,3,2,4,4,4,3,5,4,4,564
"497",497,"4866","Male",3,4,4,5,5,3,1,2,1,1,3,1,1,2,3,4,4,3,4,551
"498",498,"4869","Male",5,3,5,5,4,2,1,1,2,3,3,1,1,3,4,4,5,5,5,560
"499",499,"4862","Female",3,3,5,5,4,1,1,1,1,1,1,1,2,1,4,5,5,5,5,553
"500",500,"4870","Male",4,4,3,5,3,5,4,3,4,4,5,2,1,5,3,4,5,4,3,571
"501",501,"4868","Female",5,5,5,5,5,1,1,1,1,1,3,1,2,1,4,3,4,4,5,558
"502",502,"4861","Female",4,5,4,5,5,2,2,2,2,2,4,3,4,4,3,3,4,3,3,566
"503",503,"4892","Male",3,5,3,5,5,1,1,1,1,5,3,1,4,1,3,2,4,5,5,561
"504",504,"48982","Male",5,3,4,3,5,4,2,1,1,3,4,2,3,1,3,4,5,4,4,565
"505",505,"48994","Female",3,4,5,5,5,2,2,1,1,1,2,1,2,1,4,4,4,4,5,561
"506",506,"48981","Female",3,3,1,5,3,3,1,3,3,1,5,3,1,1,1,1,3,5,5,557
"507",507,"4879F","Female",5,5,3,5,5,3,1,1,2,1,3,4,5,5,2,3,5,5,5,575
"508",508,"4883","Female",3,4,2,5,4,3,1,1,1,3,3,2,4,2,3,3,4,4,4,564
"509",509,"4919","Female",3,3,2,4,3,4,2,4,3,3,4,4,5,5,3,3,3,4,4,575
"510",510,"4879","Male",5,5,5,5,5,1,1,3,3,3,5,5,5,5,5,5,5,5,5,591
"511",511,"4913","Male",4,5,4,3,4,1,1,2,1,5,3,2,4,3,4,3,5,5,3,573
"512",512,"4897","Male",5,5,5,3,3,1,1,1,1,1,1,1,1,2,3,3,3,4,5,561
"513",513,"4911","Female",3,5,3,5,5,1,1,1,1,1,2,1,1,1,3,4,4,5,5,565
"514",514,"4904","Male",5,5,4,5,4,1,1,1,1,2,3,1,3,1,4,4,5,5,5,574
"515",515,"4895","Male",4,3,5,5,3,3,1,1,1,4,5,2,1,4,4,5,4,3,2,575
"516",516,"4910","Female",4,5,3,5,4,1,1,1,1,1,2,1,3,2,3,2,3,3,3,564
"517",517,"4901","Female",4,3,2,4,4,2,2,2,1,2,4,2,2,2,3,3,4,4,3,570
"518",518,"4884","Female",5,5,5,5,5,5,3,5,5,3,5,3,3,5,3,3,3,3,3,595
"519",519,"4898","Female",3,4,2,5,5,2,2,3,3,3,4,4,5,5,5,5,5,5,5,594
"520",520,"4917","Male",5,5,4,5,4,1,3,1,1,1,1,2,4,4,3,3,5,5,5,582
"521",521,"4924","Male",4,5,2,5,2,1,1,1,2,2,4,2,5,3,3,2,3,3,3,574
"522",522,"4908","Female",4,4,5,5,4,2,1,1,1,1,3,1,1,1,4,5,5,4,4,578
"523",523,"4900","Male",4,3,4,5,4,4,3,2,3,4,5,3,5,3,4,3,4,5,5,596
"524",524,"4922","Female",5,5,3,5,5,3,3,5,3,1,5,4,5,3,4,4,5,5,4,601
"525",525,"4906","Female",5,5,4,5,5,5,4,4,4,5,5,5,5,5,4,5,5,5,5,615
"526",526,"48991","Female",3,5,3,3,5,3,1,1,1,3,3,1,3,3,3,3,3,5,5,583
"527",527,"4885","Female",4,5,5,5,4,3,3,4,4,5,5,1,4,3,4,5,5,5,5,606
"528",528,"4914","Female",3,5,5,5,5,2,3,3,4,4,5,1,4,5,3,2,4,5,4,600
"529",529,"4921","Female",4,5,5,4,3,5,4,2,3,3,4,1,5,4,4,3,3,4,5,600
"530",530,"4903","Female",4,5,3,4,5,2,2,2,1,2,3,2,3,2,4,3,4,5,4,590
"531",531,"4902","Female",5,3,1,5,5,3,1,1,3,3,5,1,5,5,5,5,3,3,5,598
"532",532,"4909","Female",5,4,3,3,4,3,2,3,2,2,4,1,4,3,4,2,5,5,4,595
"533",533,"4912","Female",4,5,3,5,5,3,4,3,3,3,4,1,4,4,3,5,5,5,5,607
"534",534,"4926","Female",4,4,3,3,3,3,3,2,2,2,5,2,3,2,2,2,3,3,4,589
"535",535,"4886","Female",3,5,5,5,5,2,3,2,1,1,3,1,2,2,5,5,5,5,3,598
"536",536,"4907","Male",3,3,2,4,3,1,1,1,1,3,5,5,5,5,4,3,5,4,5,599
"537",537,"4888","Female",1,3,5,5,5,3,5,1,5,5,5,1,5,5,5,5,5,5,5,616
"538",538,"4896","Female",5,5,3,5,4,3,3,1,1,3,5,5,3,2,2,2,3,4,3,600
"539",539,"4927","Female",3,3,2,5,5,1,1,2,3,2,4,1,3,3,2,3,2,3,2,589
"540",540,"4878","Female",5,5,5,5,5,2,2,2,1,1,4,3,4,3,5,4,5,4,5,610
"541",541,"4923","Male",5,5,5,5,3,5,5,5,5,5,4,5,5,5,5,3,5,5,5,631
"542",542,"4880","Male",3,5,3,4,3,3,1,1,1,1,1,1,1,1,5,5,5,5,5,596
"543",543,"4920","Female",3,5,5,5,5,3,4,4,3,5,5,5,5,5,5,5,5,5,5,630
"544",544,"4887","Male",3,4,4,3,2,3,3,4,4,4,3,3,4,3,5,4,3,3,4,610
"545",545,"4929","Male",3,2,4,5,3,1,1,2,4,4,3,1,5,1,5,5,4,5,5,608
"546",546,"4930","Female",5,5,5,3,5,5,5,5,5,5,5,1,5,5,5,5,5,5,5,635
"547",547,"4957","Male",4,3,5,5,5,3,4,2,1,2,3,4,5,4,3,3,4,4,3,614
"548",548,"4934","Male",5,5,5,5,5,3,5,3,3,3,3,1,5,5,5,5,5,5,3,627
"549",549,"4954","Male",5,5,4,5,5,4,3,5,3,4,5,1,5,4,4,4,5,5,5,630
"550",550,"4956","Male",4,5,5,4,4,2,2,2,2,1,3,3,1,2,4,4,3,5,3,609
"551",551,"4948","Female",5,5,3,5,5,3,2,3,1,3,5,5,5,4,4,4,5,5,5,628
"552",552,"4937","Male",4,5,1,5,5,2,1,3,1,1,3,2,2,3,4,3,5,5,4,611
"553",553,"4950","Female",4,5,4,5,5,2,2,2,2,2,4,3,4,3,3,3,4,3,4,617
"554",554,"4952","Female",5,5,5,5,5,1,1,1,1,1,3,1,3,1,3,3,5,5,5,613
"555",555,"4928","Female",3,3,4,5,5,4,3,3,2,1,4,2,5,5,4,4,4,4,5,625
"556",556,"4933","Female",3,5,3,5,5,3,4,1,3,3,3,1,5,3,5,3,2,3,5,621
"557",557,"4943","Female",4,4,4,5,3,5,4,2,3,3,5,3,5,1,3,3,3,4,5,626
"558",558,"4931","Male",4,5,5,5,5,2,3,2,2,3,5,4,5,2,5,4,5,5,5,634
"559",559,"4941","Female",5,5,5,5,5,5,5,3,4,3,5,1,5,3,3,3,5,5,5,639
"560",560,"4946","Female",3,5,5,5,3,1,1,3,1,1,5,3,3,1,3,5,5,5,5,623
"561",561,"4947","Female",5,5,3,5,5,3,5,4,5,3,5,5,4,5,4,5,5,3,4,644
"562",562,"4942","Female",4,3,4,4,5,2,1,1,1,2,3,1,2,1,3,3,5,4,4,615
"563",563,"4945","Female",3,3,5,5,5,3,3,4,3,2,5,3,5,3,3,2,5,5,5,635
"564",564,"4932","Male",5,5,5,5,3,1,3,1,1,3,3,1,5,3,5,3,5,5,5,631
"565",565,"4935","Male",5,3,5,5,5,3,1,1,1,2,1,1,3,1,4,5,5,5,5,626
"566",566,"4940","Female",5,5,5,5,5,2,3,1,1,2,3,2,2,1,4,4,5,5,5,631
"567",567,"4955","Male",5,4,5,5,5,5,5,1,5,5,5,5,5,4,5,5,5,5,4,655
"568",568,"4920","Female",NA,NA,NA,NA,NA,NA,NA,NA,NA,NA,NA,NA,NA,NA,NA,NA,NA,NA,NA,568
"569",569,"4936","Female",3,5,3,5,3,3,3,3,1,3,3,3,5,3,3,5,3,5,5,636
