"","ID","Gender","SelfEfficacy","PerfAvGoals","PerfAppGoals","MasteryGoals"
"1","4217","Male",-1.39013116803825,-0.683386196277649,0.623757314681554,-1.23671642666274
"2","4216","Male",-2.81223446454835,-0.450598590294088,-0.0645477829238461,-2.15887018726543
"3","4232","Male",-0.0408105564902513,0.0188828425344839,0.598636322116305,0.160526932103102
"4","4233","Male",-0.401605302972827,1.19201285548224,2.12611522507835,0.522786321955417
"5","4235","Male",0.445339296420164,1.02535583192753,1.36671029149979,0.437380344131178
"6","4230","Female",0.335040755637941,1.62769710636205,1.50846717672557,-2.28953483846546
"7","4420","Male",0.683587146941697,0.583167347663073,0.579832584593999,0.320050250361865
"8","4421","Male",-0.138326903774871,-1.32697800036364,-1.08167833850137,0.422062062325627
"9","4234","Female",-1.13478753655115,0.781798943370845,0.668015921090494,-1.09344230810711
"10","4219","Male",0.873325531293372,1.87634492856979,2.52886611802787,0.813236680679217
"11","4229","Female",0.873325531293372,1.87634492856979,2.52886611802787,0.813236680679217
"12","4236","Male",0.597348684908363,0.589297801636416,2.08873157542945,0.441562334998352
"13","4228","Female",0.481753546142485,-0.713865277754726,-1.35824642892529,0.694302110484822
"14","4224","Female",0.67256142208307,0.0815648930967104,0.723576512336612,0.481911450742993
"15","4226","Female",0.74098372573669,-1.71954288810341,-1.00768942574019,0.761022198100384
"16","4225","Female",0.663143257118803,-0.0581588814964188,-0.306666636560896,0.219340924202694
"17","4254","Female",0.201841048732681,0.145981763381346,-0.451580395936268,0.0646167208988077
"18","4267","Female",0.496891124766796,0.574345824827322,1.7395879224317,-0.144952027094098
"19","4255","Female",0.531680732972704,-1.06149483577408,-1.42661975273945,0.436242395112455
"20","4261","Female",0.323382831737179,-0.258734259722948,0.427697443348282,0.365468960240078
"21","4246","Male",0.0200733641542013,-0.457409898960909,-1.32031672221755,-0.354286013187978
"22","4251","Female",-0.485098741121797,0.487009519538947,0.509477207640338,-0.143605422549037
"23","4241","Male",0.618240146875107,-0.710348899623776,-1.35846540571412,0.725232140664004
"24","4247","Male",0.671180674463288,-1.14287600558217,-1.44476764812895,0.305273501163173
"25","4256","Female",0.600884074245233,1.73598353127442,1.99768155014876,0.746442775279618
"26","4253","Female",0.18650935961868,0.999692363135218,0.427337527355035,0.327040270990056
"27","4263","Female",0.549281422261734,0.686534558954305,0.803011092818584,0.11670781419511
"28","4244","Male",-0.143765451074458,1.08998317014471,0.139224876365999,-0.349110390279939
"29","4252","Female",-0.0437508959758559,0.0172827536757434,0.592098468180797,0.143563810584383
"30","4257","Female",0.565641092719501,0.476005574514332,1.30079618022517,0.426526237456758
"31","4264F","Female",0.5048301204221,-1.05780045092956,-1.44021426170787,-0.654616021530049
"32","4259","Female",0.761605567366131,0.654704249213978,1.03206071396704,0.77724072883025
"33","4242","Male",-0.58524631199449,1.13109418078945,0.17917033799163,-0.687106633511717
"34","4265","Female",-0.819431087508269,0.206810476645068,0.8866426371944,-1.37411096197658
"35","4282A","Male",0.776798741070935,1.14460378978786,2.26851923730902,0.303238563125155
"36","4276","Male",0.52896135702242,-1.60788164161798,-1.40733194143781,0.573193818505567
"37","4272","Female",-0.246649499122045,-1.0813416154125,-1.42538845727691,0.255686593708544
"38","4284","Female",-1.08575959754632,-0.51000933173136,-0.456687204738167,-0.965221127858257
"39","4292F","Female",0.332156424806548,0.369622342749084,-0.556992341823564,0.338650769088104
"40","4280","Male",0.571046029505573,1.80756116663648,2.2813355427642,0.579557262206866
"41","4294F","Female",0.525480387368383,-1.19190654372964,-1.08028414650505,0.53435612901467
"42","4287","Female",0.131649119584765,-1.1837357988992,-0.839390179661338,0.622380660452405
"43","4275","Male",0.632286990626449,0.688063251973932,-0.0181971094177334,0.438806310314183
"44","4273","Male",0.80696057114395,-0.0932832277581838,-0.257334689228001,0.481329460069492
"45","4289","Female",-0.48626881815694,1.0911795188321,1.71682457634292,-0.0660936814895337
"46","4291F","Female",0.312526316953444,0.640629693691906,0.331997425477853,0.505264377198705
"47","4277","Male",-0.0776699322991456,-1.04717793111289,-0.990804935435112,-0.0271815520615427
"48","4286","Female",-0.969908866220601,-1.90114478360028,-1.58177365788824,-0.581757110212788
"49","4285","Female",0.428933984205734,-0.00213786513093269,0.478729311062782,0.698732890725707
"50","4270","Male",0.262495300329374,1.41102927000636,2.05593653254918,0.262343676329374
"51","4293F","Female",0.186389750997902,0.48274657797794,-0.233069224681396,0.308544753720391
"52","4243","Female",-0.138096436763386,0.288855292936579,-0.370803688751916,-0.0399634336990352
"53","4271","Male",0.572990771798311,-0.10486101207496,-0.476293468322293,0.451617091761575
"54","4264","Male",-0.149312952246437,-0.154945839633442,-0.400419739062232,0.396161615628094
"55","4268","Female",-0.451579014716395,0.457602953040415,-0.688190412519296,-0.726379560648385
"56","4258","Male",-0.0029234453961211,1.85539410516016,2.52591493262888,0.26498808369456
"57","4249","Female",0.524920356259804,0.22598995298855,0.653257547863895,0.584231441764766
"58","4240","Male",-1.58622438499595,0.908267516161839,0.866246212310985,-2.13746652113771
"59","4260","Male",0.44336378706682,-0.441008802618964,-0.943600955610196,0.283708024945502
"60","4269","Female",-0.00182464231045384,1.47010716410381,0.979038663614712,-0.146841356041488
"61","4248","Female",0.545688568258832,-0.559327242864812,-0.590393335492382,0.579111616022919
"62","4290","Male",0.583337893374797,-0.285309483659167,-0.687818749292122,-0.0500392120596907
"63","4283","Male",-0.430783743144639,-0.889763743133568,-0.856020824305015,-1.03819317855723
"64","4288","Male",0.433009281265438,-0.0637019093571029,-0.840902730500098,0.213286737571282
"65","4321","Female",-0.162550137302525,-1.07648552066528,-1.43396589682066,-0.396436694838706
"66","4300","Female",0.421398057111313,-1.24481571709991,-0.425974361848333,0.23201219494731
"67","4304","Male",-0.341169617536764,0.961415853716455,0.995523526559671,0.255458711423843
"68","4303","Female",0.0437034346850703,1.21199496922204,0.444079947024061,-0.279666045485593
"69","4312","Male",-1.14365152308848,-0.263633713802718,1.09192698564564,-0.86777893957642
"70","4322","Female",-0.597012490935292,0.463568032175861,-0.470422568177146,-0.191231163767274
"71","4313","Female",-0.895731710682474,-0.725299376436552,-0.636570339206245,-1.00275660356619
"72","4315","Male",0.860133259274234,-0.240710624988497,-0.572342721127945,0.786405032044714
"73","4319","Female",-0.108270965893961,1.30711123566408,1.86033160988073,0.290278716721337
"74","4296","Female",-0.671908094008199,0.375870180494453,1.33545491217437,-1.03738420519639
"75","4308","Female",-0.605573150907277,1.10985495268911,0.953272363213351,0.327346227627299
"76","4036","Male",-0.973554761056379,-0.664139116368719,-0.0271148421080141,-1.10946817800898
"77","4307","Female",0.565437370296734,-0.436973490548708,0.393635062463572,0.460558894167644
"78","4301","Female",0.819421311694355,0.864473229655242,0.50345112503725,0.509585597573583
"79","4294","Male",-0.712306791734528,1.69870924652718,1.95217905170724,-0.691742979813482
"80","4299","Male",0.486447376480289,1.26413641647092,1.93889932263384,-0.0627853682648002
"81","4309","Male",0.860060534954206,-0.222376717843605,-0.499337357299385,0.787082539475132
"82","4302","Female",-0.437282526970837,0.507980485915767,0.593790200598682,0.0663670175611163
"83","4278","Male",-0.653783004453549,-1.27787411154245,-1.34255412310995,-1.185420955202
"84","4291","Male",0.199599295437949,-0.383146672358273,-0.440407683927281,-0.534905447771562
"85","4282K","Male",-0.470512806261406,1.24954026997786,1.47587051136598,-0.337943517474027
"86","4293","Male",0.141525580424087,0.922580555815312,1.64772370573359,0.169329730430644
"87","4443","Male",0.219102570013233,1.07996938521316,0.902592577218484,-0.298476770679284
"88","4327","Male",0.567166458450869,0.728466668157585,0.976346681101731,0.406623886808046
"89","4330","Male",0.174438285246735,0.369072898720755,0.472370111400912,-0.0358572437499501
"90","4337","Male",0.862942158543306,0.407798716048813,0.681782603899832,0.797557997079062
"91","4343","Female",0.804743131478775,-0.572196517641235,-1.33803658436858,0.467190780471389
"92","4328","Male",0.385972580001313,-1.56366708892896,-1.24745032953996,-0.542336011945395
"93","4324","Male",0.622890884426288,0.297098750660143,0.518917550519093,0.741874390373232
"94","4348","Female",0.620101068179873,0.0464179122280188,0.454731441102915,0.741620220374731
"95","4338","Female",0.296501816740529,1.13294335294416,1.2831272908464,0.237394912084084
"96","4332","Male",-0.350783618669147,-1.88617926091026,-1.58019432820544,-0.234619599776212
"97","4346","Female",-0.30736427189218,0.157741644436142,0.501006649980316,-0.374216860279964
"98","4347","Female",0.529966754266537,0.161855386767653,1.77317355351309,0.259850424869371
"99","4339","Female",0.294750541017494,-0.319331116623713,-0.290191354897715,-0.0734657937554166
"100","4353","Male",-0.800971052422777,1.25153334730068,1.86059626446556,-0.303658827116531
"101","4367","Female",0.847758697675727,-1.32258739903419,-0.766816282773677,0.786104245538981
"102","4365","Female",0.252112384039156,-0.81646476670706,-1.10339539154263,-0.224691071989988
"103","4357","Male",0.238095616674058,1.79044108830256,2.24371229129163,0.370827599099434
"104","4373","Female",-0.69520937535999,0.082924623381372,0.736211410704704,0.446204723187402
"105","4359","Male",0.18608539584252,-0.676264314841941,-0.372863360638471,-0.14922106858761
"106","4352","Male",-0.0371285469926332,0.884986743310834,-0.0066523903697071,0.272230837866357
"107","4362","Male",-0.68006176558178,-0.160983664240477,-0.889407960997142,-0.339157881079445
"108","4363","Female",0.633885277937553,1.87023421591311,2.5292610475121,0.758975587540491
"109","4366","Female",0.325893761213901,-0.901016529976722,-0.765720858473368,0.400189323822557
"110","4356","Male",-0.274666355999188,1.26186400671473,1.19838542860267,0.366661353225511
"111","4364","Female",0.0111741508370396,-0.331303672371345,-0.978524113370432,-0.319797631352918
"112","4355","Male",-1.10138857858689,0.277344514252278,-0.322476131775254,-0.442544996209073
"113","4325","Male",0.701764769065535,-0.335827628910496,-1.10212198737901,-0.132443726429566
"114","4342","Female",-0.165638044079324,-0.587823007020352,-1.3343996712238,0.272936568242214
"115","4391","Male",-0.842689102616476,0.663096419485675,-0.491978860784037,-0.750522484777714
"116","4393","Female",-0.486787388884059,0.595930710500651,0.0855950587866891,0.00965233986794951
"117","4390","Male",0.45681421899486,-0.282532361202002,-1.04928593426463,0.261457104273016
"118","4385","Male",-0.75015253358655,1.83753544606779,2.5233754208649,-0.204354138893658
"119","4384","Female",0.854681882645879,-0.793713321715994,-0.887445521828369,0.784170698408966
"120","4392","Female",0.412099622017421,0.614171863859846,1.07892623749139,0.535844202351553
"121","4380","Female",0.811788284814882,0.733235624281078,0.843175604353489,0.486329895298808
"122","4386","Male",0.505839675105585,-1.41509232563425,-1.13510215987365,0.705076151994624
"123","4394","Female",0.865887608678388,0.489359189574947,0.199698900028553,0.792789144638659
"124","4383","Male",0.265167157677766,-1.14726195149718,-0.00793191809243841,0.661284948532351
"125","4382","Female",-0.221176223140274,0.786654216345844,1.14021969634286,-0.0291792493655113
"126","4379","Female",0.582249269993896,0.118230285233034,0.255078022845977,-0.0540224343918171
"127","4376","Male",0.872092147977257,1.16327116778538,0.691985674576219,0.796556540742893
"128","4404","Female",0.322702179647906,0.570954451794174,0.356837811950679,-0.252939742046332
"129","4410","Female",-0.289017825354806,-0.321967253428917,-0.237852818534299,-0.119865605373232
"130","4411","Female",-1.19633560366364,-1.55638351376483,-1.51820434333509,-0.768940352787165
"131","4406","Male",0.155727655113146,0.814313573469323,1.39688006797424,0.347318890180808
"132","4400","Female",-0.147923814842823,-0.0126076258534686,-0.996570707053456,-0.192504145911534
"133","4396","Female",0.39633031502823,-0.791284399867011,-1.1396885408397,0.514753371359294
"134","4407","Male",0.532131384522057,0.388897364288776,-0.637388544498745,0.571544880998927
"135","4399","Male",0.217999021605394,-0.0626336038177916,0.276229346347241,0.0114310726906805
"136","4413","Female",0.0454742204101551,-0.493103060061588,-1.13016472129604,-0.511268673173049
"137","4401","Male",0.572372960812254,0.425189571578317,-0.069271912955569,0.423703234494362
"138","4397","Female",0.308683265306858,-0.606302534842523,-1.22021849623921,0.521003273541029
"139","4416","Female",0.240106890796683,-1.09079051989477,-1.3078127259011,0.641632161856647
"140","4429","Female",0.183050767143061,-1.07676338536667,-0.624751258373247,0.335889373413297
"141","4442","Female",0.656183445839531,-0.060996573526915,-0.499894991501453,0.740169136842258
"142","4428","Male",-0.77510526416261,1.30586061239919,1.57097763919533,-0.340897432539854
"143","4424","Male",0.551962253476928,-0.254942820823871,0.26049750896178,0.550576529443611
"144","4433","Male",0.536860065827003,-0.16898301394052,-1.2575687433849,0.705564250594743
"145","4283F","Female",-1.37459072841003,-1.30233293963623,-0.851768054023636,0.281222784633687
"146","4423","Male",0.382619783864656,-0.0849597819669992,-0.404558912432515,0.679249098877221
"147","4436","Female",0.331625681961915,-0.595238712331574,-1.22233786268983,0.224086980984938
"148","4430","Female",0.829948924405154,-0.449195891624775,-1.04422450820477,0.612639465408896
"149","4431","Female",-0.790390450137663,-1.89506532247536,-1.58673474488432,-0.91210950991567
"150","4441","Female",-0.88121079964854,0.133135985067253,0.260776925812143,-0.639676534220165
"151","4437","Female",-0.154517053446124,-0.799299849225613,-0.660672695419097,-0.0661567832174101
"152","4434","Female",-1.35411478912204,-0.835472795427106,-1.00995620901202,-0.474603512118773
"153","4427","Female",0.409399908539617,1.31215041898207,0.320629708794465,0.412798623729216
"154","4426","Female",0.19358550262265,-1.44143503935982,-1.37435790075307,0.494710711752373
"155","4440","Male",-0.447893630194981,-0.774841919715813,-1.38192587175186,-0.890429339491614
"156","4446","Male",-0.702952233736957,0.422227551542773,0.896105789534189,0.269896415983155
"157","4432","Female",-1.01363989369829,-0.461849898661997,-0.725922148814824,-0.479291931702754
"158","4438","Female",-0.835077498805436,-1.89962090561497,-1.57602583643836,-0.0763561718170915
"159","4449","Female",0.79722691557335,0.204444539431074,0.623948350648156,0.433279880037836
"160","4435","Female",-1.08670373986046,-0.789737536822408,-0.70688118624567,-0.907230387234046
"161","4448","Female",0.431428478441389,-0.742385329602817,-0.149271732827798,0.262845724575286
"162","4455","Female",-0.24366137245788,-1.35566890020542,-1.4915378988698,-0.888969930082889
"163","4451","Female",0.862780247442498,-0.11973499822346,-0.862398492730077,0.783431070066009
"164","4447","Female",0.393980060534955,0.958007245852535,-0.0765799525254648,0.680894307127598
"165","4459","Female",0.748545708331817,-0.534997067037058,-1.33493703936218,0.14236467408019
"166","4457","Female",0.0345019088763856,0.459177356903966,0.309748856698446,-0.0277831739374944
"167","4456","Female",-0.0658835976181639,-0.338358913652998,-0.325158118330175,-0.0303747077006632
"168","4454","Female",-0.473307051849833,-0.723248853375558,-0.873149072131571,-1.02657311883451
"169","4458","Female",0.636272509304707,0.589363531028492,0.0786356901610777,0.031791647362215
"170","4460","Female",-0.0470094761041654,-0.807961860146446,-0.856110311848499,0.405299128982365
"171","4450","Female",-0.0967259695828885,0.342631105447458,0.0525563851115348,-0.201148983657951
"172","4453","Female",-0.38870790721322,-1.62972924683853,-0.57640842537787,-1.00425982384487
"173","4452","Female",0.823888721679119,-1.38680570359082,-1.02394400805622,0.645335454375698
"174","4239","Male",0.161167113046674,0.10487405077731,-0.776703143064703,-0.0509487378380296
"175","4408","Female",-0.0907452224791676,-1.46658510011278,-1.27354318296662,-0.47630058663975
"176","4490","Male",0.703546151896272,0.57149436369064,-0.50785687649839,-0.167314027433979
"177","4465","Male",0.245209449420888,1.09684752126107,-0.0266254556048639,0.0749321581773744
"178","4467","Male",0.873325531293372,1.87634492856979,2.52886611802787,0.813236680679217
"179","4472","Female",-1.13004219894855,-0.683718280693191,-1.13371448498625,-1.8381358682026
"180","4507","Male",0.866187027393963,0.414139138887297,-0.100084617447868,0.790006986657543
"181","4518","Female",-0.196895581817211,-1.34362189428635,-1.49502891677941,-1.28572476305198
"182","4503","Female",0.00200531725712796,-0.0906641780248898,-0.172933626588401,-0.0200261093715439
"183","4479","Female",0.391708094025829,1.52877128660356,2.19815464577877,0.702005110919848
"184","4524","Female",0.171395969051041,-1.28717121252377,-1.47050297971373,0.0294084438105862
"185","4485","Male",0.334677282014238,1.6572995876658,2.20226161158579,0.28130465077504
"186","4476","Female",0.696813799045165,0.260898353896701,0.271694035710018,0.593361557258964
"187","4483","Male",0.418011449012871,1.43152751452358,1.95324138544662,0.100192514160766
"188","4510","Male",-0.382072398239003,-0.853275070426852,-0.51489430494245,-0.197148859837249
"189","4482","Female",0.873325531293372,1.87634492856979,2.52886611802787,0.813236680679217
"190","4520","Female",0.405881686935203,-0.835631025771988,-1.19020701552787,0.00413347244281968
"191","4498","Female",0.675108871315324,0.447146380511365,-0.495160066883866,0.430408982661926
"192","4500","Female",-0.594202055778308,-0.0298839279255369,-0.264960632539034,-0.178583962435823
"193","4513","Female",0.228053796382336,-0.425512418087283,-0.685362379481805,0.642671296666901
"194","4484","Male",-0.433923453055403,0.683150401467912,-0.10882415219042,-0.451320335029968
"195","4492","Female",0.87003027867041,0.65832988161112,-0.315399378094663,0.78757457994993
"196","4522","Female",0.39539787742544,0.260488182372037,1.18803973876754,0.157398349004493
"197","4461","Male",0.591127673085378,1.00341113868899,1.73084444303158,-0.769161560640333
"198","4494","Female",0.672178428692796,1.030608628223,2.17010836018406,0.459679954482804
"199","4514","Female",0.544598823040887,1.61819659087843,2.1990980367819,0.736304854017273
"200","4517","Female",-0.348825610895271,1.0574150120363,0.533727740372171,-0.363547556429181
"201","4515","Female",-0.0942229700858512,-0.237113544000685,-1.26617401588381,0.562667822658539
"202","4488","Male",0.821043368247521,1.47990439473324,1.95118478476835,0.522654238654776
"203","4478","Female",0.74421415852291,1.16811979374616,0.720592186029138,0.630695189683405
"204","4502","Female",-0.531090602742195,0.850759303852961,0.234414809423301,-0.299857686003704
"205","4521","Male",0.381486199809822,0.803260408396793,0.629063876098668,0.374208590602115
"206","4509","Male",0.402357292588214,-0.659069027292055,-1.08006755368398,0.54185967946483
"207","4501","Female",-0.930601435521919,-0.596209645874944,-1.1013768437285,-0.261309175423928
"208","4499","Female",-0.061654515028791,-0.381634829604545,-0.325688907052772,0.308387867846904
"209","4505","Male",0.867569530598735,1.27651967755109,2.14834678799695,0.810439516345165
"210","4495","Female",0.604597253758645,1.44988764594253,2.17783138042831,0.424763662236452
"211","4344","Female",0.776528197157832,-0.446116246571131,-1.19784157042244,0.301014403446951
"212","4292BM","Male",-0.739651127692856,-1.7989906340637,-1.19215181614643,-0.304912228216491
"213","4279","Male",0.630566220664646,0.838424581064218,0.250032049442146,0.738492656312629
"214","4341","Male",0.494436234407907,1.12129555369339,-0.458051717899582,0.0990278718433831
"215","4279","Female",0.842979860496494,1.5639861938063,1.78488140614285,0.636997674909348
"216","4281","Female",-0.401338265005285,1.5332248804964,1.28933478825811,0.375420776378013
"217","4245","Female",0.705227810261911,0.689929294491062,-0.516726343608092,0.585131951317978
"218","4335","Female",-0.696916065021996,1.11536198179488,0.799725550349495,-0.471184153130053
"219","4326","Male",0.386762159533651,-0.61109926713542,-1.34224048653505,0.398203828396811
"220","4334","Male",-0.38945261098389,-0.225998014466396,-0.040712050051795,-2.0132537218968
"221","4370","Male",-1.23149226568404,-0.0206210679816249,-0.685016194554482,-2.26007605527827
"222","4360","Male",-0.160454783345818,0.863188032439973,-0.116066985000906,-0.990139152607411
"223","4345","Male",0.113679697546034,-1.46529139573384,-1.26736299127733,0.340675751907227
"224","4350","Male",-0.764850982439408,0.617335936988275,-0.00918791021365829,-0.443373745966877
"225","4463","Male",0.662224561021046,-1.51222356070806,-1.51108025302281,0.462676628000263
"226","4562","Female",-0.0888837774835781,0.709676504872155,0.652687722815716,-0.162586981736938
"227","4563","Male",0.823537781379325,1.87618190424396,2.52549901532911,0.527617061056591
"228","4564","Male",0.635340014578072,-0.814534754836873,0.207118014775424,0.315300875739475
"229","4537","Male",-0.289955313724216,-0.763001113890799,-0.163942874150414,-0.143105717060915
"230","4558","Male",0.310336408213224,-0.604706056836203,-0.254691276381517,0.179861515206154
"231","4550","Female",0.502667249097475,0.647201024821941,-0.304972726005305,0.567287330778291
"232","4573","Female",-1.90840000259483,1.81157552615916,2.5140764387335,-1.35837989978812
"233","4536","Male",-0.381105456487853,-1.88627854632035,-1.58224496801397,-0.408568247766713
"234","4571","Female",0.268164563157773,1.44274650673324,2.1739959717651,-0.00115377499290009
"235","4571","Female",-1.4472468665666,-0.464958723637424,-0.722592769647538,-1.59252735963971
"236","4566","Male",0.103703640998066,-1.0255357877156,-0.880670509217333,0.2773145365306
"237","4546","Male",0.106529052668007,-0.432888541892917,-1.08070695743764,-0.0245323189454868
"238","4554","Female",0.872900407346769,0.629046990265343,-1.11174640393439,0.779935762506188
"239","4535","Female",-0.134179382359749,-0.603945486780495,-0.0290200983123932,0.56822396822652
"240","4553","Male",0.4106797670328,-0.928786299769321,-0.88606645879405,0.388355175055776
"241","4540","Male",0.736366209870582,-1.85902785940124,-1.5801390344094,0.158762420579441
"242","4358F","Female",0.592015402216839,-0.340460339007674,0.0793323416675186,0.595768731584957
"243","4572","Female",0.194333135218184,-0.934898371308341,-1.28740596997279,0.197873920242716
"244","4549","Female",0.0617583167127377,-0.0426580894488631,0.49779562914688,-0.0849946396146364
"245","4568","Male",0.322273300660485,-0.890990758407166,-1.39636832883583,0.185796687955003
"246","4543","Male",0.863850341776326,0.856629440438306,1.80542764424049,0.807743075091852
"247","4569","Female",-1.66030201073828,-1.46393466679013,-1.49878517119436,-0.925584338126144
"248","4574","Male",-0.0436571320620315,0.0531093519428241,0.770034055901226,0.147400262702816
"249","4560","Male",-0.12419809584342,-0.867609413792733,-0.111273541366493,0.570729380711548
"250","4527","Male",-1.39325389004448,-1.73641496147561,-1.55029961514433,-0.811019399823764
"251","4548","Male",-0.978436080348047,0.0930276693201523,-0.737498590723673,-0.178044899556024
"252","4559","Male",0.635199205335284,-0.88233187248986,-1.39908883614431,0.0818728158675218
"253","4531","Male",0.802520072842714,0.134431031690877,-0.355168001450846,0.436428160821499
"254","4545","Male",0.82588690436844,-0.472712799553156,-0.112245592670809,0.621663438615404
"255","4533","Male",0.207394682920427,-1.84313555345111,-1.44887086331242,0.502984788084756
"256","4480","Female",0.452152751084735,1.00593280228624,2.23873569106087,-0.231206937979781
"257","4358","Male",0.86563523478192,0.0769269291786608,-0.976512846380864,0.782044024060854
"258","4381","Male",0.250659370118255,1.13181439468502,-0.383076661526261,0.318797096747523
"259","4374","Male",-1.16651383428029,0.891514397732113,-0.709060236619616,-0.603218343324433
"260","4317","Male",0.181128988407269,0.900352595688452,1.22194820730144,-0.0982399412398966
"261","4314","Male",0.0113970493349265,-0.802312505554219,-0.341595659780522,0.273135999324877
"262","4305","Female",-1.31503253579444,0.76062488297438,0.758523937622537,-1.3551747988427
"263","4326F","Female",0.186477256920994,1.29645006252031,0.791264434407386,0.641586808399694
"264","4281","Male",-0.352118180805763,1.20752646968376,1.79718199682643,-0.351579000675724
"265","4316","Female",-0.968213185382023,-1.06120480663562,-0.891849704865178,-0.482366501414683
"266","4372","Male",0.544440906148058,0.36954247260028,0.605570741606899,0.289672266326241
"267","4292R","Male",-0.448142746423198,-0.602123781250958,-0.663972328756588,0.152692956195669
"268","4329","Female",-1.13850016453214,-0.887225462000171,-0.887734663050123,-0.761832318719719
"269","4375","Female",-2.17167094304657,-0.221546224465116,-0.607355123908964,-2.87246915578568
"270","4310","Female",-0.514842409726523,0.2518365420408,-0.362709057838576,-1.7277939371013
"271","4353","Female",0.841717488602326,1.20400667303385,1.01547168097941,0.630100143882716
"272","4371","Male",0.745544502494185,-1.5112047672102,-1.50776845786291,0.755895192845477
"273","4648","Male",-0.652886263468515,-0.13227679657951,0.816916533037611,-1.70312264858739
"274","4632","Male",-1.0518156668612,0.340870947107779,0.0746016731175973,-1.62651444014654
"275","4664","Female",0.487277742796737,0.873804449951221,0.565628617345119,0.109262462352673
"276","4636","Male",-0.550512963053235,-0.550009833279946,-0.643516683668403,0.129477859814359
"277","4668","Male",0.453436988166098,-0.440975819067368,-0.942919713684918,0.341495409820791
"278","4295","Male",0.796713477745096,-0.712505030614472,-0.927654884186059,0.444629833768844
"279","4639","Female",0.334271763889194,1.02304577745935,1.51873284969174,0.683935539566088
"280","4631","Male",0.204504316228669,-1.47226533785875,-1.49942505940165,0.458331119215198
"281","4650","Female",0.258375696312359,0.910944929572836,2.08445121718756,0.67317573692847
"282","4635","Female",-1.0956787166639,0.409124234293604,0.37478221642217,-0.0848157391330325
"283","4643","Male",0.169863081533178,0.659860880751612,1.08043359082735,0.206446727422272
"284","4659","Female",-0.0197688564116173,-1.10946408623353,-0.351446220120264,-0.151943578733075
"285","4642","Female",0.586802585500378,-1.20400297086995,-1.13368667924796,0.58749760366211
"286","4665","Male",-0.103866137222333,-0.294879694630611,-0.526170085732669,-0.668258331427275
"287","4657","Female",-0.970157714504546,-1.83862905042067,-1.33262218539024,-0.579444845804282
"288","4677","Male",-0.955951233969507,-1.30314540997474,-1.20746906787302,-1.01426903972894
"289","4673","Male",-0.000147558357519451,1.19661465507813,0.390498353322229,-0.179279573638491
"290","4672","Female",-0.322093575976668,-0.510547952869079,0.181630862852445,-0.110141937163997
"291","4660","Female",0.26046737942029,1.86070428330269,2.52987695789474,0.674352960028473
"292","4678","Female",0.364072233628075,-1.51778054755147,-1.51697903141027,-0.113167338685606
"293","4676","Female",0.196307244229225,-1.66713078937654,-1.42601550254551,-0.0124682937920294
"294","4666","Female",0.361952726120105,-1.66236614385618,-1.42801639808151,-0.112098719227983
"295","4646","Female",-0.26246203338278,0.586618292071084,0.167365373726695,0.0656564893018438
"296","4611","Male",-0.178658644795347,-1.39714865184623,-0.522726163777418,-0.566009219062846
"297","4602","Female",0.0279214538638579,-1.24025608084726,-0.749340991294052,0.600050832473095
"298","4626","Male",0.334722326804933,-0.319935927242737,-0.31532089757721,0.507506828690073
"299","4589","Female",-0.119307501411202,0.915246648059622,0.778869223005906,-0.0361079267656487
"300","4586","Female",0.585245798789168,-1.19053536295802,-0.612613058349167,0.594743549819984
"301","4581","Female",-0.0256614864309622,-1.72143051386814,-0.939910281744121,0.45076810007863
"302","4591","Female",-1.81296748558208,0.753594196519776,-0.68209258354692,-0.488304389600532
"303","4627","Female",0.269585244024613,-1.17756749170697,-1.18942085355734,0.649932596080846
"304","4623","Male",-0.616873475137608,1.10154425110447,1.9219879033696,0.197905099907717
"305","4601","Female",0.14904361853627,-1.41741185783641,-1.50284951759136,-0.601458554339616
"306","4600","Female",-0.360266581183842,-0.816725283661209,-1.38589403617433,-0.543424375502643
"307","4608","Female",0.801613860194776,-0.879496606150369,-1.39496685970797,0.469261299692154
"308","4599","Male",0.123479289679671,0.534813937068984,0.611648368981221,0.328652024673199
"309","4610","Female",0.266772458065957,-1.14798748817123,-0.406335101907743,0.657443064609328
"310","4609","Male",0.278585719084349,1.86483200169397,2.51843274289534,-0.229389963298178
"311","4607","Female",0.584448817758558,-0.322803107319005,0.849777424730927,0.576450926422635
"312","4578","Female",0.0646546986395288,-0.642628633378713,-0.366405022348299,0.609906613768641
"313","4588","Male",0.166313644890516,-0.93627713614316,-0.543057991493291,-0.11041876515486
"314","4617","Female",-1.16518130239033,-0.645236731249492,-0.576284907058968,-0.439568505249387
"315","4613","Female",-1.53003252083521,0.815624272713286,-0.493359941918473,-1.44161247910549
"316","4583","Female",-1.01988177396712,-1.32538706156237,-1.4747006531613,-0.594383387711462
"317","4585","Male",0.749729602951596,-0.971389036191959,-0.919719527198522,0.76078152444857
"318","4616","Male",-0.232835952833193,-0.502609790560087,-1.32261297857329,-0.0759242841782069
"319","4595","Male",-0.406554250759956,0.528074683613441,0.154495931065104,-0.41392571547016
"320","4619","Male",0.694039347241897,-0.81698208242215,-1.13012061022805,0.608132814584748
"321","4579","Male",0.621747741602809,-0.403080708315515,-1.30151566082596,0.725334125593136
"322","4620","Female",-0.301495661976212,0.641986357192904,-0.291243180595667,-0.0896574572379491
"323","4592","Male",0.742462744215996,1.46061869831346,0.881050779317318,0.605093406745714
"324","4598","Female",0.515551139774449,0.824113794677606,0.0239931992019819,0.0724965244413622
"325","4663","Female",-0.810898517109571,-0.694130315461755,-1.00133526681348,-0.219027801605794
"326","4670","Female",-0.950231773811804,0.494686295570705,0.218376980651258,-0.580371911929007
"327","4652","Male",0.380339283171797,-1.05619213253646,-1.18836238459182,0.537396874353634
"328","4419","Male",0.664950702864414,0.444942463516327,-1.14455514693006,0.73321425289043
"329","4653","Male",0.00934717556912415,0.529252087017331,0.571941366688646,0.00241461734724877
"330","4669","Male",0.0882408267373528,-0.28697241416109,-0.792753654430114,0.297291705560325
"331","4389","Female",-0.850703816750642,-0.586388929831364,0.985604925756641,-0.528909149379608
"332","4667","Female",0.648565417344822,-0.746548996688807,-0.678256044703762,0.739446770450016
"333","4541","Male",0.373812648394184,-0.276353913861914,-0.285783041733977,0.0793878170580929
"334","4686","Male",0.844502035800711,-1.85867378093516,-1.57282590152127,0.779110066798893
"335","4542","Female",0.168322646170787,1.29584443425647,2.10234988466393,0.0137341422100435
"336","4645","Male",0.405683513881251,0.777116987932552,0.72392289401983,0.517955337889549
"337","4656","Female",-0.379247844408783,-1.3277126167305,-0.866981842613248,0.194894670049489
"338","4395","Male",0.842436531673424,1.35108555098935,2.42984497592725,0.6702525598624
"339","4681","Male",-1.9048185840626,1.10403515346384,1.71065484556106,-0.608807292430326
"340","4414","Female",-1.10397277259572,-0.615724170237749,-0.644642930884591,0.204729654095653
"341","4508","Male",0.375922092343235,-0.41559948357781,0.172260357654542,-0.337433950526835
"342","4464","Male",-0.610005286185275,1.10842070047705,1.26719639656524,-0.383178933838967
"343","4683","Male",0.844017000952509,-1.73682319521944,-1.08720010283487,0.783616944638691
"344","4539","Female",0.465577853876294,-0.25048235808247,-1.03768835804987,0.692068025676503
"345","4653","Female",-1.28640188869604,-1.07045956083716,0.225906381224545,-0.905895074614205
"346","4657","Female",-0.0931296156442256,-0.693332276563221,-0.442127404342469,-0.0383785820285007
"347","4506","Female",-0.67388899367511,-0.630872509317821,-0.749458398293452,0.301203973000388
"348","4668","Male",-0.152705651040007,0.656960362559886,0.413080925451071,-0.221268393026132
"349","4684","Female",0.0154244022308205,0.172602700728384,-0.329975373578431,-0.11154066141446
"350","4637","Female",-0.958991907090162,-1.31461967456799,-0.601604537177313,-0.25943889806397
"351","4311","Male",0.492025237538027,0.899265197108186,-0.320800519166169,0.700792707867645
"352","4297","Male",-0.406873597555026,0.971315000617392,0.0359314042659007,-0.311961507642692
"353","4707","Female",0.0445008340266,-1.29985090959232,-1.4713324753712,0.0541013141292369
"354","4698","Female",0.815010837810435,0.974154585356509,0.961113563475414,0.491528381535247
"355","4703","Female",-0.177970760469004,-1.3956366390077,-1.37982999707842,-0.588997778921986
"356","4712","Female",-0.0159489285899483,-1.75717963279418,-1.07944312406111,0.588794804100601
"357","4702","Female",-1.37209440486322,0.64057644618609,0.993620825942847,-1.09923763242199
"358","4691","Female",0.603201966718912,0.692694750203768,1.35187814259337,-0.123355314427479
"359","4693","Female",0.240206836145559,-0.751025109298915,-0.834457615651666,0.0213040614390759
"360","4704","Female",0.248366998013404,1.62112039930256,2.05659498847047,-0.10288143878004
"361","4736","Female",-0.0958432886004446,0.910500397541265,-0.23246946757737,-0.0315413785906113
"362","4771","Female",0.583277322787548,-0.754359239070978,-1.13488758365251,0.719852089368486
"363","4697","Female",-0.551922419461318,-0.42681836803664,-0.848274553302516,-0.955984345335653
"364","4717","Female",0.605061782444891,-1.86478449359184,-1.57243097203704,0.724848973660167
"365","4723","Female",0.616471647954225,-0.431716726411255,-0.0852482190697935,0.73710775810967
"366","4726","Female",-0.934740403785846,1.23737540086506,1.94696712394905,-1.50702947374333
"367","4714","Female",-0.119851882811814,-0.414286158185963,-0.450464161333972,0.270495250708411
"368","4716","Female",0.387745972237462,0.838737694724159,1.10397649710517,0.692455427638149
"369","4718","Female",-0.154786101169043,-1.07758541292357,-1.42993643400666,-0.073171842294424
"370","4730","Female",0.834107583577833,0.170473580285429,-0.209854439085024,0.619785518444971
"371","4725","Female",0.727833867304453,-0.882028550822563,-1.39282403364061,0.613294239032497
"372","4720","Female",0.660973837925655,0.23431818116667,-0.795463933486323,0.736888179575417
"373","4728","Female",0.667579722312885,-0.14466972316684,-0.320481370682351,0.435127788790561
"374","4606","Female",0.644718788559187,1.64825676276312,1.62886960044508,0.240416543643069
"375","4733","Female",0.198549228867489,-1.34636965122355,-1.21699908248839,-0.31321733208721
"376","4731","Female",0.796252482070254,-1.85883176861248,-1.57608897733531,0.5023146862636
"377","4727","Female",0.159067383418255,1.20454609797177,1.75382750044853,0.508780283719998
"378","4729","Female",0.720946261997316,0.388789536257829,-0.732482206470527,-0.0619009096451747
"379","4722","Female",0.771444437038059,1.36240494675854,2.30836145633572,0.258329685975132
"380","4753","Male",0.702880619909229,1.24399599446044,1.18883438178218,0.588286128116436
"381","4604","Male",-1.33525815196731,0.923254983663593,0.641776886121865,-1.18895404510643
"382","4737","Male",-0.540886286811062,-0.0944535774939657,-0.0128360063126681,-0.439291296758772
"383","4746","Male",0.535969641902843,0.746904180198687,-0.617285009324321,0.358642843095321
"384","4763","Male",0.713348807337516,1.84456282897534,2.39346287885364,-0.106378893853561
"385","4759","Male",0.416827366173028,0.360848968945002,0.394978781859172,0.558511721009447
"386","4766","Male",0.53821911595821,-0.27882000409411,-0.343334823888327,0.268972427339414
"387","4768","Male",0.737965505780406,-0.454871258695858,-1.32085679146036,0.0764456672538293
"388","4762","Male",0.0876494712174582,0.403662129826049,0.386451914876635,-0.0565893196430741
"389","4764","Male",-0.0583950929554371,1.85502915509004,2.52273429976649,-0.00783420248951476
"390","4758","Male",0.399779606572496,0.300690240156791,-1.04176728479558,0.162344051486351
"391","4769","Male",0.86256193597974,0.849130052873179,2.10091523962244,0.810604224410745
"392","4754","Male",0.714981412458279,1.30329636477077,0.257817318503412,0.622845426059006
"393","4761","Male",0.692798126457547,-0.249903420223649,-0.271046776327626,0.588870020593724
"394","4756","Male",0.291353995673641,-0.3027781858753,-0.251691823013497,0.176403015732168
"395","4755","Male",-0.403875019968402,0.767227950933185,-0.266033947056169,0.0120183878907124
"396","4710","Female",0.873325531293372,1.87634492856979,2.52886611802787,0.813236680679217
"397","4746","Male",-0.123396836623509,0.557163730362848,0.708350477435457,-0.34781770494719
"398","4739","Male",-1.09640636012628,-0.0386775410867822,0.473807788125446,-0.238474302234868
"399","4754","Male",-2.16425283881428,1.31488818152644,2.41940298264343,-1.73149621311574
"400","4755","Male",-0.934214555897278,-0.00854373719837495,0.871155452897288,-1.28646555780167
"401","4742","Male",-1.12982585861424,-0.221250192691296,0.0724920714957598,-0.339573031557057
"402","4750","Male",-0.600570476163226,0.345616115867603,0.507691715091758,-2.24102461753342
"403","4754","Male",-1.07997577409818,0.283978130022377,0.881225449802794,-0.720726974074986
"404","4748","Male",0.665553303804573,1.87159621008803,2.52748420373587,0.628983633230509
"405","4753","Male",0.873325531293372,1.87634492856979,2.52886611802787,0.813236680679217
"406","4743","Female",-0.71877783699107,0.525446250164423,1.6021422823669,-0.850954389421892
"407","4760","Female",0.441037197045974,1.8006633279648,2.26300860509606,0.400769532840399
"408","4760","Female",0.331323687028308,1.47966179595648,2.00402633497355,0.523654576710504
"409","4767","Male",-1.19356250663035,-0.659674505028149,-1.362356576936,-1.55085529124824
"410","4778","Female",0.770492759107059,1.84325481039853,2.40762947932896,0.788778887261198
"411","4777","Male",0.796206633054294,-1.55663173487201,-1.03703874681939,0.498251079240858
"412","4763","Female",-0.877331647140437,-0.766666262145169,-1.24921147505183,-0.25998464306827
"413","4768","Male",0.467169719656401,0.274931836764612,0.0427311967554824,0.401665819821439
"414","4773","Male",0.626993756073787,1.22437369227359,2.29077353804135,0.757615463480924
"415","4765","Female",0.873325531293372,1.87634492856979,2.52886611802787,0.813236680679217
"416","4763","Female",-1.38521211999421,0.70879655459723,0.27346171772109,-0.720733415580039
"417","4770","Female",0.429382256892674,-0.883251585185609,-0.505403977425578,0.517339202667253
"418","4775","Female",0.327184611840912,-1.09088091829067,-1.18960589346676,0.66262546332135
"419","4769","Male",0.226535500446991,0.731141507094937,1.36722921845308,0.521989039358265
"420","4771","Female",-1.33436510192862,1.06487817934281,2.39016691106967,0.139804540680646
"421","4740","Male",-0.401680491220819,1.51861299125595,1.23507315758915,0.511979409569402
"422","4824","Male",0.346318968185283,0.450264526356366,0.232264687783222,-0.297640055964216
"423","4816","Male",-0.903302711312801,1.77227632344742,2.27647476917544,-0.334573289735775
"424","4820","Male",-0.144739301260284,-0.41872141246014,0.0257300503033747,-0.111702136568494
"425","4817","Male",0.844502035800711,-1.85867378093516,-1.57282590152127,0.779110066798893
"426","4824","Male",0.165406718052643,1.57027690945832,1.36993512482224,0.208830553025916
"427","4815","Male",0.873075781201388,1.42762488872991,1.24303726070985,0.801487039586903
"428","4825","Male",0.0432408689622934,-0.147990283376574,-1.25052642966168,0.593626266490976
"429","4819","Male",0.63709644321186,1.13163588465474,1.08857279931743,0.610448460151173
"430","4822","Female",0.43240361552217,0.00461257720349017,-0.357383113484131,0.690658041883778
"431","4821","Female",0.290617905188862,1.03445454086253,1.92512958901688,0.54322118509511
"432","4818","Male",0.621065648269908,0.336548111810462,1.08789061560388,0.747305189950975
"433","4781","Male",0.0950551344025836,-1.51365581059918,-1.52026581827155,-0.607154777913428
"434","4789","Male",0.442875689366053,0.508223165492089,0.460533304801884,0.69955091139581
"435","4782","Female",0.171442791061785,-0.305004118797463,0.277852122168664,-0.238240846700198
"436","4786","Male",-0.592303823687675,0.174893628099427,0.611953734974556,0.0187296624599117
"437","4783","Male",0.160452168971813,0.486542852776504,-0.805743695717994,-0.833362109509454
"438","4787","Female",-1.22142051410252,-0.734007955576373,-1.13102680403591,-0.774003694421887
"439","4785","Male",0.375991511031816,-0.962476234614717,-1.40366772409512,0.670889392513453
"440","4780","Female",-0.193757618386522,-1.44899570793048,-1.3866042594425,-0.365864812669038
"441","4788","Male",0.6676618235464,-1.33439491852235,-1.47448826683717,0.73784239086577
"442","4784","Male",-0.518775610255393,-0.572241835311018,-1.21897288103655,-0.443570356002413
"443","4779","Male",0.255553335255829,-0.622392156028215,-0.253567476482988,0.517150128752201
"444","4756","Male",-1.66842649208421,0.633710562846915,0.453747728125286,-1.37835291070837
"445","4795","Male",-0.541220720065849,-0.250544548497099,-1.14879269924913,-0.862153781963752
"446","4805","Male",-1.87243631886946,-1.10923685383683,-1.43455256442008,-1.1912133454896
"447","4799","Male",-1.54921220728875,-0.0312118874533516,0.682618048183473,-1.39797803798194
"448","4796","Female",-0.306808252799726,0.473971179802804,0.919826962242101,0.371748092284238
"449","4808","Male",-1.1863046951587,-0.882070413241889,-0.556208122385528,-0.715357227793911
"450","4806","Male",-0.854067810660038,-1.352047917297,-1.12998170573358,-0.521041679059421
"451","4793","Female",-0.614701756758861,-0.487998301983251,-0.0778893493836238,-0.349899765301379
"452","4809","Male",-0.600113735275432,-0.606405072408518,-1.340840793743,-0.258504810672794
"453","4807","Male",0.247986924705122,1.18621933558379,1.66204832965542,0.19465996730038
"454","4800","Male",0.393039013342064,0.38117731347216,-1.15681227339647,0.508884869839538
"455","4812","Female",-0.781220050054315,-0.191407921434062,-0.180334542117875,-0.624534021273153
"456","4810","Female",0.22426394944669,0.519442211198697,0.368754094062789,0.0511263025360189
"457","4803","Female",-1.40250160095036,-0.945188956004945,-0.437789132264873,-1.20773146149633
"458","4802","Female",-1.11445912301297,-1.90395878580887,-1.58426023434196,-0.831249497824705
"459","4813","Male",0.339101939076292,0.0654990649651009,0.227074750345683,-0.311792983078126
"460","4801","Female",-0.114733418111299,-0.645785740311726,-1.22303781703225,0.56019531046755
"461","4836","Male",0.382327864949867,-0.656004667937042,-0.500530559724162,0.231467989405684
"462","4832","Female",-0.342147337897363,1.84643265902627,2.52742168044693,0.263453671897855
"463","4838","Male",-1.11474420027298,-0.451584163974381,-0.579571872603324,-0.91575488664529
"464","4833","Male",-0.88486189455692,0.252124784573658,-0.439996807996377,-0.209862271383544
"465","4828","Male",-0.983344893159578,-0.798395400167041,-0.90991907397398,-0.715264030150519
"466","4831","Female",0.684799393822787,-1.83022879554917,-1.45190979935348,0.432096610300482
"467","4834","Male",0.0429829019872244,-0.129005026472812,0.3325174813995,-0.0948711705118239
"468","4835","Female",-0.45794792677846,-1.31249230067266,-0.828085617016352,-0.865313009694456
"469","4826","Male",0.617997251175839,-0.649456743982507,-1.11565864809364,0.727485568585378
"470","4827","Male",-1.06475422655723,0.051749233989159,-0.0547831501301374,-1.04238234153635
"471","4829","Female",0.235230044603906,-1.87235421798762,-1.57764032808868,0.17819179535972
"472","4837","Male",0.269850552079713,-0.0551741938422439,0.584725839941013,-0.688577884744988
"473","4830","Male",-1.88545689676074,-0.891517452423104,0.659686696470677,-2.31658855143046
"474","4846","Male",0.740367219138048,-0.652584329246509,-1.3571891079127,0.103106758174435
"475","4847","Male",0.651696195811217,1.45233222654761,2.1738841378441,0.127668340993594
"476","4855","Male",-0.255661394229148,-1.72039179088669,-0.937001250368639,-0.473491230028547
"477","4850","Male",-1.27179735488743,-0.304357398582934,-0.752096073624472,-1.08104582882086
"478","4581","Male",-0.149911077222171,-1.87899233992514,-1.58694229345643,-0.699452387169077
"479","4849","Male",0.171216257976197,-0.0905791018108996,-0.529190717817206,0.0300964020086191
"480","4845","Female",0.104762239579659,0.948035170951086,0.398450586192403,0.0126916536168484
"481","4848","Female",0.816544097240102,1.43979595164945,1.7910815034977,0.494444596484765
"482","4839","Female",-1.24558005829657,0.787837719706698,0.0223253438621051,-1.68918338706031
"483","4857","Female",0.405216216669382,0.110902413359276,0.729025801982472,0.520711043946703
"484","4856","Male",-0.977090809722988,-0.453304337926044,-0.718815496715516,-1.27704377509422
"485","4842","Male",0.19965590340605,-0.298032814026033,-0.686615300190638,0.286058026946356
"486","4852","Female",-1.33571708247291,-0.230083629534923,-1.27385367720587,-0.987786386266972
"487","4752","Male",-1.03169348339822,0.899156587185213,1.15846256475708,0.100807692159726
"488","4859","Male",0.527454582805387,-0.951326900462023,-1.42660054254066,-1.09889871613653
"489","4871","Female",0.138467916093289,1.68434199015673,2.49213140655805,0.209924361389635
"490","4873","Male",-0.897304514230713,-1.37592027431158,-1.47939739045744,-0.156994318786635
"491","4858","Male",0.381251243655884,0.89474016130297,0.319711679812256,0.0585418330112514
"492","4874","Male",-0.271833740219185,-0.159785321982407,0.0449023306007994,-0.162838347439084
"493","4863","Female",0.215744689243159,-1.87298067792399,-1.57720591204573,0.205771561661057
"494","4864","Female",0.30651604963525,-1.87108874042022,-1.57603329528514,0.331514823627771
"495","4860","Male",0.0675234516523596,0.0810464615661109,0.00756137741419663,0.178584339119293
"496","4866","Male",-0.412488412550282,-1.16112239507752,-1.07173482910098,-0.14113753198807
"497","4869","Male",0.525428744534231,-0.849932626295046,-0.589172875123391,0.228218109355078
"498","4862","Female",0.562932785486072,-1.68759038003193,-1.55010394688614,-0.0955296138025605
"499","4870","Male",-0.230610454997795,0.526644992818532,1.4056767946748,-0.325294659058347
"500","4868","Female",0.110581072855256,-1.24832964259331,-1.45497555879771,0.611372541162142
"501","4861","Female",-0.621937481729717,0.324980758290988,-0.310245475516493,0.150780173475577
"502","4892","Male",-0.0440507368587546,-0.690226902374507,-0.561984488112642,-0.0165327807819027
"503","4891","Male",-0.0290745884819629,-0.485556084173034,-0.452328259725314,-0.165508503832387
"504","4899","Female",0.119861133979526,-1.41138383221098,-1.25739840990106,0.115809326959459
"505","4898","Female",-0.788508604321284,-0.438867872559743,-0.244156308609225,-1.07707646632203
"506","4879","Female",0.204501553406823,0.51408307450238,-0.610891996726429,0.35986206752161
"507","4883","Female",-0.391977654650646,-0.43238338295389,-0.678611983361357,-0.544762312323026
"508","4919","Female",-0.668177049463006,1.07137563301357,0.802618910986172,-1.04086137167426
"509","4879","Male",0.875602583824035,1.30430317611373,0.249039301548378,0.792078618266625
"510","4913","Male",0.0248504127668705,-0.170392172402848,-0.332713895011017,-0.101598772450201
"511","4897","Male",-0.336540224115827,-1.7116370122061,-1.54516713125378,-0.0249530230400043
"512","4911","Female",0.154104453632178,-1.64683222961339,-1.53713477597246,0.0221268312975497
"513","4904","Male",0.564625630171013,-1.00823760671422,-1.21785388723192,0.443607039644547
"514","4895","Male",-0.554912214257528,-0.106088123151956,-0.414420460819737,-0.315905170640911
"515","4910","Female",-0.995777275658053,-1.1512819260891,-1.43754477371397,-0.211881857016106
"516","4901","Female",-0.602491670127035,-0.577886784803866,-0.773659109313767,-0.737793064608504
"517","4884","Female",-0.775087382421589,1.0541380665013,1.75716240502303,0.434785741357855
"518","4898","Female",0.705737454109503,1.00614046108209,0.417226607962886,-0.155288989754134
"519","4917","Male",0.329469558727426,-0.627556018291107,-1.1133835245891,0.389786721904949
"520","4924","Male",-1.05751812629118,0.0872235763096778,-0.729809156497296,-0.630894777661884
"521","4908","Female",0.253860256709764,-1.38650053858485,-1.36902743729781,0.172661780263471
"522","4900","Male",0.174916256507308,0.846845310541082,0.810548943156756,-0.143584159461061
"523","4922","Female",0.397633497078972,0.900510901463027,0.513720127185799,0.413905443480963
"524","4906","Female",0.712505260506318,1.73214037877657,1.96689898343777,0.634295018807331
"525","4899","Female",-0.195349668092957,-0.560278384504853,-0.70116615960186,-0.318677965529289
"526","4885","Female",0.671668064553882,0.584942537948719,1.39899445779553,0.463142148930687
"527","4914","Female",-0.165295579649971,0.794609966078782,0.990262901003374,0.240412674816925
"528","4921","Female",-0.187729331039512,0.529604792688482,0.792364641004338,-0.00586655539428749
"529","4903","Female",0.0196878763142209,-0.616560532546632,-0.776515122643236,0.0252468184292614
"530","4902","Female",-0.0908582258608935,0.746109003406469,0.107960704598825,-0.324411359847316
"531","4909","Female",0.0786033506202922,-0.0276254242914805,-0.133973638279066,-0.237057653582056
"532","4912","Female",0.510049702355497,0.344816709624061,0.652475850231162,0.280387709418012
"533","4926","Female",-1.04573168927181,-0.0508684956714131,-0.153989555366558,-0.78998096306446
"534","4886","Female",0.428313517626645,-0.936256437260883,-0.918514715568649,0.362137868569397
"535","4907","Male",0.0731430377875573,1.06946256145849,-0.646573301083103,-0.888075341332327
"536","4888","Female",0.686428935596735,1.14252989914388,1.60442569022107,-0.23669787434702
"537","4896","Female",-0.899264136660455,0.288701049675513,-0.301665125214566,-0.0212521299327689
"538","4927","Female",-1.50751148740528,-0.295831676303955,-0.380719832084529,-0.834878816521012
"539","4878","Female",0.571409885121977,0.0520577391691987,-0.847598504007094,0.716797681801598
"540","4923","Male",0.615794627534651,1.64382469788231,2.48379778020302,0.485224565439292
"541","4880","Male",0.662204834807362,-1.79675414438611,-1.33598620251718,-0.262942624902327
"542","4920","Female",0.81532622487488,1.59825830535903,1.4173481051667,0.463885214392051
"543","4887","Male",-0.460512088397917,0.318040429308873,1.14413606858072,-0.805856775215001
