"","X","U_ID","ID","Q07","Q08","Q09","Q10","Q11","Q12","Q13","Q14","Q15","Q16","Q17","Q18","Q19","Q20","Q21","Q22","Q23","Q24","Q25","Q26","Q27","Q28","Q29","Q31","Q32","Score","rowno","Q08_imp","Q09_imp","Q11_imp","Q12_imp","Q13_imp","Q15_imp","Q18_imp","Q19_imp","Q20_imp","Q21_imp","Q22_imp","Q23_imp","Q24_imp","Q25_imp","Q26_imp","Q27_imp","Q28_imp","Q29_imp","Q31_imp","Q32_imp"
"1",1,"A7","4244","5",2,1,3,2,5,5,3,1,4,4,5,5,4,4,4,4,5,NA,2,4,5,4,5,4,85,1,2,1,2,5,5,1,5,5,4,4,4,4,5,1,2,4,5,4,5,4
"2",2,"A3","4267",NA,4,4,4,4,4,4,4,4,5,5,5,5,4,5,5,5,5,NA,5,5,5,5,5,5,106,2,4,4,4,4,4,4,5,5,4,5,5,5,5,1,5,5,5,5,5,5
"3",3,"A10","4262","4",3,5,5,4,5,5,4,5,3,5,4,3,4,4,5,5,4,NA,5,5,5,5,5,5,103,3,3,5,4,5,5,5,4,3,4,4,5,5,4,1,5,5,5,5,5,5
"4",4,"A1","4246","4",4,4,4,4,4,4,4,4,3,3,3,4,3,4,3,2,4,NA,4,4,4,4,4,4,85,4,4,4,4,4,4,4,3,4,3,4,3,2,4,1,4,4,4,4,4,4
"5",5,"A6","4241","5",5,5,5,5,5,5,5,4,5,5,5,5,5,5,5,5,5,NA,5,5,5,5,5,5,114,5,5,5,5,5,5,4,5,5,5,5,5,5,5,1,5,5,5,5,5,5
"6",6,"A4","4254","3",4,5,4,5,5,4,3,5,4,5,5,4,4,3,4,5,5,NA,5,4,5,5,5,5,103,6,4,5,5,5,4,5,5,4,4,3,4,5,5,1,5,4,5,5,5,5
"7",7,"A5","4247","5",5,5,5,4,5,5,5,3,5,4,4,4,4,5,4,5,5,NA,5,5,5,5,4,5,106,7,5,5,4,5,5,3,4,4,4,5,4,5,5,1,5,5,5,5,4,5
"8",8,"A13","4259","5",4,5,5,4,5,5,4,5,5,5,5,5,5,5,5,5,5,NA,5,5,4,5,5,5,111,8,4,5,4,5,5,5,5,5,5,5,5,5,5,1,5,5,4,5,5,5
"9",9,"A9","4261","4",4,NA,5,4,4,5,4,3,5,4,4,2,3,4,4,4,5,NA,5,5,4,4,4,5,91,9,4,4,4,4,5,3,4,2,3,4,4,4,5,1,5,5,4,4,4,5
"10",10,"A2","4242","1",1,1,1,1,1,1,1,1,1,1,1,1,1,1,1,1,1,NA,1,1,1,1,1,1,23,10,1,1,1,1,1,1,1,1,1,1,1,1,1,1,1,1,1,1,1,1
"11",11,"A12","4257","5",5,5,5,5,5,5,5,3,3,4,4,3,3,3,4,3,4,NA,5,5,4,3,5,5,96,11,5,5,5,5,5,3,4,3,3,3,4,3,4,1,5,5,4,3,5,5
"12",12,"A8","4251","4",3,4,4,NA,NA,NA,3,4,4,3,NA,NA,NA,NA,NA,NA,NA,NA,NA,NA,NA,NA,NA,NA,25,12,3,4,1,2,1,4,2,2,2,2,2,1,1,1,4,1,3,1,2,1
"13",13,"A11","4250","5",4,4,5,5,5,5,5,3,4,4,4,3,5,4,4,4,5,NA,5,5,5,5,5,5,103,13,4,4,5,5,5,3,4,3,5,4,4,4,5,1,5,5,5,5,5,5
"14",14,"A19","4287","5",5,5,5,5,5,4,4,4,5,5,5,4,5,5,5,5,5,NA,5,5,5,NA,5,5,106,14,5,5,5,5,4,4,5,4,5,5,5,5,5,1,5,5,5,1,5,5
"15",15,"A15","4272A","4",4,4,3,4,4,5,3,5,4,5,5,5,5,5,5,5,5,NA,5,5,5,4,5,5,105,15,4,4,4,4,5,5,5,5,5,5,5,5,5,1,5,5,5,4,5,5
"16",16,"A17","4289","4",4,4,4,4,5,4,3,4,4,4,4,4,3,5,4,4,3,NA,4,4,4,3,3,4,89,16,4,4,4,5,4,4,4,4,3,5,4,4,3,1,4,4,4,3,3,4
"17",17,"A23","4294F","5",5,5,5,4,4,5,5,4,5,5,5,5,NA,4,4,5,5,NA,4,5,5,5,5,5,104,17,5,5,4,4,5,4,5,5,2,4,4,5,5,1,4,5,5,5,5,5
"18",18,"A20","4277","3",4,5,4,5,4,5,4,4,2,3,4,4,4,2,3,4,3,NA,5,5,4,3,5,5,91,18,4,5,5,4,5,4,4,4,4,2,3,4,3,1,5,5,4,3,5,5
"19",19,"A25","4286","4",3,3,3,4,4,4,4,3,3,3,4,3,3,3,4,4,4,NA,4,4,4,4,4,4,83,19,3,3,4,4,4,3,4,3,3,3,4,4,4,1,4,4,4,4,4,4
"20",20,"A21","4275","5",4,5,4,5,4,5,5,4,4,5,5,5,4,5,5,5,5,NA,5,5,5,5,5,5,109,20,4,5,5,4,5,4,5,5,4,5,5,5,5,1,5,5,5,5,5,5
"21",21,"A16","4284","4",4,3,4,4,4,4,5,3,4,4,4,3,4,4,3,3,3,NA,4,3,4,3,4,5,86,21,4,3,4,4,4,3,4,3,4,4,3,3,3,1,4,3,4,3,4,5
"22",22,"A22","4293F","5",5,5,4,5,4,5,3,4,5,5,3,5,5,4,5,5,4,NA,5,5,5,4,5,5,105,22,5,5,5,4,5,4,3,5,5,4,5,5,4,1,5,5,5,4,5,5
"23",23,"A14","4276","4",4,4,4,4,4,4,4,4,5,5,5,5,5,4,4,4,5,NA,5,5,5,5,5,5,104,23,4,4,4,4,4,4,5,5,5,4,4,4,5,1,5,5,5,5,5,5
"24",24,"A18","4273","5",5,4,5,4,4,4,4,5,4,4,5,5,3,5,5,5,5,NA,5,5,5,5,5,5,106,24,5,4,4,4,4,5,5,5,3,5,5,5,5,1,5,5,5,5,5,5
"25",25,"A24","4285","4",4,5,5,4,5,4,4,4,4,4,4,4,4,4,5,5,4,NA,4,4,5,5,4,5,100,25,4,5,4,5,4,4,4,4,4,4,5,5,4,1,4,4,5,5,4,5
"26",26,"A29","4268","3",3,4,5,3,4,3,3,5,5,5,5,3,4,3,5,5,5,4,4,5,5,4,5,5,102,26,3,4,3,4,3,5,5,3,4,3,5,5,5,4,4,5,5,4,5,5
"27",27,"A33","4264","4",4,4,4,5,4,4,4,3,5,3,3,4,5,4,4,5,4,5,5,5,4,4,5,5,102,27,4,4,5,4,4,3,3,4,5,4,4,5,4,5,5,5,4,4,5,5
"28",28,"A32","4258","4",4,5,5,5,4,5,4,5,4,5,5,5,4,4,5,5,4,4,5,5,5,4,5,5,111,28,4,5,5,4,5,5,5,5,4,4,5,5,4,4,5,5,5,4,5,5
"29",29,"A27","4248","4",4,5,5,5,5,5,4,5,5,5,5,5,5,5,5,5,5,5,5,5,5,5,5,5,118,29,4,5,5,5,5,5,5,5,5,5,5,5,5,5,5,5,5,5,5,5
"30",30,"A35","4274","4",4,5,4,4,4,4,4,4,4,5,5,3,4,4,5,5,5,5,5,4,4,5,5,4,105,30,4,5,4,4,4,4,5,3,4,4,5,5,5,5,5,4,4,5,5,4
"31",31,"A30","4260","4",5,5,5,5,5,5,5,4,5,5,5,4,4,4,5,5,5,4,5,5,5,4,5,5,114,31,5,5,5,5,5,4,5,4,4,4,5,5,5,4,5,5,5,4,5,5
"32",32,"A34","4271","2",2,5,4,4,4,1,4,5,4,5,5,5,3,3,4,5,5,4,4,5,5,5,5,5,101,32,2,5,4,4,1,5,5,5,3,3,4,5,5,4,4,5,5,5,5,5
"33",33,"A26","4243","3",4,4,4,2,4,4,3,3,3,4,3,4,4,5,4,4,4,4,4,4,4,3,5,4,91,33,4,4,2,4,4,3,3,4,4,5,4,4,4,4,4,4,4,3,5,4
"34",34,"A28","4249","5",4,5,4,5,4,5,4,4,5,5,4,4,5,5,5,4,5,5,4,4,4,5,4,4,107,34,4,5,5,4,5,4,4,4,5,5,5,4,5,5,4,4,4,5,4,4
"35",35,"A36","4240","3",4,2,4,4,3,3,3,1,1,3,1,3,2,3,2,2,2,NA,4,3,NA,3,4,4,61,35,4,2,4,3,3,1,1,3,2,3,2,2,2,1,4,3,2,3,4,4
"36",36,"A31","4269","4",4,4,5,5,5,4,4,2,3,3,5,4,3,3,4,4,3,3,4,5,4,4,5,5,95,36,4,4,5,5,4,2,5,4,3,3,4,4,3,3,4,5,4,4,5,5
"37",37,"A41","4278","2",2,3,3,3,4,4,2,5,4,3,3,3,3,2,4,3,3,3,4,5,3,2,4,4,79,37,2,3,3,4,4,5,3,3,3,2,4,3,3,3,4,5,3,2,4,4
"38",38,"A43","4293","4",4,4,4,4,3,4,4,NA,3,5,4,4,3,4,4,3,5,5,5,5,3,4,4,4,92,38,4,4,4,3,4,3,4,4,3,4,4,3,5,5,5,5,3,4,4,4
"39",39,"A44","4288","4",5,5,5,4,4,5,4,4,4,4,5,5,5,4,5,4,4,4,5,5,5,4,5,5,109,39,5,5,4,4,5,4,5,5,5,4,5,4,4,4,5,5,5,4,5,5
"40",40,"A42","4290","5",5,5,5,4,4,5,4,4,4,4,3,3,4,4,5,4,4,4,5,5,4,4,4,4,101,40,5,5,4,4,5,4,3,3,4,4,5,4,4,4,5,5,4,4,4,4
"41",41,"A39","4291","2",4,5,5,4,4,4,4,2,2,3,2,4,4,1,3,3,2,2,5,5,4,3,4,4,83,41,4,5,4,4,4,2,2,4,4,1,3,3,2,2,5,5,4,3,4,4
"42",42,"A40","4282","4",3,4,5,5,4,4,5,1,4,2,4,4,4,4,3,4,4,4,4,4,5,4,4,4,93,42,3,4,5,4,4,1,4,4,4,4,3,4,4,4,4,4,5,4,4,4
"43",43,"A47","4304","5",4,5,5,5,4,5,5,5,4,4,4,5,4,5,4,5,5,4,5,4,4,5,4,4,108,43,4,5,5,4,5,5,4,5,4,5,4,5,5,4,5,4,4,5,4,4
"44",44,"A49","4321","3",4,4,4,2,4,3,5,5,3,4,4,4,5,3,4,4,5,5,4,5,4,3,3,5,96,44,4,4,2,4,3,5,4,4,5,3,4,4,5,5,4,5,4,3,3,5
"45",45,"A53","4322","5",3,3,3,4,5,5,4,4,5,5,5,5,5,5,5,4,5,5,5,5,5,5,5,4,109,45,3,3,4,5,5,4,5,5,5,5,5,4,5,5,5,5,5,5,5,4
"46",46,"A50","4294","3",3,3,4,4,4,4,4,4,4,5,5,4,3,3,4,5,4,3,4,5,4,4,5,4,96,46,3,3,4,4,4,4,5,4,3,3,4,5,4,3,4,5,4,4,5,4
"47",47,"A55","4310","4",4,4,5,5,5,3,5,4,4,5,5,3,4,5,5,5,5,4,5,5,5,3,5,5,108,47,4,4,5,5,3,4,5,3,4,5,5,5,5,4,5,5,5,3,5,5
"48",48,"A45","4309","5",5,5,5,3,5,5,5,5,5,5,5,5,5,5,5,5,5,5,5,5,5,5,5,5,118,48,5,5,3,5,5,5,5,5,5,5,5,5,5,5,5,5,5,5,5,5
"49",49,"A46","4306","4",3,3,4,5,5,5,3,5,3,4,2,4,4,5,4,4,3,3,4,5,4,4,5,5,96,49,3,3,5,5,5,5,2,4,4,5,4,4,3,3,4,5,4,4,5,5
"50",50,"A58","4313","3",3,3,3,3,4,3,3,4,4,4,4,3,4,4,4,4,3,4,4,4,3,3,4,4,86,50,3,3,3,4,3,4,4,3,4,4,4,4,3,4,4,4,3,3,4,4
"51",51,"A52","4315","4",5,5,5,4,5,5,5,5,5,1,5,4,5,4,5,5,5,5,4,5,5,5,5,5,112,51,5,5,4,5,5,5,5,4,5,4,5,5,5,5,4,5,5,5,5,5
"52",52,"A59","4299","5",4,5,5,4,5,5,4,5,4,5,5,4,4,4,4,4,4,5,5,5,5,5,5,5,110,52,4,5,4,5,5,5,5,4,4,4,4,4,4,5,5,5,5,5,5,5
"53",53,"A48","4319","4",3,4,4,4,5,5,4,3,4,4,4,4,5,5,4,5,5,5,5,4,4,4,5,5,104,53,3,4,4,5,5,3,4,4,5,5,4,5,5,5,5,4,4,4,5,5
"54",54,"A56","4302","3",3,4,4,5,5,5,5,3,4,4,5,4,4,5,4,5,4,4,5,5,5,4,5,5,106,54,3,4,5,5,5,3,5,4,4,5,4,5,4,4,5,5,5,4,5,5
"55",55,"A54","4300","4",3,4,3,3,4,4,3,5,2,5,5,4,5,5,4,5,5,4,5,5,5,5,5,5,103,55,3,4,3,4,4,5,5,4,5,5,4,5,5,4,5,5,5,5,5,5
"56",56,"A57","4301","5",4,4,4,4,5,4,4,4,5,5,5,4,4,5,4,5,5,5,5,5,5,5,5,5,110,56,4,4,4,5,4,4,5,4,4,5,4,5,5,5,5,5,5,5,5,5
"57",57,"A51","4318","3",4,3,3,3,4,4,3,4,5,5,5,3,4,4,4,4,4,3,4,5,4,4,4,5,95,57,4,3,3,4,4,4,5,3,4,4,4,4,4,3,4,5,4,4,4,5
"58",58,"A70","4362","3",4,4,3,4,4,4,3,3,4,5,5,4,3,4,4,5,4,4,5,5,5,4,5,5,100,58,4,4,4,4,4,3,5,4,3,4,4,5,4,4,5,5,5,4,5,5
"59",59,"A63","4343","4",5,5,5,5,5,5,4,5,5,5,5,5,5,4,5,5,5,5,5,5,5,5,5,5,118,59,5,5,5,5,5,5,5,5,5,4,5,5,5,5,5,5,5,5,5,5
"60",60,"A60","4363","4",4,5,5,5,5,5,5,4,4,4,4,5,4,4,5,5,5,5,5,5,5,5,NA,5,108,60,4,5,5,5,5,4,4,5,4,4,5,5,5,5,5,5,5,5,3,5
"61",61,"A61","4333","4",4,4,4,4,4,4,4,3,4,4,4,3,3,4,3,3,4,4,5,4,4,4,4,4,92,61,4,4,4,4,4,3,4,3,3,4,3,3,4,4,5,4,4,4,4,4
"62",62,"A69","4327","5",3,4,4,3,5,4,5,3,3,5,5,5,3,4,5,4,5,5,5,5,5,5,5,5,105,62,3,4,3,5,4,3,5,5,3,4,5,4,5,5,5,5,5,5,5,5
"63",63,"A68","4368F"," when it floats and when it sinks in same volume of water",4,4,3,4,3,4,4,4,5,5,5,4,3,5,4,5,5,3,3,5,5,5,3,4,99,63,4,4,4,3,4,4,5,4,3,5,4,5,5,3,3,5,5,5,3,4
"64",64,"A64","4367","4",3,4,5,5,4,4,5,3,5,5,5,4,5,5,4,5,3,4,5,5,4,4,5,5,106,64,3,4,5,4,4,3,5,4,5,5,4,5,3,4,5,5,4,4,5,5
"65",65,"A72","4359","4",3,5,5,4,4,5,5,4,4,4,4,3,3,3,4,5,4,4,5,5,5,5,5,5,103,65,3,5,4,4,5,4,4,3,3,3,4,5,4,4,5,5,5,5,5,5
"66",66,"A79","4347","4",5,5,5,5,4,4,5,5,5,5,5,4,4,5,5,4,5,5,5,5,5,5,5,5,115,66,5,5,5,4,4,5,5,4,4,5,5,4,5,5,5,5,5,5,5,5
"67",67,"A77","4323","4",4,5,5,5,5,5,5,4,4,5,5,5,4,5,5,5,5,5,4,5,5,5,4,5,114,67,4,5,5,5,5,4,5,5,4,5,5,5,5,5,4,5,5,5,4,5
"68",68,"A66","4356","4",4,3,4,4,5,4,3,3,4,5,5,4,4,3,3,5,4,4,5,5,5,4,5,5,100,68,4,3,4,5,4,3,5,4,4,3,3,5,4,4,5,5,5,4,5,5
"69",69,"A67","4357","4",NA,5,5,5,4,4,4,4,3,4,4,4,4,5,3,4,4,5,4,5,4,5,4,4,97,69,3,5,5,4,4,4,4,4,4,5,3,4,4,5,4,5,4,5,4,4
"70",70,"A80","4339","4",4,4,4,3,4,4,3,4,3,4,4,4,5,4,5,4,4,4,5,5,4,4,5,5,99,70,4,4,3,4,4,4,4,4,5,4,5,4,4,4,5,5,4,4,5,5
"71",71,"A62","4373","4",4,3,4,3,5,4,3,4,4,4,5,4,5,4,4,5,5,5,5,5,5,5,5,5,105,71,4,3,3,5,4,4,5,4,5,4,4,5,5,5,5,5,5,5,5,5
"72",72,"A71","4348","4",4,5,5,4,5,4,4,3,5,4,4,3,3,3,4,5,5,4,4,5,4,5,5,5,102,72,4,5,4,5,4,3,4,3,3,3,4,5,5,4,4,5,4,5,5,5
"73",73,"A76","4355","4",3,4,4,4,4,3,4,3,3,4,3,3,3,3,3,4,4,4,5,4,4,4,4,4,88,73,3,4,4,4,3,3,3,3,3,3,3,4,4,4,5,4,4,4,4,4
"74",74,"A65","4324","5",5,5,5,3,5,5,4,5,5,5,5,5,5,5,5,5,5,5,5,5,5,5,5,5,117,74,5,5,3,5,5,5,5,5,5,5,5,5,5,5,5,5,5,5,5,5
"75",75,"A74","4342","5",5,5,2,4,5,5,5,4,4,4,5,4,5,4,5,5,4,4,5,5,4,4,5,5,107,75,5,5,4,5,5,4,5,4,5,4,5,5,4,4,5,5,4,4,5,5
"76",76,"A126","4352","5",5,5,5,5,5,5,5,5,5,5,5,5,5,5,5,5,5,5,5,5,5,5,5,5,120,76,5,5,5,5,5,5,5,5,5,5,5,5,5,5,5,5,5,5,5,5
"77",77,"A73","4328","5",4,5,5,5,5,4,4,4,3,5,4,4,4,5,4,5,5,4,5,5,5,5,5,5,109,77,4,5,5,5,4,4,4,4,4,5,4,5,5,4,5,5,5,5,5,5
"78",78,"A78","4364","4",4,4,4,4,4,4,4,4,3,4,4,3,4,4,4,4,3,3,4,4,4,3,4,4,91,78,4,4,4,4,4,4,4,3,4,4,4,4,3,3,4,4,4,3,4,4
"79",79,"A92","4413","4",4,4,4,4,4,3,4,2,2,3,2,3,2,3,4,4,3,4,5,5,3,4,5,5,86,79,4,4,4,4,3,2,2,3,2,3,4,4,3,4,5,5,3,4,5,5
"80",80,"A91","4415","4",4,4,4,4,4,4,4,4,3,4,4,3,3,3,3,4,3,3,4,4,3,3,4,4,87,80,4,4,4,4,4,4,4,3,3,3,3,4,3,3,4,4,3,3,4,4
"81",81,"A95","4421","4",5,4,4,4,5,4,4,5,4,4,5,4,4,3,4,5,3,3,5,5,4,3,5,5,101,81,5,4,4,5,4,5,5,4,4,3,4,5,3,3,5,5,4,3,5,5
"82",82,"A85","4410","4",4,5,4,4,4,4,4,4,4,4,5,5,4,4,5,5,5,4,5,5,4,4,5,5,106,82,4,5,4,4,4,4,5,5,4,4,5,5,5,4,5,5,4,4,5,5
"83",83,"A86","4411","4",4,4,4,3,4,4,3,3,4,4,4,4,5,3,4,5,3,4,4,5,4,4,4,5,95,83,4,4,3,4,4,3,4,4,5,3,4,5,3,4,4,5,4,4,4,5
"84",84,"A87","4396","5",4,4,5,4,5,5,4,5,5,5,5,4,5,5,5,5,5,5,5,5,5,4,5,5,114,84,4,4,4,5,5,5,5,4,5,5,5,5,5,5,5,5,5,4,5,5
"85",85,"A84","4404","4",5,5,5,5,5,5,5,2,4,3,2,2,2,2,4,4,4,3,5,5,4,4,5,5,95,85,5,5,5,5,5,2,2,2,2,2,4,4,4,3,5,5,4,4,5,5
"86",86,"A93","4022","5",3,4,4,4,4,3,2,5,5,5,5,4,4,5,5,5,3,4,5,5,5,4,5,5,103,86,3,4,4,4,3,5,5,4,4,5,5,5,3,4,5,5,5,4,5,5
"87",87,"A81","4422","5",5,5,5,5,5,5,5,5,5,5,5,5,5,5,5,5,5,5,5,5,5,5,5,5,120,87,5,5,5,5,5,5,5,5,5,5,5,5,5,5,5,5,5,5,5,5
"88",88,"A90","4419C","4",3,3,4,4,4,4,3,2,3,3,3,3,3,3,4,4,3,4,4,4,4,4,4,4,84,88,3,3,4,4,4,2,3,3,3,3,4,4,3,4,4,4,4,4,4,4
"89",89,"A89","4418","4",3,4,4,4,5,4,4,4,5,5,5,4,4,4,4,5,5,5,5,5,4,5,5,5,107,89,3,4,4,5,4,4,5,4,4,4,4,5,5,5,5,5,4,5,5,5
"90",90,"A83","4407","5",4,4,4,4,4,4,5,4,5,5,4,4,5,3,4,5,4,4,4,4,4,4,4,5,101,90,4,4,4,4,4,4,4,4,5,3,4,5,4,4,4,4,4,4,4,5
"91",91,"A82","4406","4",4,5,5,4,4,4,4,3,4,5,4,3,4,4,4,4,4,3,5,5,3,4,5,5,99,91,4,5,4,4,4,3,4,3,4,4,4,4,4,3,5,5,3,4,5,5
"92",92,"A97","4397","4",3,4,4,4,4,4,4,4,4,4,4,4,3,4,3,5,5,4,5,5,5,4,5,5,100,92,3,4,4,4,4,4,4,4,3,4,3,5,5,4,5,5,5,4,5,5
"93",93,"A94","4400","3",4,4,4,4,4,4,3,3,4,4,4,4,4,3,5,4,4,4,4,5,4,4,4,5,96,93,4,4,4,4,4,3,4,4,4,3,5,4,4,4,4,5,4,4,4,5
"94",94,"A96","4417","4",4,5,5,5,4,5,4,3,5,4,4,4,4,5,4,5,5,4,5,5,4,4,5,5,107,94,4,5,5,4,5,3,4,4,4,5,4,5,5,4,5,5,4,4,5,5
"95",95,"A98","4408F","3",4,4,5,4,4,4,3,3,5,4,4,4,3,4,4,4,4,4,5,5,4,4,5,5,99,95,4,4,4,4,4,3,4,4,3,4,4,4,4,4,5,5,4,4,5,5
"96",96,"A104","4447","5",5,5,4,4,5,5,4,4,5,4,5,4,4,5,5,5,4,5,5,5,5,5,5,5,112,96,5,5,4,5,5,4,5,4,4,5,5,5,4,5,5,5,5,5,5,5
"97",97,"A100","4459","5",5,5,5,5,5,5,5,4,3,4,4,3,4,4,3,4,4,4,4,5,4,4,5,5,103,97,5,5,5,5,5,4,4,3,4,4,3,4,4,4,4,5,4,4,5,5
"98",98,"A109","4448","5",3,5,4,4,5,5,4,4,5,5,5,4,5,3,5,5,5,4,5,4,5,5,4,4,107,98,3,5,4,5,5,4,5,4,5,3,5,5,5,4,5,4,5,5,4,4
"99",99,"A112","4453","4",4,4,5,4,4,4,4,4,4,4,5,4,4,3,4,5,4,4,4,4,4,4,4,5,99,99,4,4,4,4,4,4,5,4,4,3,4,5,4,4,4,4,4,4,4,5
"100",100,"A106","4454","4",5,4,5,3,3,4,4,2,3,3,3,3,2,2,4,4,5,5,5,4,3,5,4,5,90,100,5,4,3,3,4,2,3,3,2,2,4,4,5,5,5,4,3,5,4,5
"101",101,"A99","4456","4",4,4,4,4,4,4,5,5,5,4,4,3,4,3,4,5,5,4,4,5,4,4,5,5,102,101,4,4,4,4,4,5,4,3,4,3,4,5,5,4,4,5,4,4,5,5
"102",102,"A107","4450","4",4,4,4,3,4,4,3,4,3,3,3,3,3,3,3,5,3,4,5,5,4,3,4,5,89,102,4,4,3,4,4,4,3,3,3,3,3,5,3,4,5,5,4,3,4,5
"103",103,"A102","4449","4",5,5,5,4,4,4,4,5,5,5,4,5,4,4,5,3,3,4,4,4,4,3,4,5,102,103,5,5,4,4,4,5,4,5,4,4,5,3,3,4,4,4,4,3,4,5
"104",104,"A108","4452","1",4,1,1,3,5,4,1,5,4,1,5,4,1,2,5,5,5,1,5,1,5,1,1,1,71,104,4,1,3,5,4,5,5,4,1,2,5,5,5,1,5,1,5,1,1,1
"105",105,"A105","4458","5",4,5,5,5,5,5,5,4,4,4,5,4,4,5,5,5,5,4,5,5,5,5,5,5,113,105,4,5,5,5,5,4,5,4,4,5,5,5,5,4,5,5,5,5,5,5
"106",106,"A101","4455","4",4,4,4,4,4,4,3,1,4,3,2,4,3,4,1,1,2,2,4,4,1,3,4,4,74,106,4,4,4,4,4,1,2,4,3,4,1,1,2,2,4,4,1,3,4,4
"107",107,"A103","4435","3",3,2,3,4,4,4,2,4,3,5,4,4,4,4,5,4,4,4,3,3,4,3,5,3,88,107,3,2,4,4,4,4,4,4,4,4,5,4,4,4,3,3,4,3,5,3
"108",108,"A110","4457","3",4,4,4,4,5,5,4,3,4,4,4,3,4,4,5,4,3,4,4,4,4,5,4,4,97,108,4,4,4,5,5,3,4,3,4,4,5,4,3,4,4,4,4,5,4,4
"109",109,"A111","4451","4",4,5,4,4,5,4,4,5,5,5,5,5,5,5,5,5,5,5,5,5,5,5,5,5,115,109,4,5,4,5,4,5,5,5,5,5,5,5,5,5,5,5,5,5,5,5
"110",110,"A113","4460","4",4,5,5,4,4,4,4,4,5,5,5,4,4,4,5,5,5,5,5,5,5,5,5,5,111,110,4,5,4,4,4,4,5,4,4,4,5,5,5,5,5,5,5,5,5,5
"111",111,"A116","4384","5",5,5,5,5,5,5,5,4,5,5,5,5,5,5,4,5,5,5,5,5,5,5,5,5,118,111,5,5,5,5,5,4,5,5,5,5,4,5,5,5,5,5,5,5,5,5
"112",112,"A125","4378","4",4,4,4,4,4,4,4,4,4,4,4,4,4,4,4,4,4,4,4,4,4,4,5,4,97,112,4,4,4,4,4,4,4,4,4,4,4,4,4,4,4,4,4,4,5,4
"113",113,"A123","4377","3",4,4,4,4,4,4,4,4,4,4,4,4,3,3,4,4,4,4,4,5,5,4,5,5,98,113,4,4,4,4,4,4,4,4,3,3,4,4,4,4,4,5,5,4,5,5
"114",114,"A119","4376","4",5,5,5,4,5,4,4,5,4,5,4,5,5,4,5,5,4,5,5,5,5,5,5,5,113,114,5,5,4,5,4,5,4,5,5,4,5,5,4,5,5,5,5,5,5,5
"115",115,"A114","4390","4",3,4,4,3,4,4,4,4,5,4,4,4,3,5,5,4,4,4,4,4,4,5,5,5,99,115,3,4,3,4,4,4,4,4,3,5,5,4,4,4,4,4,4,5,5,5
"116",116,"A122","4382","3",3,4,4,4,4,3,3,3,2,4,4,4,3,4,3,4,4,4,3,4,4,4,4,4,87,116,3,4,4,4,3,3,4,4,3,4,3,4,4,4,3,4,4,4,4,4
"117",117,"A121","4383","5",4,4,4,4,5,4,5,5,4,5,5,5,3,5,5,5,5,5,5,5,5,5,5,5,112,117,4,4,4,5,4,5,5,5,3,5,5,5,5,5,5,5,5,5,5,5
"118",118,"A118","4379","4",4,4,5,4,4,4,3,5,4,4,4,4,4,4,4,5,5,5,4,4,4,5,4,5,102,118,4,4,4,4,4,5,4,4,4,4,4,5,5,5,4,4,4,5,4,5
"119",119,"A206","4381","3",2,4,3,2,4,4,2,3,3,4,3,2,3,4,3,2,2,5,5,4,3,4,4,4,79,119,2,4,2,4,4,3,3,2,3,4,3,2,2,5,5,4,3,4,4,4
"120",120,"A117","4368","5",4,5,5,5,5,4,5,5,5,5,5,5,5,5,5,5,5,5,5,5,5,5,5,5,118,120,4,5,5,5,4,5,5,5,5,5,5,5,5,5,5,5,5,5,5,5
"121",121,"A124","4380","4",5,5,5,4,5,5,4,3,5,5,4,4,4,5,5,5,4,5,5,5,5,5,5,5,112,121,5,5,4,5,5,3,4,4,4,5,5,5,4,5,5,5,5,5,5,5
"122",122,"A120","4394","5",5,5,5,5,5,5,4,4,5,5,5,5,4,4,5,5,5,5,5,5,5,5,5,5,116,122,5,5,5,5,5,4,5,5,4,4,5,5,5,5,5,5,5,5,5,5
"123",123,"A115","4391","3",3,3,4,3,4,3,4,2,3,3,3,3,4,3,3,4,3,3,4,4,2,3,4,4,79,123,3,3,3,4,3,2,3,3,4,3,3,4,3,3,4,4,2,3,4,4
"124",124,"A132","4335","4",4,4,4,5,4,4,4,3,5,4,3,3,4,5,4,4,3,3,4,5,4,3,4,5,95,124,4,4,5,4,4,3,3,3,4,5,4,4,3,3,4,5,4,3,4,5
"125",125,"A133","4279F","5",4,5,4,4,5,4,4,5,4,5,4,4,4,4,4,5,5,5,5,5,5,5,5,5,109,125,4,5,4,5,4,5,4,4,4,4,4,5,5,5,5,5,5,5,5,5
"126",126,"A129","4279","4",4,4,4,3,5,4,4,4,4,4,4,2,3,4,4,5,4,4,4,4,4,4,4,4,94,126,4,4,3,5,4,4,4,2,3,4,4,5,4,4,4,4,4,4,4,4
"127",127,"A127","4334","5",4,4,5,4,5,5,5,4,4,4,4,4,3,4,4,4,4,4,4,5,4,4,5,4,101,127,4,4,4,5,5,4,4,4,3,4,4,4,4,4,4,5,4,4,5,4
"128",128,"A130","4281F","4",3,5,4,3,5,4,3,5,5,5,4,4,3,4,4,5,4,4,5,5,5,4,5,5,103,128,3,5,3,5,4,5,4,4,3,4,4,5,4,4,5,5,5,4,5,5
"129",129,"A131","4245","4",4,4,4,5,5,5,4,3,5,5,4,3,4,4,3,5,4,4,5,5,4,4,4,5,102,129,4,4,5,5,5,3,4,3,4,4,3,5,4,4,5,5,4,4,4,5
"130",130,"A128","4341","5",5,5,5,5,5,5,4,3,3,5,5,5,5,3,5,4,4,4,5,5,5,4,5,4,108,130,5,5,5,5,5,3,5,5,5,3,5,4,4,4,5,5,5,4,5,4
"131",131,"A135","4283","4",4,4,4,3,4,4,3,4,4,4,4,4,4,4,4,4,4,4,5,5,4,4,5,5,98,131,4,4,3,4,4,4,4,4,4,4,4,4,4,4,5,5,4,4,5,5
"132",132,"A144","4430","5",5,5,5,3,4,5,3,3,4,4,4,3,4,5,5,5,2,3,5,5,5,3,5,5,100,132,5,5,3,4,5,3,4,3,4,5,5,5,2,3,5,5,5,3,5,5
"133",133,"A142","4431","3",3,3,4,3,4,4,3,3,5,5,5,5,3,4,4,5,4,4,4,4,4,4,3,4,94,133,3,3,3,4,4,3,5,5,3,4,4,5,4,4,4,4,4,4,3,4
"134",134,"A141","4437","5",5,5,4,5,5,4,4,4,5,5,5,4,5,4,5,4,5,5,5,5,5,5,5,5,113,134,5,5,5,5,4,4,5,4,5,4,5,4,5,5,5,5,5,5,5,5
"135",135,"A134","4428","5",4,4,4,4,5,5,4,4,4,4,4,4,4,4,3,4,4,4,5,5,5,4,5,5,102,135,4,4,4,5,5,4,4,4,4,4,3,4,4,4,5,5,5,4,5,5
"136",136,"A137","4426","4",4,4,5,4,5,4,3,4,4,4,5,4,4,4,4,4,4,4,5,5,4,4,5,5,102,136,4,4,4,5,4,4,5,4,4,4,4,4,4,4,5,5,4,4,5,5
"137",137,"A138","4436","5",5,5,5,5,5,4,4,4,5,5,5,4,4,5,5,4,5,5,5,5,5,5,5,5,114,137,5,5,5,5,4,4,5,4,4,5,5,4,5,5,5,5,5,5,5,5
"138",138,"A143","4432","3",4,3,4,3,4,3,3,1,3,3,4,4,3,2,4,4,3,4,4,3,4,4,4,3,81,138,4,3,3,4,3,1,4,4,3,2,4,4,3,4,4,3,4,4,4,3
"139",139,"A140","4423","4",4,5,4,4,5,3,4,4,5,5,5,5,5,5,5,5,5,5,5,5,5,5,5,5,113,139,4,5,4,5,3,4,5,5,5,5,5,5,5,5,5,5,5,5,5,5
"140",140,"A145","4429","4",4,4,4,4,4,4,4,4,4,4,4,4,4,4,4,4,4,4,4,4,4,4,4,4,96,140,4,4,4,4,4,4,4,4,4,4,4,4,4,4,4,4,4,4,4,4
"141",141,"A136","4433","5",5,5,5,4,5,4,4,4,4,5,5,4,5,3,4,5,5,5,5,5,5,5,5,5,111,141,5,5,4,5,4,4,5,4,5,3,4,5,5,5,5,5,5,5,5,5
"142",142,"A139","4440","4",5,3,4,3,5,2,2,1,5,2,2,3,3,1,5,3,3,1,4,4,4,3,4,4,76,142,5,3,3,5,2,1,2,3,3,1,5,3,3,1,4,4,4,3,4,4
"143",143,"A146","4360","2",4,4,4,4,4,4,3,1,3,4,3,1,3,2,2,4,2,3,4,4,4,2,4,4,77,143,4,4,4,4,4,1,3,1,3,2,2,4,2,3,4,4,4,2,4,4
"144",144,"A148","4350","4",4,5,5,5,4,4,5,3,3,3,4,3,4,3,3,4,4,5,4,4,4,4,4,4,95,144,4,5,5,4,4,3,4,3,4,3,3,4,4,5,4,4,4,4,4,4
"145",145,"A147","4344","5",5,5,5,5,5,4,5,2,5,4,4,3,2,5,5,5,4,4,5,5,3,4,5,5,104,145,5,5,5,5,4,2,4,3,2,5,5,5,4,4,5,5,3,4,5,5
"146",146,"A167","4535","4",4,4,3,4,5,4,4,5,4,4,4,3,4,4,5,5,4,5,5,4,5,5,5,5,104,146,4,4,4,5,4,5,4,3,4,4,5,5,4,5,5,4,5,5,5,5
"147",147,"A171","4538F","4",5,5,5,4,5,4,4,4,4,4,5,4,4,4,4,5,4,4,4,5,4,4,4,4,103,147,5,5,4,5,4,4,5,4,4,4,4,5,4,4,4,5,4,4,4,4
"148",148,"A156","4531","5",4,5,4,5,5,5,5,3,5,4,5,4,5,3,4,5,5,5,5,5,5,5,5,5,111,148,4,5,5,5,5,3,5,4,5,3,4,5,5,5,5,5,5,5,5,5
"149",149,"A166","4564","4",4,4,5,4,4,4,4,4,5,4,4,4,4,5,4,5,5,5,5,5,5,5,5,5,108,149,4,4,4,4,4,4,4,4,4,5,4,5,5,5,5,5,5,5,5,5
"150",150,"A163","4538","4",4,4,4,3,4,4,4,5,5,5,5,5,4,5,5,4,5,5,5,5,4,5,5,5,109,150,4,4,3,4,4,5,5,5,4,5,5,4,5,5,5,5,4,5,5,5
"151",151,"A150","4545","4",4,5,4,4,5,4,4,4,5,5,5,5,4,4,4,5,4,5,4,5,5,5,5,4,108,151,4,5,4,5,4,4,5,5,4,4,4,5,4,5,4,5,5,5,5,4
"152",152,"A158","4533","4",4,5,5,4,5,5,4,5,5,5,5,4,4,5,5,5,5,5,5,5,5,5,5,5,115,152,4,5,4,5,5,5,5,4,4,5,5,5,5,5,5,5,5,5,5,5
"153",153,"A153","4537","4",4,4,4,5,4,3,4,4,4,4,5,4,4,5,4,4,4,4,5,4,4,4,4,4,99,153,4,4,5,4,3,4,5,4,4,5,4,4,4,4,5,4,4,4,4,4
"154",154,"A162","45719","3",2,4,2,2,4,4,2,2,2,3,4,3,3,3,3,3,2,3,4,4,4,2,4,4,73,154,2,4,2,4,4,2,4,3,3,3,3,3,2,3,4,4,4,2,4,4
"155",155,"A168","4549","4",4,4,4,4,4,4,4,3,3,4,3,3,4,3,4,4,4,3,4,4,4,4,4,4,90,155,4,4,4,4,4,3,3,3,4,3,4,4,4,3,4,4,4,4,4,4
"156",156,"A161","4558","3",5,4,4,4,5,4,4,4,4,5,3,4,4,3,3,4,4,4,4,4,4,4,4,4,96,156,5,4,4,5,4,4,3,4,4,3,3,4,4,4,4,4,4,4,4,4
"157",157,"A155","4574","4",4,4,4,3,4,4,3,3,3,4,5,3,4,4,4,4,4,5,4,4,4,4,4,4,93,157,4,4,3,4,4,3,5,3,4,4,4,4,4,5,4,4,4,4,4,4
"158",158,"A157","4540","5",5,5,5,5,5,4,5,2,2,1,1,1,2,3,3,5,4,5,5,5,4,4,5,5,91,158,5,5,5,5,4,2,1,1,2,3,3,5,4,5,5,5,4,4,5,5
"159",159,"A159","4559","5",5,5,5,4,5,5,4,5,4,4,4,4,4,4,5,4,4,5,5,5,4,4,5,5,108,159,5,5,4,5,5,5,4,4,4,4,5,4,4,5,5,5,4,4,5,5
"160",160,"A152","45710","4",3,4,4,3,4,4,3,3,4,4,4,4,3,4,4,3,3,4,4,5,4,3,4,5,90,160,3,4,3,4,4,3,4,4,3,4,4,3,3,4,4,5,4,3,4,5
"161",161,"A164","4568","5",5,5,5,3,5,5,4,5,4,4,5,4,4,4,4,4,4,5,5,5,4,4,5,5,107,161,5,5,3,5,5,5,5,4,4,4,4,4,4,5,5,5,4,4,5,5
"162",162,"A149","4536","4",3,3,4,4,4,4,4,4,3,4,3,3,3,3,3,3,3,3,4,5,4,4,4,4,86,162,3,3,4,4,4,4,3,3,3,3,3,3,3,3,4,5,4,4,4,4
"163",163,"A172","4543","5",5,5,5,5,5,5,5,5,4,5,5,5,5,5,5,5,5,5,5,5,5,5,5,5,119,163,5,5,5,5,5,5,5,5,5,5,5,5,5,5,5,5,5,5,5,5
"164",164,"A151","4546","5",4,3,4,4,4,3,4,4,5,5,4,4,4,5,4,4,4,5,5,4,4,5,5,4,101,164,4,3,4,4,3,4,4,4,4,5,4,4,4,5,5,4,4,5,5,4
"165",165,"A170","4551","3",3,5,4,4,4,4,4,4,4,4,4,4,4,4,5,5,4,4,5,5,5,4,5,5,103,165,3,5,4,4,4,4,4,4,4,4,5,5,4,4,5,5,5,4,5,5
"166",166,"A160","4566","4",4,4,4,3,4,4,3,3,4,4,3,4,4,3,4,4,4,4,4,5,4,5,5,5,95,166,4,4,3,4,4,3,3,4,4,3,4,4,4,4,4,5,4,5,5,5
"167",167,"A169","4528","4",4,5,5,4,5,5,4,4,5,4,5,4,4,5,5,5,5,5,5,5,5,5,5,5,113,167,4,5,4,5,5,4,5,4,4,5,5,5,5,5,5,5,5,5,5,5
"168",168,"A154","4562","4",3,4,5,4,4,4,4,5,3,4,4,5,4,4,4,4,3,4,5,4,4,4,4,4,97,168,3,4,4,4,4,5,4,5,4,4,4,4,3,4,5,4,4,4,4,4
"169",169,"A218","4527","4",4,4,3,3,4,4,2,1,2,3,3,2,4,3,4,3,3,3,4,4,3,3,4,4,77,169,4,4,3,4,4,1,3,2,4,3,4,3,3,3,4,4,3,3,4,4
"170",170,"A165","4550","3",4,4,4,3,4,3,4,3,4,3,4,4,4,5,4,5,4,4,4,5,4,4,5,5,97,170,4,4,3,4,3,3,4,4,4,5,4,5,4,4,4,5,4,4,5,5
"171",171,"A176","4465","4",3,4,4,4,4,3,4,3,2,4,4,3,5,3,3,5,3,4,5,5,4,3,5,5,92,171,3,4,4,4,3,3,4,3,5,3,3,5,3,4,5,5,4,3,5,5
"172",172,"A184","4517","4",3,4,4,4,4,4,4,5,5,5,5,4,4,5,5,5,5,4,5,5,5,4,5,5,108,172,3,4,4,4,4,5,5,4,4,5,5,5,5,4,5,5,5,4,5,5
"173",173,"A181","4479","5",5,5,4,5,5,4,4,5,3,5,5,5,5,4,5,5,5,5,5,5,4,4,4,4,110,173,5,5,5,5,4,5,5,5,5,4,5,5,5,5,5,5,4,4,4,4
"174",174,"A180","4488","4",4,5,5,5,5,4,5,3,4,5,4,3,5,5,4,5,4,5,4,5,5,4,5,5,108,174,4,5,5,5,4,3,4,3,5,5,4,5,4,5,4,5,5,4,5,5
"175",175,"A186","4498","4",4,4,5,3,4,4,4,4,2,4,4,3,4,4,5,4,4,4,5,5,5,5,5,5,100,175,4,4,3,4,4,4,4,3,4,4,5,4,4,4,5,5,5,5,5,5
"176",176,"A182","4467","3",4,4,4,4,4,4,4,5,4,5,4,4,4,4,4,4,4,4,4,5,4,4,5,4,100,176,4,4,4,4,4,5,4,4,4,4,4,4,4,4,4,5,4,4,5,4
"177",177,"A194","4514","4",4,4,4,5,5,4,5,3,3,4,4,4,4,4,5,5,5,4,5,5,4,4,4,4,102,177,4,4,5,5,4,3,4,4,4,4,5,5,5,4,5,5,4,4,4,4
"178",178,"A175","4475","3",3,4,4,4,4,4,4,4,3,5,4,3,3,3,3,4,4,2,5,4,4,3,3,5,89,178,3,4,4,4,4,4,4,3,3,3,3,4,4,2,5,4,4,3,3,5
"179",179,"A195","4495","5",5,4,5,5,5,4,4,4,5,5,4,4,5,4,5,5,4,5,5,5,5,5,5,5,112,179,5,4,5,5,4,4,4,4,5,4,5,5,4,5,5,5,5,5,5,5
"180",180,"A219","4494","4",4,5,4,5,5,4,5,3,3,4,4,4,4,5,4,5,4,4,5,5,5,5,4,4,104,180,4,5,5,5,4,3,4,4,4,5,4,5,4,4,5,5,5,5,4,4
"181",181,"A197","4478","4",5,5,4,4,5,4,3,4,5,5,5,4,5,3,4,5,5,5,5,4,2,5,5,5,106,181,5,5,4,5,4,4,5,4,5,3,4,5,5,5,5,4,2,5,5,5
"182",182,"A198","4524","4",4,4,4,3,5,4,3,4,5,5,4,3,4,5,3,4,4,5,4,5,4,3,5,4,98,182,4,4,3,5,4,4,4,3,4,5,3,4,4,5,4,5,4,3,5,4
"183",183,"A177","4485","3",3,4,4,5,4,3,5,5,2,5,5,4,4,4,3,5,4,3,5,5,5,4,5,5,101,183,3,4,5,4,3,5,5,4,4,4,3,5,4,3,5,5,5,4,5,5
"184",184,"A221","4490","4",2,4,4,4,3,4,4,3,2,3,5,3,3,4,5,4,3,4,5,3,4,5,4,4,89,184,2,4,4,3,4,3,5,3,3,4,5,4,3,4,5,3,4,5,4,4
"185",185,"A188","4461","5",4,3,4,4,4,3,4,2,3,4,5,3,3,4,4,5,5,4,4,4,5,5,5,4,95,185,4,3,4,4,3,2,5,3,3,4,4,5,5,4,4,4,5,5,5,4
"186",186,"A204","4509","3",4,4,4,4,4,4,3,5,4,4,4,4,5,5,5,5,4,5,5,5,4,4,4,4,103,186,4,4,4,4,4,5,4,4,5,5,5,5,4,5,5,5,4,4,4,4
"187",187,"A201","4518","3",3,4,4,5,3,4,4,2,2,3,3,3,3,5,3,3,4,3,4,4,4,3,3,4,83,187,3,4,5,3,4,2,3,3,3,5,3,3,4,3,4,4,4,3,3,4
"188",188,"A189","4499","3",3,4,3,4,4,4,3,5,3,1,4,2,4,4,3,4,4,4,4,4,1,2,4,5,83,188,3,4,4,4,4,5,4,2,4,4,3,4,4,4,4,4,1,2,4,5
"189",189,"A200","4500","4",5,4,4,4,4,5,4,4,4,4,4,4,4,5,5,5,4,4,5,5,5,4,5,5,106,189,5,4,4,4,5,4,4,4,4,5,5,5,4,4,5,5,5,4,5,5
"190",190,"A193","4515","4",4,3,3,3,4,4,3,5,4,5,5,4,4,3,5,5,4,4,5,5,5,4,5,5,101,190,4,3,3,4,4,5,5,4,4,3,5,5,4,4,5,5,5,4,5,5
"191",191,"A179","4507","5",5,5,5,5,5,5,5,5,5,5,5,5,5,5,5,5,5,5,5,5,5,5,5,5,120,191,5,5,5,5,5,5,5,5,5,5,5,5,5,5,5,5,5,5,5,5
"192",192,"A205","4502","4",5,4,4,5,4,3,5,5,3,4,4,4,5,3,4,4,4,4,4,4,5,3,4,4,98,192,5,4,5,4,3,5,4,4,5,3,4,4,4,4,4,4,5,3,4,4
"193",193,"A220","4513","4",4,5,4,3,5,3,3,4,4,4,5,4,5,4,5,5,5,5,5,5,5,5,5,5,107,193,4,5,3,5,3,4,5,4,5,4,5,5,5,5,5,5,5,5,5,5
"194",194,"A183","4504","3",4,4,4,4,4,4,4,3,4,5,4,4,4,4,4,5,3,4,4,4,4,3,5,5,97,194,4,4,4,4,4,3,4,4,4,4,4,5,3,4,4,4,4,3,5,5
"195",195,"A187","4492","4",5,5,4,5,4,5,4,4,5,4,5,5,5,4,4,5,5,4,5,4,5,4,4,4,108,195,5,5,5,4,5,4,5,5,5,4,4,5,5,4,5,4,5,4,4,4
"196",196,"A178","4466","4",3,4,5,5,5,5,5,4,5,5,5,3,3,4,5,5,4,3,5,5,5,4,5,5,107,196,3,4,5,5,5,4,5,3,3,4,5,5,4,3,5,5,5,4,5,5
"197",197,"A202","4476","5",5,5,5,4,5,5,4,4,5,5,4,4,4,4,4,5,5,5,5,5,5,5,5,5,112,197,5,5,4,5,5,4,4,4,4,4,4,5,5,5,5,5,5,5,5,5
"198",198,"A203","4501","3",3,4,3,4,4,3,3,5,3,4,5,3,3,3,4,5,3,3,5,4,4,4,5,5,92,198,3,4,4,4,3,5,5,3,3,3,4,5,3,3,5,4,4,4,5,5
"199",199,"A199","4491","4",4,4,4,3,4,4,3,3,4,4,5,4,4,3,4,4,4,4,4,5,4,4,4,4,94,199,4,4,3,4,4,3,5,4,4,3,4,4,4,4,4,5,4,4,4,4
"200",200,"A185","4503","4",5,4,5,5,4,5,5,4,3,4,5,4,4,4,3,5,4,4,4,4,4,4,4,5,102,200,5,4,5,4,5,4,5,4,4,4,3,5,4,4,4,4,4,4,4,5
"201",201,"A192","4519","5",5,5,5,4,5,4,4,4,5,5,4,4,4,5,5,3,5,5,5,5,5,5,5,5,111,201,5,5,4,5,4,4,4,4,4,5,5,3,5,5,5,5,5,5,5,5
"202",202,"A191","4468","yes volume",1,4,2,4,1,4,3,4,4,5,5,5,5,5,5,5,5,3,2,5,5,5,5,4,96,202,1,4,4,1,4,4,5,5,5,5,5,5,5,3,2,5,5,5,5,4
"203",203,"A190","4482","5",4,5,5,4,5,5,5,3,4,5,5,3,5,3,5,5,5,5,5,5,4,5,5,5,110,203,4,5,4,5,5,3,5,3,5,3,5,5,5,5,5,5,4,5,5,5
"204",204,"A196","4505","4",4,5,5,4,4,4,4,4,3,5,5,4,4,4,5,5,5,5,5,5,5,5,5,5,109,204,4,5,4,4,4,4,5,4,4,4,5,5,5,5,5,5,5,5,5,5
"205",205,"A210","4372","4",4,4,4,4,4,3,4,4,4,4,4,4,5,3,4,4,4,4,4,4,4,4,4,3,94,205,4,4,4,4,3,4,4,4,5,3,4,4,4,4,4,4,4,4,4,3
"206",206,"A207","4374","3",4,4,3,4,4,3,4,4,4,5,4,4,5,2,4,3,4,4,4,5,4,4,4,4,94,206,4,4,4,4,3,4,4,4,5,2,4,3,4,4,4,5,4,4,4,4
"207",207,"A214","4316","3",3,4,4,3,4,3,3,4,3,4,5,3,3,3,4,4,3,2,3,3,4,4,3,4,83,207,3,4,3,4,3,4,5,3,3,3,4,4,3,2,3,3,4,4,3,4
"208",208,"A216","4305","3",3,4,4,4,4,2,3,2,4,3,3,2,4,4,4,4,4,3,4,3,4,2,4,3,81,208,3,4,4,4,2,2,3,2,4,4,4,4,4,3,4,3,4,2,4,3
"209",209,"A213","4326","3",3,4,4,4,4,4,4,2,3,3,5,4,4,2,4,5,5,4,5,5,5,5,5,5,98,209,3,4,4,4,4,2,5,4,4,2,4,5,5,4,5,5,5,5,5,5
"210",210,"A211","4381R","4",5,4,5,4,4,5,4,5,5,4,4,4,3,4,5,5,4,5,5,5,5,5,5,5,109,210,5,4,4,4,5,5,4,4,3,4,5,5,4,5,5,5,5,5,5,5
"211",211,"A209","4314","3",3,3,4,4,5,4,4,3,3,4,4,2,3,4,2,5,4,4,4,5,4,5,5,5,93,211,3,3,4,5,4,3,4,2,3,4,2,5,4,4,4,5,4,5,5,5
"212",212,"A217","4310R","4",3,3,4,4,4,3,3,4,3,4,4,3,3,4,4,3,3,4,3,3,4,3,3,4,83,212,3,3,4,4,3,4,4,3,3,4,4,3,3,4,3,3,4,3,3,4
"213",213,"A208","4281","4",3,4,4,4,4,4,4,3,4,4,4,5,3,4,4,4,4,4,4,4,4,4,4,4,94,213,3,4,4,4,4,3,4,5,3,4,4,4,4,4,4,4,4,4,4,4
"214",214,"A215","4353","4",4,4,5,5,5,5,4,4,5,5,5,5,4,5,4,5,5,4,5,5,5,5,5,5,113,214,4,4,5,5,5,4,5,5,4,5,4,5,5,4,5,5,5,5,5,5
"215",215,"A212","4297","4",5,3,4,3,5,3,3,3,4,4,5,4,4,4,4,4,3,4,5,4,4,4,5,5,96,215,5,3,3,5,3,3,5,4,4,4,4,4,3,4,5,4,4,4,5,5
"216",216,"A222","4712","4",4,5,5,4,5,5,4,5,5,5,5,5,4,5,5,5,5,5,5,5,5,5,5,5,116,216,4,5,4,5,5,5,5,5,4,5,5,5,5,5,5,5,5,5,5,5
"217",217,"A225","4710","5",5,5,5,4,5,5,3,4,5,5,5,5,5,5,5,5,5,5,5,5,5,5,5,5,116,217,5,5,4,5,5,4,5,5,5,5,5,5,5,5,5,5,5,5,5,5
"218",218,"A224","4693","5",5,5,5,5,4,4,5,4,4,4,4,4,3,3,4,5,3,4,4,5,4,3,5,5,101,218,5,5,5,4,4,4,4,4,3,3,4,5,3,4,4,5,4,3,5,5
"219",219,"A223","4702","3",2,4,4,4,4,4,4,2,3,4,3,3,3,2,3,3,2,2,4,3,2,2,3,3,73,219,2,4,4,4,4,2,3,3,3,2,3,3,2,2,4,3,2,2,3,3
"220",220,"A228","4704","5",5,5,5,5,5,4,4,5,5,4,5,5,5,5,4,5,5,5,5,5,5,5,5,5,116,220,5,5,5,5,4,5,5,5,5,5,4,5,5,5,5,5,5,5,5,5
"221",221,"A227","4708","5",5,5,5,4,5,5,5,5,5,4,3,5,5,4,5,5,5,5,5,5,5,5,5,5,115,221,5,5,4,5,5,5,3,5,5,4,5,5,5,5,5,5,5,5,5,5
"222",222,"A226","4697","4",4,4,4,4,3,4,3,5,1,4,3,2,3,4,4,4,4,4,5,5,4,4,5,5,92,222,4,4,4,3,4,5,3,2,3,4,4,4,4,4,5,5,4,4,5,5
"223",223,"A229","?","4",5,4,5,4,4,4,3,4,4,4,4,4,4,4,4,5,4,4,5,5,4,5,5,5,103,223,5,4,4,4,4,4,4,4,4,4,4,5,4,4,5,5,4,5,5,5
"224",224,"A235","4725","5",5,5,5,5,5,5,4,5,4,5,5,5,5,4,5,5,5,5,5,5,5,5,5,5,117,224,5,5,5,5,5,5,5,5,5,4,5,5,5,5,5,5,5,5,5,5
"225",225,"A234","4717","4",4,5,5,4,4,4,4,3,4,5,5,4,4,4,4,5,5,4,5,5,5,5,5,5,107,225,4,5,4,4,4,3,5,4,4,4,4,5,5,4,5,5,5,5,5,5
"226",226,"A240","4722","5",4,5,5,5,5,5,5,5,5,5,5,4,5,5,5,5,4,5,5,5,5,5,5,5,117,226,4,5,5,5,5,5,5,4,5,5,5,5,4,5,5,5,5,5,5,5
"227",227,"A236","4727","5",4,5,5,5,5,5,4,5,5,5,5,4,4,5,5,5,5,5,5,5,5,5,5,5,116,227,4,5,5,5,5,5,5,4,4,5,5,5,5,5,5,5,5,5,5,5
"228",228,"A232","4720","5",5,5,5,5,5,5,5,4,4,5,5,5,3,2,5,5,5,5,5,5,5,5,5,5,113,228,5,5,5,5,5,4,5,5,3,2,5,5,5,5,5,5,5,5,5,5
"229",229,"A230","4730","5",5,4,4,4,4,4,5,3,5,3,4,3,4,3,4,5,5,5,5,4,4,5,5,5,102,229,5,4,4,4,4,3,4,3,4,3,4,5,5,5,5,4,4,5,5,5
"230",230,"A237","4716","4",5,4,5,4,4,4,4,4,4,4,4,3,5,5,5,5,5,5,5,5,4,4,5,5,107,230,5,4,4,4,4,4,4,3,5,5,5,5,5,5,5,5,4,4,5,5
"231",231,"A239","4606","4",4,5,5,5,5,4,4,4,4,5,5,3,5,5,5,5,5,5,5,5,4,4,5,5,111,231,4,5,5,5,4,4,5,3,5,5,5,5,5,5,5,5,4,4,5,5
"232",232,"A231","4723","4",5,5,5,5,5,5,5,4,4,5,5,4,4,4,4,5,5,5,5,5,5,5,5,5,114,232,5,5,5,5,5,4,5,4,4,4,4,5,5,5,5,5,5,5,5,5
"233",233,"A238","4371","5",5,5,5,5,5,4,4,5,5,5,5,5,4,5,4,5,5,5,4,4,4,5,4,4,111,233,5,5,5,5,4,5,5,5,4,5,4,5,5,5,4,4,4,5,4,4
"234",234,"A233","4734","3",5,4,5,4,5,4,4,4,4,4,5,3,5,4,4,4,4,5,5,4,4,4,5,5,104,234,5,4,4,5,4,4,5,3,5,4,4,4,4,5,5,4,4,4,5,5
"235",235,"A242","4762","3",3,4,4,3,4,4,2,3,4,4,4,3,4,3,4,5,4,2,5,4,5,3,5,4,90,235,3,4,3,4,4,3,4,3,4,3,4,5,4,2,5,4,5,3,5,4
"236",236,"A245","4765","5",5,5,5,5,5,4,5,5,3,5,5,3,4,4,5,5,5,5,5,5,5,5,5,5,113,236,5,5,5,5,4,5,5,3,4,4,5,5,5,5,5,5,5,5,5,5
"237",237,"A247","4761","4",4,5,5,5,5,5,5,3,5,5,5,4,5,4,4,5,5,5,5,5,5,5,5,5,114,237,4,5,5,5,5,3,5,4,5,4,4,5,5,5,5,5,5,5,5,5
"238",238,"A248","4755B","3",1,3,1,3,4,3,3,3,4,5,5,5,3,4,5,3,4,3,4,5,4,4,5,4,88,238,1,3,3,4,3,3,5,5,3,4,5,3,4,3,4,5,4,4,5,4
"239",239,"A246","4756B","4",5,4,4,5,4,4,5,4,4,5,4,3,3,5,4,3,5,4,5,5,5,4,5,5,104,239,5,4,5,4,4,4,4,3,3,5,4,3,5,4,5,5,5,4,5,5
"240",240,"A241","4739B","3",5,5,5,3,5,3,3,3,5,5,3,3,5,3,4,5,3,3,5,5,1,3,5,5,95,240,5,5,3,5,3,3,3,3,5,3,4,5,3,3,5,5,1,3,5,5
"241",241,"A250","5762","5",4,4,5,4,5,3,5,5,5,5,5,5,5,5,5,5,5,5,5,5,5,5,5,5,115,241,4,4,4,5,3,5,5,5,5,5,5,5,5,5,5,5,5,5,5,5
"242",242,"A249","4757","4",4,5,4,5,5,4,5,3,5,5,4,4,4,5,4,5,5,5,3,5,4,4,5,5,107,242,4,5,5,5,4,3,4,4,4,5,4,5,5,5,3,5,4,4,5,5
"243",243,"A243","4764","4",4,4,4,3,4,4,4,3,5,5,5,5,5,4,4,5,5,5,5,5,5,5,5,5,108,243,4,4,3,4,4,3,5,5,5,4,4,5,5,5,5,5,5,5,5,5
"244",244,"A244","4758","5",5,4,4,4,5,4,5,5,5,5,5,3,3,5,4,5,4,5,5,5,5,4,5,5,109,244,5,4,4,5,4,5,5,3,3,5,4,5,4,5,5,5,5,4,5,5
"245",245,"A260","4607","4",5,4,5,4,4,5,5,4,5,5,5,5,4,4,4,5,4,5,5,5,5,4,5,5,111,245,5,4,4,4,5,4,5,5,4,4,4,5,4,5,5,5,5,4,5,5
"246",246,"A256","4609","4",4,5,5,5,5,5,4,5,4,5,5,3,2,4,5,5,5,5,5,5,5,4,5,5,110,246,4,5,5,5,5,5,5,3,2,4,5,5,5,5,5,5,5,4,5,5
"247",247,"A252","4578","5",4,4,4,5,5,4,5,3,4,4,4,3,3,3,5,5,5,4,5,5,5,5,5,5,104,247,4,4,5,5,4,3,4,3,3,3,5,5,5,4,5,5,5,5,5,5
"248",248,"A264","4599","3",3,5,4,4,4,5,4,4,4,5,4,3,4,4,4,5,4,3,4,5,4,4,5,4,99,248,3,5,4,4,5,4,4,3,4,4,4,5,4,3,4,5,4,4,5,4
"249",249,"A253","4602","4",4,4,5,4,5,5,4,4,5,4,5,4,4,5,4,5,5,5,5,5,5,5,5,5,111,249,4,4,4,5,5,4,5,4,4,5,4,5,5,5,5,5,5,5,5,5
"250",250,"A259","4592","3",3,5,4,5,5,4,4,5,5,5,5,4,5,5,5,5,5,5,4,5,5,5,5,5,113,250,3,5,5,5,4,5,5,4,5,5,5,5,5,5,4,5,5,5,5,5
"251",251,"A270","4608","4",4,5,4,4,5,4,4,3,3,4,3,4,4,5,4,4,3,4,5,5,4,4,5,5,99,251,4,5,4,5,4,3,3,4,4,5,4,4,3,4,5,5,4,4,5,5
"252",252,"A267","4584","4",4,5,4,3,5,5,3,3,4,4,3,3,5,3,4,4,4,3,5,5,4,4,5,5,97,252,4,5,3,5,5,3,3,3,5,3,4,4,4,3,5,5,4,4,5,5
"253",253,"A258","4589","4",4,4,5,4,5,4,4,3,4,4,3,4,4,4,4,5,5,5,5,5,5,5,5,5,105,253,4,4,4,5,4,3,3,4,4,4,4,5,5,5,5,5,5,5,5,5
"254",254,"A254","4617","3",4,3,4,4,4,4,4,4,3,4,4,4,4,4,3,4,3,3,5,4,4,3,5,5,93,254,4,3,4,4,4,4,4,4,4,4,3,4,3,3,5,4,4,3,5,5
"255",255,"A257","4626","4",4,4,5,5,5,5,5,3,3,4,4,4,5,4,4,5,4,4,5,5,5,4,5,5,106,255,4,4,5,5,5,3,4,4,5,4,4,5,4,4,5,5,5,4,5,5
"256",256,"A268","4619","5",4,4,4,5,4,4,4,3,4,3,5,5,4,1,5,5,5,4,5,5,5,5,5,5,103,256,4,4,5,4,4,3,5,5,4,1,5,5,5,4,5,5,5,5,5,5
"257",257,"A262","4585","5",5,5,5,5,5,4,5,5,5,5,5,5,4,4,5,5,5,5,5,5,5,5,5,5,117,257,5,5,5,5,4,5,5,5,4,4,5,5,5,5,5,5,5,5,5,5
"258",258,"A266","4598","4",5,5,5,4,4,4,4,2,4,3,2,2,3,3,4,4,3,2,5,4,5,4,5,5,91,258,5,5,4,4,4,2,2,2,3,3,4,4,3,2,5,4,5,4,5,5
"259",259,"A255","4616","4",5,4,5,5,4,5,3,4,3,4,4,4,4,4,4,4,3,3,4,4,3,4,4,4,95,259,5,4,5,4,5,4,4,4,4,4,4,4,3,3,4,4,3,4,4,4
"260",260,"A273","4597","4",5,5,4,3,5,4,4,5,5,5,5,3,5,3,5,5,5,5,5,5,5,5,5,5,111,260,5,5,3,5,4,5,5,3,5,3,5,5,5,5,5,5,5,5,5,5
"261",261,"A265","4586","4",4,4,4,5,4,4,4,3,5,4,5,4,3,5,5,5,4,5,5,5,5,5,5,5,107,261,4,4,5,4,4,3,5,4,3,5,5,5,4,5,5,5,5,5,5,5
"262",262,"A269","4593","4",5,3,4,4,4,5,5,4,3,4,4,4,2,5,3,4,4,4,5,4,5,4,4,5,98,262,5,3,4,4,5,4,4,4,2,5,3,4,4,4,5,4,5,4,4,5
"263",263,"A274","4596","5",5,5,5,5,5,5,4,4,5,5,5,5,5,5,5,5,5,5,5,5,5,5,5,5,118,263,5,5,5,5,5,4,5,5,5,5,5,5,5,5,5,5,5,5,5,5
"264",264,"A261","4621","5",5,5,5,5,5,5,5,5,4,5,5,5,5,5,4,5,5,5,5,5,5,5,5,4,117,264,5,5,5,5,5,5,5,5,5,5,4,5,5,5,5,5,5,5,5,4
"265",265,"A263","4615","3",4,4,4,5,4,3,3,4,3,5,4,3,4,3,5,4,4,4,4,3,4,4,4,2,91,265,4,4,5,4,3,4,4,3,4,3,5,4,4,4,4,3,4,4,4,2
"266",266,"A272","4627","4",4,4,4,4,4,4,3,4,4,4,4,4,5,3,5,5,5,5,5,5,5,5,5,5,105,266,4,4,4,4,4,4,4,4,5,3,5,5,5,5,5,5,5,5,5,5
"267",267,"A271","4610","4",3,4,3,4,4,4,3,3,4,4,5,4,3,4,5,5,4,2,5,4,4,4,4,4,93,267,3,4,4,4,4,3,5,4,3,4,5,5,4,2,5,4,4,4,4,4
"268",268,"A282","4753","4",4,4,4,5,4,4,4,5,4,5,5,4,4,5,5,5,4,4,5,5,3,4,4,5,105,268,4,4,5,4,4,5,5,4,4,5,5,5,4,4,5,5,3,4,4,5
"269",269,"A283","4743","3",3,4,3,5,3,4,5,5,5,5,5,4,3,4,4,5,3,5,5,4,5,3,4,5,101,269,3,4,5,3,4,5,5,4,3,4,4,5,3,5,5,4,5,3,4,5
"270",270,"A279","4272","4",4,4,4,4,4,4,3,4,4,4,4,4,4,4,4,4,4,3,4,4,4,4,4,4,94,270,4,4,4,4,4,4,4,4,4,4,4,4,4,3,4,4,4,4,4,4
"271",271,"A285","4760F","5",4,4,4,5,5,5,4,4,5,5,5,4,4,5,5,5,5,5,5,5,5,5,5,5,113,271,4,4,5,5,5,4,5,4,4,5,5,5,5,5,5,5,5,5,5,5
"272",272,"A278","4740","4",4,3,3,3,4,4,3,3,4,4,3,3,4,3,4,4,4,3,4,4,4,4,4,4,87,272,4,3,3,4,4,3,3,3,4,3,4,4,4,3,4,4,4,4,4,4
"273",273,"A275","4746","5",5,5,5,5,5,5,5,5,5,5,5,5,5,5,5,5,5,5,5,5,5,5,5,5,120,273,5,5,5,5,5,5,5,5,5,5,5,5,5,5,5,5,5,5,5,5
"274",274,"A357","4750","4",4,5,5,5,3,3,5,1,1,1,1,3,1,1,2,1,1,1,5,5,3,1,4,5,67,274,4,5,5,3,3,1,1,3,1,1,2,1,1,1,5,5,3,1,4,5
"275",275,"A276","4755","4",4,4,4,5,4,5,4,4,4,4,4,4,4,4,4,4,4,4,4,5,4,5,4,4,100,275,4,4,5,4,5,4,4,4,4,4,4,4,4,4,4,5,4,5,4,4
"276",276,"A280","4754","1",3,4,4,4,4,4,5,4,4,3,4,3,3,3,3,4,3,3,5,4,4,4,4,4,90,276,3,4,4,4,4,4,4,3,3,3,3,4,3,3,5,4,4,4,4,4
"277",277,"A286","4737","3",3,4,4,3,5,4,5,2,4,5,4,3,3,3,3,4,3,2,3,4,4,3,3,3,84,277,3,4,3,5,4,2,4,3,3,3,3,4,3,2,3,4,4,3,3,3
"278",278,"A281","4748","3",3,4,3,4,3,3,5,4,5,3,4,5,3,3,5,4,5,5,5,4,4,4,4,5,97,278,3,4,4,3,3,4,4,5,3,3,5,4,5,5,5,4,4,4,4,5
"279",279,"A277","4756","3",4,5,4,4,4,3,5,3,5,4,5,5,5,3,5,5,4,5,5,5,4,5,5,3,105,279,4,5,4,4,3,3,5,5,5,3,5,5,4,5,5,5,4,5,5,3
"280",280,"A284","4739","3",3,3,3,4,4,3,3,3,4,3,4,4,4,4,4,3,4,3,4,4,4,4,4,4,87,280,3,3,4,4,3,3,4,4,4,4,4,3,4,3,4,4,4,4,4,4
"281",281,"A358","4752","4",3,4,3,5,4,4,5,3,5,5,4,4,4,4,5,5,5,4,4,5,5,4,5,5,104,281,3,4,5,4,4,3,4,4,4,4,5,5,5,4,4,5,5,4,5,5
"282",282,"A292","4224","4",5,5,5,4,5,4,4,5,5,5,5,4,4,4,5,5,5,5,5,4,5,5,5,4,112,282,5,5,4,5,4,5,5,4,4,4,5,5,5,5,5,4,5,5,5,4
"283",283,"A287","4232","4",4,4,5,3,4,4,3,4,5,4,4,4,4,4,4,4,5,4,4,4,3,4,4,4,96,283,4,4,3,4,4,4,4,4,4,4,4,4,5,4,4,4,3,4,4,4
"284",284,"A289","4230","5",4,5,5,5,5,4,5,5,3,4,4,4,5,4,4,4,4,4,5,5,5,4,5,5,107,284,4,5,5,5,4,5,4,4,5,4,4,4,4,4,5,5,5,4,5,5
"285",285,"A293","4236","4",4,4,4,4,4,4,4,4,4,4,4,4,3,4,4,5,4,5,5,4,4,4,4,4,98,285,4,4,4,4,4,4,4,4,3,4,4,5,4,5,5,4,4,4,4,4
"286",286,"A288","4229","4",5,5,5,4,5,5,5,4,4,4,5,5,5,4,5,5,4,5,5,5,5,5,5,5,114,286,5,5,4,5,5,4,5,5,5,4,5,5,4,5,5,5,5,5,5,5
"287",287,"A290","4219","4",5,5,5,5,5,5,5,5,5,5,5,3,4,3,5,5,5,4,5,5,5,5,5,5,114,287,5,5,5,5,5,5,5,3,4,3,5,5,5,4,5,5,5,5,5,5
"288",288,"A291","4235","3",4,4,5,5,5,3,5,5,4,5,5,5,4,4,5,4,5,5,5,3,4,5,5,4,108,288,4,4,5,5,3,5,5,5,4,4,5,4,5,5,5,3,4,5,5,4
"289",289,"A295","4773","4",5,5,5,4,5,5,4,4,5,5,5,5,3,5,5,5,5,5,5,5,5,5,5,5,115,289,5,5,4,5,5,4,5,5,3,5,5,5,5,5,5,5,5,5,5,5
"290",290,"A296","4760","4",4,4,4,4,4,4,2,3,4,4,3,4,3,4,4,2,4,3,4,5,4,4,5,5,91,290,4,4,4,4,4,3,3,4,3,4,4,2,4,3,4,5,4,4,5,5
"291",291,"A294","4767","4",4,4,4,4,4,4,3,3,3,3,4,4,4,4,4,4,4,4,4,4,4,4,4,4,92,291,4,4,4,4,4,3,4,4,4,4,4,4,4,4,4,4,4,4,4,4
"292",292,"A298","4777","5",4,5,5,4,5,5,3,3,3,3,3,3,4,3,5,4,4,5,5,5,2,4,5,5,97,292,4,5,4,5,5,3,3,3,4,3,5,4,4,5,5,5,2,4,5,5
"293",293,"A303","4775","4",4,5,5,5,4,5,4,5,5,5,5,5,4,5,5,5,4,4,5,5,5,5,5,5,114,293,4,5,5,4,5,5,5,5,4,5,5,5,4,4,5,5,5,5,5,5
"294",294,"A299","4768","4",4,4,5,4,4,4,4,4,4,4,4,4,4,5,4,5,4,5,5,5,5,4,5,5,105,294,4,4,4,4,4,4,4,4,4,5,4,5,4,5,5,5,5,4,5,5
"295",295,"A297","4778","5",5,5,5,4,5,5,5,5,5,5,5,5,5,5,5,5,5,5,5,5,5,5,5,5,119,295,5,5,4,5,5,5,5,5,5,5,5,5,5,5,5,5,5,5,5,5
"296",296,"A300","4763","4",3,2,4,3,5,3,3,4,3,4,4,4,4,3,5,4,3,4,5,5,5,4,5,5,94,296,3,2,3,5,3,4,4,4,4,3,5,4,3,4,5,5,5,4,5,5
"297",297,"A304","4770","4",3,3,4,3,4,3,3,4,4,4,4,4,4,3,3,5,5,5,5,5,5,4,5,5,97,297,3,3,3,4,3,4,4,4,4,3,3,5,5,5,5,5,5,4,5,5
"298",298,"A302","4765F","4",4,5,4,4,5,4,4,5,5,5,5,4,3,4,4,5,5,5,5,5,5,5,5,5,110,298,4,5,4,5,4,5,5,4,3,4,4,5,5,5,5,5,5,5,5,5
"299",299,"A301","4771","4",4,4,3,3,4,4,3,4,4,4,4,4,4,5,4,4,4,4,4,4,4,4,4,4,94,299,4,4,3,4,4,4,4,4,4,5,4,4,4,4,4,4,4,4,4,4
"300",300,"A305","4419","5",5,4,5,5,5,5,5,3,4,5,4,3,5,4,5,5,5,5,5,5,5,5,5,5,112,300,5,4,5,5,5,3,4,3,5,4,5,5,5,5,5,5,5,5,5,5
"301",301,"A306","4668","3",4,5,4,5,3,4,5,4,4,4,4,4,5,4,4,4,4,3,4,4,5,3,5,4,99,301,4,5,5,3,4,4,4,4,5,4,4,4,4,3,4,4,5,3,5,4
"302",302,"A309","4295","2",2,2,3,3,3,4,2,1,3,4,2,5,4,3,2,4,2,3,4,4,4,3,4,4,75,302,2,2,3,3,4,1,2,5,4,3,2,4,2,3,4,4,4,3,4,4
"303",303,"A308","4686","5",5,4,5,5,5,4,5,4,4,5,5,4,5,5,5,5,5,5,5,5,5,5,5,5,115,303,5,4,5,5,4,4,5,4,5,5,5,5,5,5,5,5,5,5,5,5
"304",304,"A307","4656","3",3,3,3,4,4,3,3,3,3,3,4,4,5,2,3,5,3,5,5,5,5,5,4,5,92,304,3,3,4,4,3,3,4,4,5,2,3,5,3,5,5,5,5,5,4,5
"305",305,"A314","4822","4",5,5,5,5,5,5,4,4,5,5,5,4,4,5,5,5,5,4,5,5,4,4,5,5,113,305,5,5,5,5,5,4,5,4,4,5,5,5,5,4,5,5,4,4,5,5
"306",306,"A313","4819","4",4,4,5,4,4,4,4,5,4,3,5,4,4,4,5,5,5,4,5,5,5,5,5,5,107,306,4,4,4,4,4,5,5,4,4,4,5,5,5,4,5,5,5,5,5,5
"307",307,"A316","4815","5",5,5,5,5,5,5,5,5,5,5,5,5,5,5,5,5,5,5,5,5,5,5,5,5,120,307,5,5,5,5,5,5,5,5,5,5,5,5,5,5,5,5,5,5,5,5
"308",308,"A310","4821","5",4,5,5,5,5,5,5,5,5,5,5,4,5,5,5,5,5,5,4,5,5,5,5,5,117,308,4,5,5,5,5,5,5,4,5,5,5,5,5,5,4,5,5,5,5,5
"309",309,"A311","4825","4",4,4,4,4,4,4,4,4,3,4,4,4,4,4,5,4,4,3,3,4,4,4,4,4,94,309,4,4,4,4,4,4,4,4,4,4,5,4,4,3,3,4,4,4,4,4
"310",310,"A312","4816","5",5,5,5,5,5,5,5,5,5,3,5,5,5,5,5,5,5,5,5,5,5,5,5,5,118,310,5,5,5,5,5,5,5,5,5,5,5,5,5,5,5,5,5,5,5,5
"311",311,"A315","4817","5",5,5,5,5,5,5,5,5,5,5,5,5,5,5,5,5,5,5,5,5,5,5,5,5,120,311,5,5,5,5,5,5,5,5,5,5,5,5,5,5,5,5,5,5,5,5
"312",312,"A317","4824","4",5,4,4,5,5,5,5,2,4,4,3,5,4,5,4,4,3,4,5,5,4,5,5,4,103,312,5,4,5,5,5,2,3,5,4,5,4,4,3,4,5,5,4,5,5,4
"313",313,"A318","4781","4",4,5,5,3,4,4,3,2,4,3,3,4,3,2,4,3,3,3,5,4,4,4,5,5,89,313,4,5,3,4,4,2,3,4,3,2,4,3,3,3,5,4,4,4,5,5
"314",314,"A322","4782","3",3,4,4,4,4,4,4,4,4,4,4,4,4,3,4,5,3,4,5,4,4,3,4,4,94,314,3,4,4,4,4,4,4,4,4,3,4,5,3,4,5,4,4,3,4,4
"315",315,"A329","4783","4",4,4,5,2,4,4,3,4,3,4,3,3,4,2,4,3,2,3,5,5,4,2,5,5,87,315,4,4,2,4,4,4,3,3,4,2,4,3,2,3,5,5,4,2,5,5
"316",316,"A319","4789","4",4,4,4,3,4,5,4,4,5,4,4,2,3,3,5,5,5,5,5,5,5,5,5,5,103,316,4,4,3,4,5,4,4,2,3,3,5,5,5,5,5,5,5,5,5,5
"317",317,"A320","4786","4",4,4,4,3,4,4,4,3,4,5,4,3,4,4,4,5,4,4,5,5,5,4,5,5,100,317,4,4,3,4,4,3,4,3,4,4,4,5,4,4,5,5,5,4,5,5
"318",318,"A326","4779","5",5,5,3,3,5,2,3,5,4,5,4,4,5,3,3,5,5,5,4,4,5,4,5,5,101,318,5,5,3,5,2,5,4,4,5,3,3,5,5,5,4,4,5,4,5,5
"319",319,"A325","4787","3",4,4,4,3,4,4,3,3,3,3,2,3,4,4,3,4,3,3,4,4,4,4,4,5,86,319,4,4,3,4,4,3,2,3,4,4,3,4,3,3,4,4,4,4,4,5
"320",320,"A324","4785","3",5,5,5,2,5,4,3,5,4,5,5,4,5,2,5,5,5,4,5,5,5,4,5,5,107,320,5,5,2,5,4,5,5,4,5,2,5,5,5,4,5,5,5,4,5,5
"321",321,"A327","4784","1",3,4,3,1,4,4,3,2,2,3,3,4,4,2,5,4,2,1,4,4,3,1,5,4,75,321,3,4,1,4,4,2,3,4,4,2,5,4,2,1,4,4,3,1,5,4
"322",322,"A328","4780","4",4,4,4,4,4,4,4,4,4,4,4,4,4,4,5,5,4,4,5,5,3,4,5,5,101,322,4,4,4,4,4,4,4,4,4,4,5,5,4,4,5,5,3,4,5,5
"323",323,"A321","8291","3",1,4,1,1,1,1,1,1,1,2,2,2,1,1,1,1,1,2,2,3,2,1,1,2,36,323,1,4,1,1,1,1,2,2,1,1,1,1,1,2,2,3,2,1,1,2
"324",324,"A323","2919","1",1,1,1,1,1,3,1,1,2,2,1,1,1,1,1,1,1,1,1,1,1,1,1,1,28,324,1,1,1,1,3,1,1,1,1,1,1,1,1,1,1,1,1,1,1,1
"325",325,"A334","4801","5",4,5,4,3,5,5,3,3,4,4,5,5,5,5,5,5,4,5,5,5,5,5,5,5,109,325,4,5,3,5,5,3,5,5,5,5,5,5,4,5,5,5,5,5,5,5
"326",326,"A331","4802","4",4,4,4,4,4,4,3,3,3,4,4,4,4,3,3,3,3,3,4,4,4,3,4,4,87,326,4,4,4,4,4,3,4,4,4,3,3,3,3,3,4,4,4,3,4,4
"327",327,"A332","4814","4",3,4,3,4,4,4,3,3,4,4,4,3,4,4,4,4,4,4,4,4,4,3,5,4,91,327,3,4,4,4,4,3,4,3,4,4,4,4,4,4,4,4,4,3,5,4
"328",328,"A330","4408","4",3,4,3,4,4,4,4,3,2,3,3,4,4,3,3,4,4,4,4,4,4,4,4,4,87,328,3,4,4,4,4,3,3,4,4,3,3,4,4,4,4,4,4,4,4,4
"329",329,"A339","4803","3",3,4,4,3,4,4,3,2,3,2,4,2,3,3,4,4,3,3,4,4,3,3,4,4,80,329,3,4,3,4,4,2,4,2,3,3,4,4,3,3,4,4,3,3,4,4
"330",330,"A336","4807","4",4,4,4,3,4,4,2,5,4,4,4,5,5,4,5,4,4,5,5,4,4,5,4,4,100,330,4,4,3,4,4,5,4,5,5,4,5,4,4,5,5,4,4,5,4,4
"331",331,"A340","4813","5",5,5,4,3,5,3,1,5,5,4,4,3,4,2,2,4,2,5,5,5,5,4,5,5,95,331,5,5,3,5,3,5,4,3,4,2,2,4,2,5,5,5,5,4,5,5
"332",332,"A338","4806","3",4,4,5,3,4,4,4,4,4,4,4,4,4,4,4,4,4,3,4,4,4,4,4,4,95,332,4,4,3,4,4,4,4,4,4,4,4,4,4,3,4,4,4,4,4,4
"333",333,"A337","4795","3",4,4,4,4,4,3,4,5,2,5,4,3,4,1,3,4,4,4,3,5,5,5,5,5,94,333,4,4,4,4,3,5,4,3,4,1,3,4,4,4,3,5,5,5,5,5
"334",334,"A335","4799","4",4,4,4,3,4,4,4,4,4,4,4,4,4,4,4,4,4,5,4,5,4,4,4,5,98,334,4,4,3,4,4,4,4,4,4,4,4,4,4,5,4,5,4,4,4,5
"335",335,"A333","4805","4",3,3,3,3,4,4,2,4,3,4,5,3,4,4,4,4,3,4,4,4,4,4,4,4,88,335,3,3,3,4,4,4,5,3,4,4,4,4,3,4,4,4,4,4,4,4
"336",336,"A344","4828","4",4,2,5,3,4,4,4,2,3,3,4,3,3,3,4,4,2,3,4,4,3,4,4,4,83,336,4,2,3,4,4,2,4,3,3,3,4,4,2,3,4,4,3,4,4,4
"337",337,"A342","4833","3",4,5,4,3,4,5,3,4,3,3,3,3,3,3,5,5,3,3,5,5,4,3,5,5,93,337,4,5,3,4,5,4,3,3,3,3,5,5,3,3,5,5,4,3,5,5
"338",338,"A341","4836","5",5,5,5,5,5,5,5,4,3,4,4,3,4,3,4,4,4,4,5,5,4,4,5,5,104,338,5,5,5,5,5,4,4,3,4,3,4,4,4,4,5,5,4,4,5,5
"339",339,"A347","4829","3",3,5,4,3,4,3,2,4,3,4,4,4,4,2,3,4,3,3,4,4,3,4,4,4,85,339,3,5,3,4,3,4,4,4,4,2,3,4,3,3,4,4,3,4,4,4
"340",340,"A349","4830","3",3,3,3,5,3,3,4,5,4,5,5,4,4,4,5,4,2,4,5,5,3,5,5,5,98,340,3,3,5,3,3,5,5,4,4,4,5,4,2,4,5,5,3,5,5,5
"341",341,"A345","4826","5",5,5,5,4,5,5,3,5,5,5,5,5,5,4,5,5,5,5,5,5,5,5,5,5,116,341,5,5,4,5,5,5,5,5,5,4,5,5,5,5,5,5,5,5,5,5
"342",342,"A346","4838","2",3,4,3,4,4,4,4,4,4,1,2,2,3,1,4,1,2,4,4,4,3,4,4,3,76,342,3,4,4,4,4,4,2,2,3,1,4,1,2,4,4,4,3,4,4,3
"343",343,"A343","4831","4",3,5,5,3,5,4,4,3,5,4,4,4,4,4,5,5,5,5,5,5,4,5,5,5,106,343,3,5,3,5,4,3,4,4,4,4,5,5,5,5,5,5,4,5,5,5
"344",344,"A348","4832","5",5,5,5,5,5,5,5,5,5,4,5,5,5,5,5,5,4,5,5,5,4,5,4,5,116,344,5,5,5,5,5,5,5,5,5,5,5,5,4,5,5,5,4,5,4,5
"345",345,"A351","4850","2",3,4,4,4,4,4,3,3,4,2,3,2,3,4,3,3,2,4,4,4,4,3,4,4,82,345,3,4,4,4,4,3,3,2,3,4,3,3,2,4,4,4,4,3,4,4
"346",346,"A352","4845","4",4,4,4,4,4,4,4,4,5,5,5,4,4,3,4,4,4,5,5,4,5,4,4,5,102,346,4,4,4,4,4,4,5,4,4,3,4,4,4,5,5,4,5,4,4,5
"347",347,"A350","4846","5",4,5,5,3,5,5,4,3,4,4,2,4,4,3,4,4,5,4,5,5,4,5,5,5,101,347,4,5,3,5,5,3,2,4,4,3,4,4,5,4,5,5,4,5,5,5
"348",348,"A356","4841","4",4,3,4,4,4,4,4,4,4,5,5,5,4,5,5,5,5,5,5,5,5,5,5,5,109,348,4,3,4,4,4,4,5,5,4,5,5,5,5,5,5,5,5,5,5,5
"349",349,"A353","4855","3",2,3,4,3,2,4,2,3,5,3,2,1,3,1,5,3,3,4,4,2,3,4,5,4,75,349,2,3,3,2,4,3,2,1,3,1,5,3,3,4,4,2,3,4,5,4
"350",350,"A355","4839","4",2,2,4,3,4,4,3,3,3,3,4,3,3,4,5,4,4,2,4,4,3,4,4,4,83,350,2,2,3,4,4,3,4,3,3,4,5,4,4,2,4,4,3,4,4,4
"351",351,"A354","4848","5",5,5,5,5,5,5,5,4,4,4,4,4,4,3,4,4,4,5,5,5,4,5,5,5,108,351,5,5,5,5,5,4,4,4,4,3,4,4,4,5,5,5,4,5,5,5
"352",352,"A361","4869","5",5,5,5,4,5,5,5,4,5,5,4,5,5,5,4,5,5,5,5,5,5,5,5,5,116,352,5,5,4,5,5,4,4,5,5,5,4,5,5,5,5,5,5,5,5,5
"353",353,"A359","4860","4",4,4,5,4,4,4,4,3,4,3,3,3,4,3,4,4,4,4,4,4,3,4,4,5,92,353,4,4,4,4,4,3,3,3,4,3,4,4,4,4,4,4,3,4,4,5
"354",354,"A363","4862","5",5,5,5,5,5,3,4,3,4,4,4,3,3,4,4,4,4,5,5,5,5,4,5,5,103,354,5,5,5,5,3,3,4,3,3,4,4,4,4,5,5,5,5,4,5,5
"355",355,"A365","4861","4",4,3,3,3,4,3,3,4,5,4,4,4,3,4,4,5,4,4,4,4,4,4,5,5,94,355,4,3,3,4,3,4,4,4,3,4,4,5,4,4,4,4,4,4,5,5
"356",356,"A360","4871","4",4,5,5,5,4,4,3,3,3,3,4,3,4,3,4,4,4,5,4,5,4,4,4,5,96,356,4,5,5,4,4,3,4,3,4,3,4,4,4,5,4,5,4,4,4,5
"357",357,"A362","4874","3",4,3,4,4,4,3,4,4,4,4,3,3,3,4,4,4,4,4,5,5,3,5,5,5,95,357,4,3,4,4,3,4,3,3,3,4,4,4,4,4,5,5,3,5,5,5
"358",358,"A367","4870","4",3,4,4,4,4,4,4,1,3,3,2,3,2,4,4,4,3,3,3,4,3,3,3,4,79,358,3,4,4,4,4,1,2,3,2,4,4,4,3,3,3,4,3,3,3,4
"359",359,"A366","4863","4",5,5,5,3,4,5,5,3,4,3,3,4,4,4,2,4,3,5,4,4,4,4,4,4,95,359,5,5,3,4,5,3,3,4,4,4,2,4,3,5,4,4,4,4,4,4
"360",360,"A364","4868","4",5,5,5,5,5,4,4,5,4,5,5,4,5,5,5,5,5,5,5,5,5,5,5,5,116,360,5,5,5,5,4,5,5,4,5,5,5,5,5,5,5,5,5,5,5,5
"361",361,"A368","4897","4",4,4,4,3,5,4,4,4,4,4,5,4,4,4,5,4,4,3,4,4,4,4,5,4,98,361,4,4,3,5,4,4,5,4,4,4,5,4,4,3,4,4,4,4,5,4
"362",362,"A387","4919","4",5,4,5,5,4,4,5,3,5,3,4,4,3,4,4,4,4,4,5,4,5,5,5,5,103,362,5,4,5,4,4,3,4,4,3,4,4,4,4,4,5,4,5,5,5,5
"363",363,"A383","4908","4",4,4,5,4,5,5,5,3,4,4,5,5,4,4,5,5,4,4,4,5,4,4,5,5,106,363,4,4,4,5,5,3,5,5,4,4,5,5,4,4,4,5,4,4,5,5
"364",364,"A374","4910","4",4,4,5,3,4,5,3,4,5,4,4,4,4,5,5,4,4,3,5,5,4,4,5,5,102,364,4,4,3,4,5,4,4,4,4,5,5,4,4,3,5,5,4,4,5,5
"365",365,"A373","4914","3",3,5,4,4,5,4,4,4,5,5,5,4,5,3,5,5,5,5,5,5,5,5,5,5,110,365,3,5,4,5,4,4,5,4,5,3,5,5,5,5,5,5,5,5,5,5
"366",366,"A392","4880","2",3,5,5,5,5,5,4,3,4,5,4,3,2,2,5,5,5,5,5,5,5,5,5,5,105,366,3,5,5,5,5,3,4,3,2,2,5,5,5,5,5,5,5,5,5,5
"367",367,"A390","4912","5",5,5,5,4,5,4,4,4,4,4,4,3,4,3,3,4,4,4,5,4,4,4,4,4,98,367,5,5,4,5,4,4,4,3,4,3,3,4,4,4,5,4,4,4,4,4
"368",368,"A384","4922","3",5,5,4,4,4,3,4,5,4,4,4,4,4,4,5,4,5,2,5,5,5,4,5,5,103,368,5,5,4,4,3,5,4,4,4,4,5,4,5,2,5,5,5,4,5,5
"369",369,"A385","4878","4",4,5,5,5,5,5,5,4,5,5,5,4,4,4,5,5,5,5,5,5,5,5,5,5,115,369,4,5,5,5,5,4,5,4,4,4,5,5,5,5,5,5,5,5,5,5
"370",370,"A386","4884","5",4,5,4,3,4,4,4,5,4,5,5,5,4,5,5,5,5,5,5,5,5,5,5,5,111,370,4,5,3,4,4,5,5,5,4,5,5,5,5,5,5,5,5,5,5,5
"371",371,"A378","4879","4",5,5,5,3,5,4,4,4,5,5,5,4,4,5,4,5,5,4,5,5,5,5,5,4,110,371,5,5,3,5,4,4,5,4,4,5,4,5,5,4,5,5,5,5,5,4
"372",372,"A379","4885","5",5,5,4,5,5,4,4,3,5,4,4,4,4,5,5,5,5,5,5,5,5,5,5,5,111,372,5,5,5,5,4,3,4,4,4,5,5,5,5,5,5,5,5,5,5,5
"373",373,"A372","4911","5",5,4,4,4,5,5,4,4,5,4,4,5,4,5,5,5,5,4,5,5,5,5,5,5,111,373,5,4,4,5,5,4,4,5,4,5,5,5,5,4,5,5,5,5,5,5
"374",374,"A389","4909","3",4,4,4,4,5,5,4,5,3,5,4,3,4,5,4,3,4,5,4,4,5,4,4,4,100,374,4,4,4,5,5,5,4,3,4,5,4,3,4,5,4,4,5,4,4,4
"375",375,"A382","4900","4",4,5,4,5,4,5,5,4,4,5,4,3,4,3,4,5,4,4,5,5,5,3,5,5,104,375,4,5,5,4,5,4,4,3,4,3,4,5,4,4,5,5,5,3,5,5
"376",376,"A376","4927","4",3,3,4,3,5,4,3,3,5,4,4,5,4,3,4,4,4,4,4,5,4,4,4,4,94,376,3,3,3,5,4,3,4,5,4,3,4,4,4,4,4,5,4,4,4,4
"377",377,"A371","4904","5",5,5,5,4,5,5,5,4,5,5,5,4,4,4,5,5,4,4,5,5,5,4,5,5,112,377,5,5,4,5,5,4,5,4,4,4,5,5,4,4,5,5,5,4,5,5
"378",378,"A377","4906","5",4,5,5,5,5,5,5,4,4,5,5,4,4,4,4,5,5,5,5,5,5,5,4,5,112,378,4,5,5,5,5,4,5,4,4,4,4,5,5,5,5,5,5,5,4,5
"379",379,"A391","4917","4",3,4,4,4,4,4,4,5,5,5,4,4,3,5,4,4,5,4,4,4,5,4,4,4,100,379,3,4,4,4,4,5,4,4,3,5,4,4,5,4,4,4,5,4,4,4
"380",380,"A396","4921","3",3,4,4,5,4,3,4,4,5,5,5,3,4,4,4,4,4,5,5,5,5,5,5,4,103,380,3,4,5,4,3,4,5,3,4,4,4,4,4,5,5,5,5,5,5,4
"381",381,"A397","4902","3",4,4,4,4,3,5,4,4,4,4,4,4,5,2,3,4,3,2,5,5,4,2,5,5,93,381,4,4,4,3,5,4,4,4,5,2,3,4,3,2,5,5,4,2,5,5
"382",382,"A395","4896","5",3,4,4,5,5,4,5,3,5,5,5,4,2,3,5,5,5,5,5,5,5,5,5,5,107,382,3,4,5,5,4,3,5,4,2,3,5,5,5,5,5,5,5,5,5,5
"383",383,"A399","4886","4",3,4,4,5,4,3,4,5,5,4,5,3,4,4,5,5,5,5,5,4,4,5,5,5,105,383,3,4,5,4,3,5,5,3,4,4,5,5,5,5,5,4,4,5,5,5
"384",384,"A381","4903","4",2,4,3,4,3,4,4,5,4,3,5,4,5,4,5,5,4,4,5,4,5,4,5,5,100,384,2,4,4,3,4,5,5,4,5,4,5,5,4,4,5,4,5,4,5,5
"385",385,"A375","4926","3",3,4,3,3,2,3,3,3,4,3,3,2,2,3,3,4,5,5,4,3,4,5,2,2,78,385,3,4,3,2,3,3,3,2,2,3,3,4,5,5,4,3,4,5,2,2
"386",386,"A369","4898","5",5,5,5,5,5,5,5,5,4,4,4,5,5,3,4,3,4,3,5,5,4,3,5,5,106,386,5,5,5,5,5,5,4,5,5,3,4,3,4,3,5,5,4,3,5,5
"387",387,"A398","4888","5",4,5,5,5,5,5,5,5,5,5,4,1,5,1,4,4,5,5,5,5,5,5,5,4,107,387,4,5,5,5,5,5,4,1,5,1,4,4,5,5,5,5,5,5,5,4
"388",388,"A370","4887","4",4,5,4,4,4,4,4,4,5,4,4,5,4,5,4,5,4,5,4,4,4,4,3,4,101,388,4,5,4,4,4,4,4,5,4,5,4,5,4,5,4,4,4,4,3,4
"389",389,"A380","4901","5",5,4,4,4,5,4,4,3,3,4,4,4,4,2,4,5,5,3,5,5,5,5,4,4,99,389,5,4,4,5,4,3,4,4,4,2,4,5,5,3,5,5,5,5,4,4
"390",390,"A400","4920","5",4,5,5,5,5,5,5,5,4,4,4,4,4,3,5,4,5,4,5,5,5,5,5,5,110,390,4,5,5,5,5,5,4,4,4,3,5,4,5,4,5,5,5,5,5,5
"391",391,"A388","4899","4",4,5,5,3,4,4,4,5,4,4,4,4,3,5,5,5,4,4,4,4,5,4,5,4,102,391,4,5,3,4,4,5,4,4,3,5,5,5,4,4,4,4,5,4,5,4
"392",392,"A394","4907","3",4,4,4,4,4,4,3,4,5,4,4,4,3,3,4,4,4,3,4,4,4,4,4,4,93,392,4,4,4,4,4,4,4,4,3,3,4,4,4,3,4,4,4,4,4,4
"393",393,"A393","4913","2",3,5,4,3,4,4,4,4,4,3,3,4,4,5,4,5,4,3,5,4,5,3,4,4,95,393,3,5,3,4,4,4,3,4,4,5,4,5,4,3,5,4,5,3,4,4
"394",394,"A394","4933","4",2,3,4,4,3,3,3,4,4,4,4,4,4,5,5,4,4,4,3,4,5,4,4,4,92,394,2,3,4,3,3,4,4,4,4,5,5,4,4,4,3,4,5,4,4,4
"395",395,"A395","4937","4",3,3,4,5,5,4,4,3,5,3,3,4,3,2,4,4,2,4,4,4,2,4,3,4,86,395,3,3,5,5,4,3,3,4,3,2,4,4,2,4,4,4,2,4,3,4
"396",396,"A396","4950","4",4,3,4,4,3,4,4,3,4,5,4,4,4,5,4,5,5,4,5,5,4,3,5,5,100,396,4,3,4,3,4,3,4,4,4,5,4,5,5,4,5,5,4,3,5,5
"397",397,"A397","4932","5",5,5,5,4,5,4,4,5,5,5,5,4,5,5,4,5,5,5,5,5,5,5,5,5,115,397,5,5,4,5,4,5,5,4,5,5,4,5,5,5,5,5,5,5,5,5
"398",398,"A398","4957","4",4,4,3,4,5,5,4,3,4,4,4,5,4,5,4,5,4,4,5,5,5,4,5,4,103,398,4,4,4,5,5,3,4,5,4,5,4,5,4,4,5,5,5,4,5,4
"399",399,"A399","4930","4",4,4,4,5,4,4,5,4,4,4,4,4,4,4,4,4,4,5,4,4,4,4,4,4,99,399,4,4,5,4,4,4,4,4,4,4,4,4,4,5,4,4,4,4,4,4
"400",400,"A400","4946","3",4,5,5,4,3,4,2,3,5,5,5,5,5,5,4,5,5,4,5,5,4,5,5,5,107,400,4,5,4,3,4,3,5,5,5,5,4,5,5,4,5,5,4,5,5,5
"401",401,"A401","4956","3",4,3,4,3,4,4,3,3,2,5,4,5,4,4,3,4,4,2,5,4,3,4,4,5,90,401,4,3,3,4,4,3,4,5,4,4,3,4,4,2,5,4,3,4,4,5
"402",402,"A402","4954","5",4,5,3,5,4,4,5,4,5,4,4,5,4,4,4,5,5,5,5,4,4,5,5,5,107,402,4,5,5,4,4,4,4,5,4,4,4,5,5,5,5,4,4,5,5,5
"403",403,"A403","4928","4",4,4,4,4,5,5,5,4,4,5,5,4,3,5,4,4,5,5,5,5,5,4,5,5,108,403,4,4,4,5,5,4,5,4,3,5,4,4,5,5,5,5,5,4,5,5
"404",404,"A404","4952","4",5,4,5,3,4,4,4,2,4,5,5,4,5,5,5,5,5,5,5,5,5,5,5,5,109,404,5,4,3,4,4,2,5,4,5,5,5,5,5,5,5,5,5,5,5,5
"405",405,"A405","4947","4",5,4,5,4,4,5,4,3,5,5,5,5,4,5,5,5,5,5,5,5,4,5,5,5,112,405,5,4,4,4,5,3,5,5,4,5,5,5,5,5,5,5,4,5,5,5
"406",406,"A406","4942","4",4,4,4,4,4,4,4,4,4,4,4,3,3,4,5,4,4,4,4,4,4,4,4,4,95,406,4,4,4,4,4,4,4,3,3,4,5,4,4,4,4,4,4,4,4,4
"407",407,"A407","4929","5",4,5,4,4,5,4,4,2,4,3,3,3,5,3,4,4,4,2,4,5,2,3,5,4,90,407,4,5,4,5,4,2,3,3,5,3,4,4,4,2,4,5,2,3,5,4
"408",408,"A408","4948","4",4,5,4,4,4,4,4,3,4,5,4,4,5,4,4,4,4,4,5,5,4,4,5,5,102,408,4,5,4,4,4,3,4,4,5,4,4,4,4,4,5,5,4,4,5,5
"409",409,"A409","4936","4",4,4,4,4,3,4,4,4,4,5,4,4,3,4,4,4,4,4,5,5,5,4,5,4,99,409,4,4,4,3,4,4,4,4,3,4,4,4,4,4,5,5,5,4,5,4
"410",410,"A410","4943","4",4,4,5,4,4,5,4,4,4,5,4,4,3,3,4,5,3,4,5,5,4,4,5,5,101,410,4,4,4,4,5,4,4,4,3,3,4,5,3,4,5,5,4,4,5,5
"411",411,"A411","4941","4",3,5,4,5,5,4,4,3,3,4,3,4,3,2,3,5,4,5,5,5,5,5,5,5,99,411,3,5,5,5,4,3,3,4,3,2,3,5,4,5,5,5,5,5,5,5
"412",412,"A412","4934","5",4,4,5,4,5,5,5,4,5,4,4,4,4,4,4,5,4,5,4,5,5,4,5,5,107,412,4,4,4,5,5,4,4,4,4,4,4,5,4,5,4,5,5,4,5,5
"413",413,"A413","4935","4",4,4,5,4,5,4,5,4,5,5,5,5,4,4,4,5,4,5,5,5,5,5,5,5,111,413,4,4,4,5,4,4,5,5,4,4,4,5,4,5,5,5,5,5,5,5
"414",414,"A414","4931","4",5,5,5,5,3,4,4,2,2,4,4,3,4,1,3,5,5,5,5,4,4,5,5,5,97,414,5,5,5,3,4,2,4,3,4,1,3,5,5,5,5,4,4,5,5,5
"415",415,"A415","4949","4",4,5,4,5,5,4,3,4,4,5,4,4,4,3,4,4,4,4,4,4,4,5,5,4,100,415,4,5,5,5,4,4,4,4,4,3,4,4,4,4,4,4,4,5,5,4
